country,year,iso_code,population,biofuel_electricity,energy_per_capita,gas_electricity
ASEAN (Ember),2000,,,5.87,,164.26
ASEAN (Ember),2001,,,6.46,,190.41
ASEAN (Ember),2002,,,6.62,,208.92
ASEAN (Ember),2003,,,7.45,,226.51
ASEAN (Ember),2004,,,8.4,,244.16
ASEAN (Ember),2005,,,8.8,,253.3
ASEAN (Ember),2006,,,8.53,,262.67
ASEAN (Ember),2007,,,10.25,,274.02
ASEAN (Ember),2008,,,10.55,,293.09
ASEAN (Ember),2009,,,10.88,,308.82
ASEAN (Ember),2010,,,13.7,,327.23
ASEAN (Ember),2011,,,15.54,,305.08
ASEAN (Ember),2012,,,16.77,,335.14
ASEAN (Ember),2013,,,18.03,,360.16
ASEAN (Ember),2014,,,18.43,,373.23
ASEAN (Ember),2015,,,19.97,,377.93
ASEAN (Ember),2016,,,22.07,,379.77
ASEAN (Ember),2017,,,24.43,,362.07
ASEAN (Ember),2018,,,28.52,,361.94
ASEAN (Ember),2019,,,29.01,,383.54
ASEAN (Ember),2020,,,29.04,,335.29
ASEAN (Ember),2021,,,32.95,,340.83
ASEAN (Ember),2022,,,39.39,,355.25
ASEAN (Ember),2023,,,42.03,,374.11
ASEAN (Ember),2024,,,41.51,,389.06
Afghanistan,1900,AFG,4707744,,,
Afghanistan,1901,AFG,4751177,,,
Afghanistan,1902,AFG,4802500,,,
Afghanistan,1903,AFG,4861833,,,
Afghanistan,1904,AFG,4921891,,,
Afghanistan,1905,AFG,4982681,,,
Afghanistan,1906,AFG,5044212,,,
Afghanistan,1907,AFG,5106495,,,
Afghanistan,1908,AFG,5169536,,,
Afghanistan,1909,AFG,5300178,,,
Afghanistan,1910,AFG,5504191,,,
Afghanistan,1911,AFG,5787792,,,
Afghanistan,1912,AFG,6157669,,,
Afghanistan,1913,AFG,6621025,,,
Afghanistan,1914,AFG,7119235,,,
Afghanistan,1915,AFG,7654918,,,
Afghanistan,1916,AFG,8230894,,,
Afghanistan,1917,AFG,8850190,,,
Afghanistan,1918,AFG,9529174,,,
Afghanistan,1919,AFG,9976355,,,
Afghanistan,1920,AFG,10188845,,,
Afghanistan,1921,AFG,10162753,,,
Afghanistan,1922,AFG,9893152,,,
Afghanistan,1923,AFG,9374030,,,
Afghanistan,1924,AFG,8882148,,,
Afghanistan,1925,AFG,8416077,,,
Afghanistan,1926,AFG,7974462,,,
Afghanistan,1927,AFG,7556019,,,
Afghanistan,1928,AFG,7159534,,,
Afghanistan,1929,AFG,6851115,,,
Afghanistan,1930,AFG,6626142,,,
Afghanistan,1931,AFG,6480237,,,
Afghanistan,1932,AFG,6409250,,,
Afghanistan,1933,AFG,6409250,,,
Afghanistan,1934,AFG,6409250,,,
Afghanistan,1935,AFG,6409250,,,
Afghanistan,1936,AFG,6409250,,,
Afghanistan,1937,AFG,6409250,,,
Afghanistan,1938,AFG,6409250,,,
Afghanistan,1939,AFG,6428903,,,
Afghanistan,1940,AFG,6468510,,,
Afghanistan,1941,AFG,6528377,,,
Afghanistan,1942,AFG,6608815,,,
Afghanistan,1943,AFG,6710138,,,
Afghanistan,1944,AFG,6813016,,,
Afghanistan,1945,AFG,6917471,,,
Afghanistan,1946,AFG,7023527,,,
Afghanistan,1947,AFG,7131209,,,
Afghanistan,1948,AFG,7240542,,,
Afghanistan,1949,AFG,7356890,,,
Afghanistan,1950,AFG,7776180,,,
Afghanistan,1951,AFG,7879343,,,
Afghanistan,1952,AFG,7987784,,,
Afghanistan,1953,AFG,8096703,,,
Afghanistan,1954,AFG,8207954,,,
Afghanistan,1955,AFG,8326981,,,
Afghanistan,1956,AFG,8454303,,,
Afghanistan,1957,AFG,8588340,,,
Afghanistan,1958,AFG,8723412,,,
Afghanistan,1959,AFG,8869270,,,
Afghanistan,1960,AFG,9035048,,,
Afghanistan,1961,AFG,9214082,,,
Afghanistan,1962,AFG,9404410,,,
Afghanistan,1963,AFG,9604491,,,
Afghanistan,1964,AFG,9814317,,,
Afghanistan,1965,AFG,10036003,,,
Afghanistan,1966,AFG,10266397,,,
Afghanistan,1967,AFG,10505961,,,
Afghanistan,1968,AFG,10756924,,,
Afghanistan,1969,AFG,11017417,,,
Afghanistan,1970,AFG,11290134,,,
Afghanistan,1971,AFG,11567672,,,
Afghanistan,1972,AFG,11853698,,,
Afghanistan,1973,AFG,12158000,,,
Afghanistan,1974,AFG,12469127,,,
Afghanistan,1975,AFG,12773966,,,
Afghanistan,1976,AFG,13059861,,,
Afghanistan,1977,AFG,13340758,,,
Afghanistan,1978,AFG,13611444,,,
Afghanistan,1979,AFG,13655575,,,
Afghanistan,1980,AFG,13169313,,481.209,
Afghanistan,1981,AFG,11937586,,610.639,
Afghanistan,1982,AFG,10991380,,717.766,
Afghanistan,1983,AFG,10917985,,905.127,
Afghanistan,1984,AFG,11190222,,887.371,
Afghanistan,1985,AFG,11426855,,842.731,
Afghanistan,1986,AFG,11420074,,875,
Afghanistan,1987,AFG,11387822,,1486.687,
Afghanistan,1988,AFG,11523299,,2697.882,
Afghanistan,1989,AFG,11874089,,2569.342,
Afghanistan,1990,AFG,12045664,,2506.867,
Afghanistan,1991,AFG,12238879,,1021.075,
Afghanistan,1992,AFG,13278983,,618.055,
Afghanistan,1993,AFG,14943175,,545.758,
Afghanistan,1994,AFG,16250800,,484.346,
Afghanistan,1995,AFG,17065837,,386.49,
Afghanistan,1996,AFG,17763266,,368.899,
Afghanistan,1997,AFG,18452100,,341.218,
Afghanistan,1998,AFG,19159996,,321.278,
Afghanistan,1999,AFG,19887792,,309.214,
Afghanistan,2000,AFG,20130334,0,262.68,0
Afghanistan,2001,AFG,20284303,0,179.892,0
Afghanistan,2002,AFG,21378123,0,155.695,0
Afghanistan,2003,AFG,22733053,0,174.558,0
Afghanistan,2004,AFG,23560656,0,157.758,0
Afghanistan,2005,AFG,24404575,0,205.468,0
Afghanistan,2006,AFG,25424100,0,256.867,0
Afghanistan,2007,AFG,25909852,0,299.434,0
Afghanistan,2008,AFG,26482631,0,567.922,0
Afghanistan,2009,AFG,27466102,0,919.612,0
Afghanistan,2010,AFG,28284088,0,1139.987,0
Afghanistan,2011,AFG,29347708,0,1410.376,0
Afghanistan,2012,AFG,30560036,0,1276.868,0
Afghanistan,2013,AFG,31622709,0,1007.797,0
Afghanistan,2014,AFG,32792528,0,812.082,0
Afghanistan,2015,AFG,33831767,0,914.925,0
Afghanistan,2016,AFG,34700613,0,809.074,0
Afghanistan,2017,AFG,35688941,0,1023.214,0
Afghanistan,2018,AFG,36743040,0,1265.342,0
Afghanistan,2019,AFG,37856125,0,1244.489,0
Afghanistan,2020,AFG,39068977,0,1200.742,0
Afghanistan,2021,AFG,40000410,0,1189.22,0
Afghanistan,2022,AFG,40578847,0,1111.573,0
Afghanistan,2023,AFG,41454762,0,990.47,0
Africa,1900,,138755559,,,
Africa,1901,,139195205,,,
Africa,1902,,139666271,,,
Africa,1903,,140170120,,,
Africa,1904,,140688001,,,
Africa,1905,,141220048,,,
Africa,1906,,141766391,,,
Africa,1907,,142327180,,,
Africa,1908,,142902543,,,
Africa,1909,,143483346,,,
Africa,1910,,144068383,,,
Africa,1911,,144655670,,,
Africa,1912,,145245400,,,
Africa,1913,,145835662,,,
Africa,1914,,146434524,,,
Africa,1915,,147042086,,,
Africa,1916,,147658424,,,
Africa,1917,,148283643,,,
Africa,1918,,148892208,,,
Africa,1919,,149751440,,,
Africa,1920,,150865200,,,
Africa,1921,,152239781,,,
Africa,1922,,153876862,,,
Africa,1923,,155780482,,,
Africa,1924,,157712366,,,
Africa,1925,,159672951,,,
Africa,1926,,161662674,,,
Africa,1927,,163681990,,,
Africa,1928,,165731367,,,
Africa,1929,,167813287,,,
Africa,1930,,169928217,,,
Africa,1931,,172076932,,,
Africa,1932,,174259628,,,
Africa,1933,,176476818,,,
Africa,1934,,178726971,,,
Africa,1935,,181010603,,,
Africa,1936,,183328236,,,
Africa,1937,,185680386,,,
Africa,1938,,188067589,,,
Africa,1939,,190609541,,,
Africa,1940,,193310936,,,
Africa,1941,,196179605,,,
Africa,1942,,199217448,,,
Africa,1943,,202429522,,,
Africa,1944,,205701844,,,
Africa,1945,,209035596,,,
Africa,1946,,212431972,,,
Africa,1947,,215892204,,,
Africa,1948,,219417536,,,
Africa,1949,,223283534,,,
Africa,1950,,227776845,,,
Africa,1951,,232557376,,,
Africa,1952,,237539914,,,
Africa,1953,,242685418,,,
Africa,1954,,248006207,,,
Africa,1955,,253538237,,,
Africa,1956,,259271772,,,
Africa,1957,,265129067,,,
Africa,1958,,271042101,,,
Africa,1959,,277271953,,,
Africa,1960,,283922302,,,
Africa,1961,,290814091,,,
Africa,1962,,297959978,,,
Africa,1963,,305371377,,,
Africa,1964,,313060736,,,
Africa,1965,,321013552,,2228.129,
Africa,1966,,329252363,,2275.3,
Africa,1967,,337851076,,2240.699,
Africa,1968,,346800979,,2306.228,
Africa,1969,,356032564,,2308.462,
Africa,1970,,365552202,,2440.953,
Africa,1971,,375326477,,2534.027,
Africa,1972,,385312230,,2611.205,
Africa,1973,,395821980,,2757.139,
Africa,1974,,406870352,,2818.413,
Africa,1975,,418433496,,2904.66,
Africa,1976,,430496968,,3060.664,
Africa,1977,,442660483,,3138.429,
Africa,1978,,455539241,,3168.695,
Africa,1979,,469198441,,3353.634,
Africa,1980,,483051700,,3504.692,
Africa,1981,,497620995,,3820.445,
Africa,1982,,512958828,,3953.143,
Africa,1983,,528232702,,3943.847,
Africa,1984,,543638096,,3945.371,
Africa,1985,,559664038,,3987.855,27.927
Africa,1986,,575967268,,3953,28.349
Africa,1987,,592601295,,3972.37,31.584
Africa,1988,,609387685,,4135.509,34.009
Africa,1989,,626359188,,4030.005,36.939
Africa,1990,,643775322,,4054.739,42.646
Africa,1991,,661103795,,3941.51,45.611
Africa,1992,,678558071,,3894.616,50.544
Africa,1993,,696621732,,3805.369,55.133
Africa,1994,,714502673,,3835.58,62.102
Africa,1995,,732695472,,3889.212,66.314
Africa,1996,,751473736,,3890.403,69.992
Africa,1997,,770384697,,3874.855,75.844
Africa,1998,,789981693,,3833.901,77.33
Africa,1999,,810079831,,3853.642,86.09
Africa,2000,,830582806,2.04,3848.599,91.85
Africa,2001,,851690326,2.1,3896.205,100.98
Africa,2002,,873411364,2.58,3848.341,115.96
Africa,2003,,895734468,2.53,3921.693,124
Africa,2004,,918778465,2.66,4157.041,141.06
Africa,2005,,942546629,2.66,4018.599,151.33
Africa,2006,,966932351,3.47,4003.858,164.28
Africa,2007,,992055819,2.89,4044.925,174.67
Africa,2008,,1018065511,3.02,4183.31,184.14
Africa,2009,,1044777728,2.92,4130.701,188.21
Africa,2010,,1072216734,3,4159.784,218.9
Africa,2011,,1100148896,2.72,4116.969,236.84
Africa,2012,,1128843700,2.89,4193.739,263.81
Africa,2013,,1158780556,3.05,4218.367,267.72
Africa,2014,,1189220572,2.95,4246.043,277.42
Africa,2015,,1220075726,3.14,4231.839,289.11
Africa,2016,,1251208653,3.44,4220.593,309.09
Africa,2017,,1282902297,3.54,4244.05,324.7
Africa,2018,,1315409974,3.14,4204.448,345.95
Africa,2019,,1348005692,3.21,4214.992,361.87
Africa,2020,,1380821349,2.95,3919.844,358.24
Africa,2021,,1413753274,3.03,4152.333,387.33
Africa,2022,,1446883821,3.05,4115.503,393.98
Africa,2023,,1480770747,2.35,4085.907,402.99
Africa,2024,,1515141052,,4052.182,
Africa (EI),1965,,,,,
Africa (EI),1966,,,,,
Africa (EI),1967,,,,,
Africa (EI),1968,,,,,
Africa (EI),1969,,,,,
Africa (EI),1970,,,,,
Africa (EI),1971,,,,,
Africa (EI),1972,,,,,
Africa (EI),1973,,,,,
Africa (EI),1974,,,,,
Africa (EI),1975,,,,,
Africa (EI),1976,,,,,
Africa (EI),1977,,,,,
Africa (EI),1978,,,,,
Africa (EI),1979,,,,,
Africa (EI),1980,,,,,
Africa (EI),1981,,,,,
Africa (EI),1982,,,,,
Africa (EI),1983,,,,,
Africa (EI),1984,,,,,
Africa (EI),1985,,,,,27.927
Africa (EI),1986,,,,,28.349
Africa (EI),1987,,,,,31.584
Africa (EI),1988,,,,,34.009
Africa (EI),1989,,,,,36.939
Africa (EI),1990,,,,,42.646
Africa (EI),1991,,,,,45.611
Africa (EI),1992,,,,,50.544
Africa (EI),1993,,,,,55.133
Africa (EI),1994,,,,,62.102
Africa (EI),1995,,,,,66.314
Africa (EI),1996,,,,,69.992
Africa (EI),1997,,,,,75.844
Africa (EI),1998,,,,,77.33
Africa (EI),1999,,,,,86.09
Africa (EI),2000,,,,,91.843
Africa (EI),2001,,,,,100.978
Africa (EI),2002,,,,,115.956
Africa (EI),2003,,,,,123.986
Africa (EI),2004,,,,,141.145
Africa (EI),2005,,,,,151.726
Africa (EI),2006,,,,,164.538
Africa (EI),2007,,,,,174.979
Africa (EI),2008,,,,,184.687
Africa (EI),2009,,,,,192.549
Africa (EI),2010,,,,,218.91
Africa (EI),2011,,,,,236.516
Africa (EI),2012,,,,,261.49
Africa (EI),2013,,,,,268.453
Africa (EI),2014,,,,,277.114
Africa (EI),2015,,,,,288.234
Africa (EI),2016,,,,,303.157
Africa (EI),2017,,,,,327.435
Africa (EI),2018,,,,,343.153
Africa (EI),2019,,,,,358.867
Africa (EI),2020,,,,,353.279
Africa (EI),2021,,,,,382.35
Africa (EI),2022,,,,,388.806
Africa (EI),2023,,,,,395.409
Africa (EI),2024,,,,,412.227
Africa (EIA),1980,,,,,
Africa (EIA),1981,,,,,
Africa (EIA),1982,,,,,
Africa (EIA),1983,,,,,
Africa (EIA),1984,,,,,
Africa (EIA),1985,,,,,
Africa (EIA),1986,,,,,
Africa (EIA),1987,,,,,
Africa (EIA),1988,,,,,
Africa (EIA),1989,,,,,
Africa (EIA),1990,,,,,
Africa (EIA),1991,,,,,
Africa (EIA),1992,,,,,
Africa (EIA),1993,,,,,
Africa (EIA),1994,,,,,
Africa (EIA),1995,,,,,
Africa (EIA),1996,,,,,
Africa (EIA),1997,,,,,
Africa (EIA),1998,,,,,
Africa (EIA),1999,,,,,
Africa (EIA),2000,,,,,
Africa (EIA),2001,,,,,
Africa (EIA),2002,,,,,
Africa (EIA),2003,,,,,
Africa (EIA),2004,,,,,
Africa (EIA),2005,,,,,
Africa (EIA),2006,,,,,
Africa (EIA),2007,,,,,
Africa (EIA),2008,,,,,
Africa (EIA),2009,,,,,
Africa (EIA),2010,,,,,
Africa (EIA),2011,,,,,
Africa (EIA),2012,,,,,
Africa (EIA),2013,,,,,
Africa (EIA),2014,,,,,
Africa (EIA),2015,,,,,
Africa (EIA),2016,,,,,
Africa (EIA),2017,,,,,
Africa (EIA),2018,,,,,
Africa (EIA),2019,,,,,
Africa (EIA),2020,,,,,
Africa (EIA),2021,,,,,
Africa (EIA),2022,,,,,
Africa (EIA),2023,,,,,
Africa (Ember),2000,,,2.04,,91.85
Africa (Ember),2001,,,2.1,,100.98
Africa (Ember),2002,,,2.58,,115.96
Africa (Ember),2003,,,2.53,,124
Africa (Ember),2004,,,2.66,,141.06
Africa (Ember),2005,,,2.66,,151.33
Africa (Ember),2006,,,3.47,,164.28
Africa (Ember),2007,,,2.89,,174.67
Africa (Ember),2008,,,3.02,,184.14
Africa (Ember),2009,,,2.92,,188.21
Africa (Ember),2010,,,3,,218.9
Africa (Ember),2011,,,2.72,,236.84
Africa (Ember),2012,,,2.89,,263.81
Africa (Ember),2013,,,3.05,,267.72
Africa (Ember),2014,,,2.95,,277.42
Africa (Ember),2015,,,3.14,,289.11
Africa (Ember),2016,,,3.44,,309.09
Africa (Ember),2017,,,3.54,,324.7
Africa (Ember),2018,,,3.14,,345.95
Africa (Ember),2019,,,3.21,,361.87
Africa (Ember),2020,,,2.95,,358.24
Africa (Ember),2021,,,3.03,,387.33
Africa (Ember),2022,,,3.05,,393.98
Africa (Ember),2023,,,3.13,,402.99
Africa (Ember),2024,,,4.41,,420.48
Africa (Shift),1900,,,,,
Africa (Shift),1901,,,,,
Africa (Shift),1902,,,,,
Africa (Shift),1903,,,,,
Africa (Shift),1904,,,,,
Africa (Shift),1905,,,,,
Africa (Shift),1906,,,,,
Africa (Shift),1907,,,,,
Africa (Shift),1908,,,,,
Africa (Shift),1909,,,,,
Africa (Shift),1910,,,,,
Africa (Shift),1911,,,,,
Africa (Shift),1912,,,,,
Africa (Shift),1913,,,,,
Africa (Shift),1914,,,,,
Africa (Shift),1915,,,,,
Africa (Shift),1916,,,,,
Africa (Shift),1917,,,,,
Africa (Shift),1918,,,,,
Africa (Shift),1919,,,,,
Africa (Shift),1920,,,,,
Africa (Shift),1921,,,,,
Africa (Shift),1922,,,,,
Africa (Shift),1923,,,,,
Africa (Shift),1924,,,,,
Africa (Shift),1925,,,,,
Africa (Shift),1926,,,,,
Africa (Shift),1927,,,,,
Africa (Shift),1928,,,,,
Africa (Shift),1929,,,,,
Africa (Shift),1930,,,,,
Africa (Shift),1931,,,,,
Africa (Shift),1932,,,,,
Africa (Shift),1933,,,,,
Africa (Shift),1934,,,,,
Africa (Shift),1935,,,,,
Africa (Shift),1936,,,,,
Africa (Shift),1937,,,,,
Africa (Shift),1938,,,,,
Africa (Shift),1939,,,,,
Africa (Shift),1940,,,,,
Africa (Shift),1941,,,,,
Africa (Shift),1942,,,,,
Africa (Shift),1943,,,,,
Africa (Shift),1944,,,,,
Africa (Shift),1945,,,,,
Africa (Shift),1946,,,,,
Africa (Shift),1947,,,,,
Africa (Shift),1948,,,,,
Africa (Shift),1949,,,,,
Africa (Shift),1950,,,,,
Africa (Shift),1951,,,,,
Africa (Shift),1952,,,,,
Africa (Shift),1953,,,,,
Africa (Shift),1954,,,,,
Africa (Shift),1955,,,,,
Africa (Shift),1956,,,,,
Africa (Shift),1957,,,,,
Africa (Shift),1958,,,,,
Africa (Shift),1959,,,,,
Africa (Shift),1960,,,,,
Africa (Shift),1961,,,,,
Africa (Shift),1962,,,,,
Africa (Shift),1963,,,,,
Africa (Shift),1964,,,,,
Africa (Shift),1965,,,,,
Africa (Shift),1966,,,,,
Africa (Shift),1967,,,,,
Africa (Shift),1968,,,,,
Africa (Shift),1969,,,,,
Africa (Shift),1970,,,,,
Africa (Shift),1971,,,,,
Africa (Shift),1972,,,,,
Africa (Shift),1973,,,,,
Africa (Shift),1974,,,,,
Africa (Shift),1975,,,,,
Africa (Shift),1976,,,,,
Africa (Shift),1977,,,,,
Africa (Shift),1978,,,,,
Africa (Shift),1979,,,,,
Africa (Shift),1980,,,,,
Africa (Shift),1981,,,,,
Africa (Shift),1982,,,,,
Africa (Shift),1983,,,,,
Africa (Shift),1984,,,,,
Africa (Shift),1985,,,,,
Africa (Shift),1986,,,,,
Africa (Shift),1987,,,,,
Africa (Shift),1988,,,,,
Africa (Shift),1989,,,,,
Africa (Shift),1990,,,,,
Africa (Shift),1991,,,,,
Africa (Shift),1992,,,,,
Africa (Shift),1993,,,,,
Africa (Shift),1994,,,,,
Africa (Shift),1995,,,,,
Africa (Shift),1996,,,,,
Africa (Shift),1997,,,,,
Africa (Shift),1998,,,,,
Africa (Shift),1999,,,,,
Africa (Shift),2000,,,,,
Africa (Shift),2001,,,,,
Africa (Shift),2002,,,,,
Africa (Shift),2003,,,,,
Africa (Shift),2004,,,,,
Africa (Shift),2005,,,,,
Africa (Shift),2006,,,,,
Africa (Shift),2007,,,,,
Africa (Shift),2008,,,,,
Africa (Shift),2009,,,,,
Africa (Shift),2010,,,,,
Africa (Shift),2011,,,,,
Africa (Shift),2012,,,,,
Africa (Shift),2013,,,,,
Africa (Shift),2014,,,,,
Africa (Shift),2015,,,,,
Africa (Shift),2016,,,,,
Albania,1900,ALB,805974,,,
Albania,1901,ALB,813539,,,
Albania,1902,ALB,821036,,,
Albania,1903,ALB,828461,,,
Albania,1904,ALB,835954,,,
Albania,1905,ALB,843514,,,
Albania,1906,ALB,851143,,,
Albania,1907,ALB,858841,,,
Albania,1908,ALB,866609,,,
Albania,1909,ALB,874016,,,
Albania,1910,ALB,881057,,,
Albania,1911,ALB,887724,,,
Albania,1912,ALB,894013,,,
Albania,1913,ALB,899917,,,
Albania,1914,ALB,905859,,,
Albania,1915,ALB,911841,,,
Albania,1916,ALB,917862,,,
Albania,1917,ALB,923923,,,
Albania,1918,ALB,929879,,,
Albania,1919,ALB,935646,,,
Albania,1920,ALB,941221,,,
Albania,1921,ALB,946603,,,
Albania,1922,ALB,951788,,,
Albania,1923,ALB,956775,,,
Albania,1924,ALB,961788,,,
Albania,1925,ALB,966828,,,
Albania,1926,ALB,971893,,,
Albania,1927,ALB,976986,,,
Albania,1928,ALB,982104,,,
Albania,1929,ALB,988255,,,
Albania,1930,ALB,995454,,,
Albania,1931,ALB,1003716,,,
Albania,1932,ALB,1013057,,,
Albania,1933,ALB,1023495,,,
Albania,1934,ALB,1034040,,,
Albania,1935,ALB,1044694,,,
Albania,1936,ALB,1055458,,,
Albania,1937,ALB,1066333,,,
Albania,1938,ALB,1077319,,,
Albania,1939,ALB,1088816,,,
Albania,1940,ALB,1100833,,,
Albania,1941,ALB,1113381,,,
Albania,1942,ALB,1126469,,,
Albania,1943,ALB,1140109,,,
Albania,1944,ALB,1153914,,,
Albania,1945,ALB,1167887,,,
Albania,1946,ALB,1182028,,,
Albania,1947,ALB,1196341,,,
Albania,1948,ALB,1210827,,,
Albania,1949,ALB,1229519,,,
Albania,1950,ALB,1247854,,,
Albania,1951,ALB,1276365,,,
Albania,1952,ALB,1308368,,,
Albania,1953,ALB,1343581,,,
Albania,1954,ALB,1381088,,,
Albania,1955,ALB,1418855,,,
Albania,1956,ALB,1456823,,,
Albania,1957,ALB,1497954,,,
Albania,1958,ALB,1543982,,,
Albania,1959,ALB,1595021,,,
Albania,1960,ALB,1649393,,,
Albania,1961,ALB,1698801,,,
Albania,1962,ALB,1743739,,,
Albania,1963,ALB,1791289,,,
Albania,1964,ALB,1841445,,,
Albania,1965,ALB,1894317,,,
Albania,1966,ALB,1950049,,,
Albania,1967,ALB,2008524,,,
Albania,1968,ALB,2068848,,,
Albania,1969,ALB,2126885,,,
Albania,1970,ALB,2181226,,,
Albania,1971,ALB,2234995,,,
Albania,1972,ALB,2289265,,,
Albania,1973,ALB,2344108,,,
Albania,1974,ALB,2399397,,,
Albania,1975,ALB,2454861,,,
Albania,1976,ALB,2510579,,,
Albania,1977,ALB,2566603,,,
Albania,1978,ALB,2624620,,,
Albania,1979,ALB,2681393,,,
Albania,1980,ALB,2735424,,15280.113,
Albania,1981,ALB,2790413,,14787.413,
Albania,1982,ALB,2846910,,14521.8,
Albania,1983,ALB,2905128,,14811.815,
Albania,1984,ALB,2964961,,14592.307,
Albania,1985,ALB,3026245,,14210.347,
Albania,1986,ALB,3087658,,13516.784,
Albania,1987,ALB,3148843,,12914.778,
Albania,1988,ALB,3212924,,13037.287,
Albania,1989,ALB,3260369,,11985.987,
Albania,1990,ALB,3277965,,8505.582,
Albania,1991,ALB,3282608,,6415.621,
Albania,1992,ALB,3282506,,5544.973,
Albania,1993,ALB,3277831,,4578.229,
Albania,1994,ALB,3269417,,3980.571,
Albania,1995,ALB,3258573,,4391.918,
Albania,1996,ALB,3245680,,4159.798,
Albania,1997,ALB,3229665,,4001.062,
Albania,1998,ALB,3210134,,4636.601,
Albania,1999,ALB,3188598,,3659.295,
Albania,2000,ALB,3166147,0,6216.746,0
Albania,2001,ALB,3147943,0,6383.707,0
Albania,2002,ALB,3134095,0,7213.592,0
Albania,2003,ALB,3118093,0,7441.479,0
Albania,2004,ALB,3098662,0,8072.544,0
Albania,2005,ALB,3076156,0,8044.378,0
Albania,2006,ALB,3050805,0,7711.403,0
Albania,2007,ALB,3022887,0,7655.497,0
Albania,2008,ALB,2992933,0,7983.493,0
Albania,2009,ALB,2961487,0,8136.838,0
Albania,2010,ALB,2928731,0,7582.633,0
Albania,2011,ALB,2911499,0,8232.201,0
Albania,2012,ALB,2910003,0,7727.736,0
Albania,2013,ALB,2907571,0,9065.398,0
Albania,2014,ALB,2903748,0,8866.902,0
Albania,2015,ALB,2898634,0,8292.746,0
Albania,2016,ALB,2897868,0,9234.724,0
Albania,2017,ALB,2898245,0,10106.212,0
Albania,2018,ALB,2894229,0,9672.062,0
Albania,2019,ALB,2885011,0,8630.006,0
Albania,2020,ALB,2871950,0,7352.821,0
Albania,2021,ALB,2849641,0,8944.888,0
Albania,2022,ALB,2827614,0,9147.205,0
Albania,2023,ALB,2811660,0,8032.07,0
Algeria,1900,DZA,4721802,,,
Algeria,1901,DZA,4787149,,,
Algeria,1902,DZA,4859600,,,
Algeria,1903,DZA,4939332,,,
Algeria,1904,DZA,5020372,,,
Algeria,1905,DZA,5102742,,,
Algeria,1906,DZA,5186463,,,
Algeria,1907,DZA,5271557,,,
Algeria,1908,DZA,5358048,,,
Algeria,1909,DZA,5433528,,,
Algeria,1910,DZA,5497750,,,
Algeria,1911,DZA,5550464,,,
Algeria,1912,DZA,5591415,,,
Algeria,1913,DZA,5620343,,,
Algeria,1914,DZA,5649420,,,
Algeria,1915,DZA,5678648,,,
Algeria,1916,DZA,5708027,,,
Algeria,1917,DZA,5737558,,,
Algeria,1918,DZA,5766569,,,
Algeria,1919,DZA,5802743,,,
Algeria,1920,DZA,5846192,,,
Algeria,1921,DZA,5897033,,,
Algeria,1922,DZA,5955381,,,
Algeria,1923,DZA,6021355,,,
Algeria,1924,DZA,6088060,,,
Algeria,1925,DZA,6155505,,,
Algeria,1926,DZA,6223696,,,
Algeria,1927,DZA,6292643,,,
Algeria,1928,DZA,6362353,,,
Algeria,1929,DZA,6441431,,,
Algeria,1930,DZA,6530132,,,
Algeria,1931,DZA,6628718,,,
Algeria,1932,DZA,6737455,,,
Algeria,1933,DZA,6856617,,,
Algeria,1934,DZA,6977885,,,
Algeria,1935,DZA,7101299,,,
Algeria,1936,DZA,7226895,,,
Algeria,1937,DZA,7354713,,,
Algeria,1938,DZA,7484792,,,
Algeria,1939,DZA,7613042,,,
Algeria,1940,DZA,7739370,,,
Algeria,1941,DZA,7863680,,,
Algeria,1942,DZA,7985870,,,
Algeria,1943,DZA,8105839,,,
Algeria,1944,DZA,8227611,,,
Algeria,1945,DZA,8351211,,,
Algeria,1946,DZA,8476669,,,
Algeria,1947,DZA,8604011,,,
Algeria,1948,DZA,8733267,,,
Algeria,1949,DZA,8871792,,,
Algeria,1950,DZA,9018423,,,
Algeria,1951,DZA,9269870,,,
Algeria,1952,DZA,9521212,,,
Algeria,1953,DZA,9772644,,,
Algeria,1954,DZA,10014393,,,
Algeria,1955,DZA,10247429,,,
Algeria,1956,DZA,10482183,,,
Algeria,1957,DZA,10717503,,,
Algeria,1958,DZA,10953641,,,
Algeria,1959,DZA,11189621,,,
Algeria,1960,DZA,11424930,,,
Algeria,1961,DZA,11628877,,,
Algeria,1962,DZA,11800768,,,
Algeria,1963,DZA,11982121,,,
Algeria,1964,DZA,12179807,,,
Algeria,1965,DZA,12365979,,2008.143,
Algeria,1966,DZA,12590068,,2369.529,
Algeria,1967,DZA,12876115,,2193.783,
Algeria,1968,DZA,13172615,,2303.642,
Algeria,1969,DZA,13475959,,2488.817,
Algeria,1970,DZA,13783722,,2666.834,
Algeria,1971,DZA,14098937,,2818.145,
Algeria,1972,DZA,14427075,,3094.726,
Algeria,1973,DZA,14771150,,3605.046,
Algeria,1974,DZA,15133508,,3892.616,
Algeria,1975,DZA,15678603,,4488.262,
Algeria,1976,DZA,16409171,,5003.428,
Algeria,1977,DZA,17015988,,5301.638,
Algeria,1978,DZA,17506977,,6475.217,
Algeria,1979,DZA,18036655,,8235.463,
Algeria,1980,DZA,18607175,,9520.142,
Algeria,1981,DZA,19220708,,11195.538,
Algeria,1982,DZA,19872353,,12485.292,
Algeria,1983,DZA,20558120,,13180.519,
Algeria,1984,DZA,21271969,,12231.881,
Algeria,1985,DZA,22008542,,11917.944,
Algeria,1986,DZA,22745501,,12199.799,
Algeria,1987,DZA,23443627,,12163.992,
Algeria,1988,DZA,24109538,,12668.091,
Algeria,1989,DZA,24754488,,12000.583,
Algeria,1990,DZA,25375815,,12412.359,
Algeria,1991,DZA,25987937,,12009.229,
Algeria,1992,DZA,26628570,,12025.688,
Algeria,1993,DZA,27277042,,10924.754,
Algeria,1994,DZA,27887277,,10826.482,
Algeria,1995,DZA,28470194,,10999.042,
Algeria,1996,DZA,29033045,,10674.896,
Algeria,1997,DZA,29579299,,10069.873,
Algeria,1998,DZA,30054135,,10259.786,
Algeria,1999,DZA,30474360,,10219.548,
Algeria,2000,DZA,30903894,0,9705.756,24.58
Algeria,2001,DZA,31331226,0,9920.229,25.78
Algeria,2002,DZA,31750832,0,10139.907,26.99
Algeria,2003,DZA,32175813,0,10471.285,28.62
Algeria,2004,DZA,32628286,0,10720.079,30.31
Algeria,2005,DZA,33109258,0,11062.512,32.64
Algeria,2006,DZA,33623505,0,11278.422,34.26
Algeria,2007,DZA,34189420,0,11688.989,36.18
Algeria,2008,DZA,34816963,0,12165.246,39.16
Algeria,2009,DZA,35490442,0,12647.33,37.59
Algeria,2010,DZA,36188237,0,12130.873,44.6
Algeria,2011,DZA,36903374,0,12586.607,49.65
Algeria,2012,DZA,37646165,0,13485.354,55.72
Algeria,2013,DZA,38414176,0,13978.61,58.66
Algeria,2014,DZA,39205035,0,14937.195,63.35
Algeria,2015,DZA,40019528,0,15430.422,67.67
Algeria,2016,DZA,40850719,0,15103.672,69.69
Algeria,2017,DZA,41689302,0,14962.943,75.06
Algeria,2018,DZA,42505033,0,15753.894,75.5
Algeria,2019,DZA,43294551,0,16037.789,80.36
Algeria,2020,DZA,44042094,0,14733.604,78.13
Algeria,2021,DZA,44761099,0,15808.98,84.42
Algeria,2022,DZA,45477391,0,16145.337,90.22
Algeria,2023,DZA,46164222,0,16994.377,95
Algeria,2024,DZA,46814302,,16237.188,
American Samoa,1980,ASM,32427,,53261.195,
American Samoa,1981,ASM,33606,,60404.395,
American Samoa,1982,ASM,34937,,80992.281,
American Samoa,1983,ASM,36291,,49155.312,
American Samoa,1984,ASM,37690,,54006.672,
American Samoa,1985,ASM,39128,,48735.508,
American Samoa,1986,ASM,40588,,48497.988,
American Samoa,1987,ASM,42095,,48547.031,
American Samoa,1988,ASM,43634,,45530.422,
American Samoa,1989,ASM,45207,,50606.52,
American Samoa,1990,ASM,46659,,51571.426,
American Samoa,1991,ASM,47903,,50232.16,
American Samoa,1992,ASM,49054,,50457.398,
American Samoa,1993,ASM,50178,,47987.754,
American Samoa,1994,ASM,51273,,45747.641,
American Samoa,1995,ASM,52339,,43625.367,
American Samoa,1996,ASM,53378,,42889.504,
American Samoa,1997,ASM,54385,,43129.883,
American Samoa,1998,ASM,55354,,42374.875,
American Samoa,1999,ASM,56267,,41687.344,
American Samoa,2000,ASM,56877,0,40382.371,0
American Samoa,2001,ASM,57072,0,40244.395,0
American Samoa,2002,ASM,57081,0,40906.582,0
American Samoa,2003,ASM,56988,0,40973.34,0
American Samoa,2004,ASM,56841,0,41079.301,0
American Samoa,2005,ASM,56638,0,43793.945,0
American Samoa,2006,ASM,56391,0,44731.418,0
American Samoa,2007,ASM,56134,0,44936.215,0
American Samoa,2008,ASM,55848,0,45290.078,0
American Samoa,2009,ASM,55542,0,45415.172,0
American Samoa,2010,ASM,55246,0,45658.5,0
American Samoa,2011,ASM,54917,0,26210.846,0
American Samoa,2012,ASM,54506,0,26497.357,0
American Samoa,2013,ASM,54026,0,26680.139,0
American Samoa,2014,ASM,53489,0,26947.992,0
American Samoa,2015,ASM,52896,0,27250.088,0
American Samoa,2016,ASM,52260,0,27676.328,0
American Samoa,2017,ASM,51605,0,27989.945,0
American Samoa,2018,ASM,50927,0,28362.582,0
American Samoa,2019,ASM,50230,0,28756.145,0
American Samoa,2020,ASM,49779,0,27645.541,0
American Samoa,2021,ASM,49249,0,32251.004,0
American Samoa,2022,ASM,48365,0,32839.422,0
American Samoa,2023,ASM,47544,0,33220.289,0
Angola,1900,AGO,3101503,,,
Angola,1901,AGO,3083888,,,
Angola,1902,AGO,3064493,,,
Angola,1903,AGO,3043335,,,
Angola,1904,AGO,3022320,,,
Angola,1905,AGO,3001447,,,
Angola,1906,AGO,2980714,,,
Angola,1907,AGO,2960121,,,
Angola,1908,AGO,2939666,,,
Angola,1909,AGO,2921666,,,
Angola,1910,AGO,2906100,,,
Angola,1911,AGO,2892945,,,
Angola,1912,AGO,2882183,,,
Angola,1913,AGO,2873791,,,
Angola,1914,AGO,2865420,,,
Angola,1915,AGO,2857070,,,
Angola,1916,AGO,2848742,,,
Angola,1917,AGO,2840434,,,
Angola,1918,AGO,2829072,,,
Angola,1919,AGO,2828420,,,
Angola,1920,AGO,2838595,,,
Angola,1921,AGO,2859717,,,
Angola,1922,AGO,2891905,,,
Angola,1923,AGO,2935284,,,
Angola,1924,AGO,2979313,,,
Angola,1925,AGO,3024003,,,
Angola,1926,AGO,3069363,,,
Angola,1927,AGO,3115404,,,
Angola,1928,AGO,3162135,,,
Angola,1929,AGO,3208915,,,
Angola,1930,AGO,3255737,,,
Angola,1931,AGO,3302592,,,
Angola,1932,AGO,3349470,,,
Angola,1933,AGO,3396362,,,
Angola,1934,AGO,3443911,,,
Angola,1935,AGO,3492126,,,
Angola,1936,AGO,3541016,,,
Angola,1937,AGO,3590590,,,
Angola,1938,AGO,3640858,,,
Angola,1939,AGO,3694824,,,
Angola,1940,AGO,3752594,,,
Angola,1941,AGO,3814276,,,
Angola,1942,AGO,3879980,,,
Angola,1943,AGO,3949820,,,
Angola,1944,AGO,4020916,,,
Angola,1945,AGO,4093293,,,
Angola,1946,AGO,4166972,,,
Angola,1947,AGO,4241977,,,
Angola,1948,AGO,4318333,,,
Angola,1949,AGO,4397048,,,
Angola,1950,AGO,4551869,,,
Angola,1951,AGO,4602567,,,
Angola,1952,AGO,4651693,,,
Angola,1953,AGO,4706357,,,
Angola,1954,AGO,4766716,,,
Angola,1955,AGO,4832775,,,
Angola,1956,AGO,4904275,,,
Angola,1957,AGO,4980650,,,
Angola,1958,AGO,5061137,,,
Angola,1959,AGO,5145107,,,
Angola,1960,AGO,5231664,,,
Angola,1961,AGO,5301584,,,
Angola,1962,AGO,5354315,,,
Angola,1963,AGO,5408334,,,
Angola,1964,AGO,5464186,,,
Angola,1965,AGO,5521982,,,
Angola,1966,AGO,5581391,,,
Angola,1967,AGO,5641810,,,
Angola,1968,AGO,5702706,,,
Angola,1969,AGO,5763693,,,
Angola,1970,AGO,5852790,,,
Angola,1971,AGO,5991114,,,
Angola,1972,AGO,6174269,,,
Angola,1973,AGO,6388534,,,
Angola,1974,AGO,6613368,,,
Angola,1975,AGO,6842952,,,
Angola,1976,AGO,7074668,,,
Angola,1977,AGO,7317837,,,
Angola,1978,AGO,7576742,,,
Angola,1979,AGO,7847207,,,
Angola,1980,AGO,8133867,,1969.775,
Angola,1981,AGO,8435605,,1880.663,
Angola,1982,AGO,8751653,,1935.001,
Angola,1983,AGO,9082985,,2001.53,
Angola,1984,AGO,9425921,,1731.142,
Angola,1985,AGO,9779125,,2084.221,
Angola,1986,AGO,10139459,,1971.569,
Angola,1987,AGO,10497863,,1968.469,
Angola,1988,AGO,10861299,,1967.967,
Angola,1989,AGO,11238562,,1833.264,
Angola,1990,AGO,11626361,,1880.223,
Angola,1991,AGO,12023532,,1911.448,
Angola,1992,AGO,12423717,,1861.284,
Angola,1993,AGO,12827136,,1760.35,
Angola,1994,AGO,13249763,,1658.592,
Angola,1995,AGO,13699780,,1729.505,
Angola,1996,AGO,14170973,,1597.94,
Angola,1997,AGO,14660419,,1759.714,
Angola,1998,AGO,15159378,,1496.548,
Angola,1999,AGO,15667235,,1652.085,
Angola,2000,AGO,16194873,0,1893.218,0
Angola,2001,AGO,16747204,0,1982.507,0
Angola,2002,AGO,17327701,0,2038.03,0
Angola,2003,AGO,17943718,0,2187.965,0
Angola,2004,AGO,18600426,0,2298.005,0
Angola,2005,AGO,19291160,0,1815.006,0
Angola,2006,AGO,20015281,0,2215.237,0
Angola,2007,AGO,20778570,0,2511.339,0
Angola,2008,AGO,21578656,0,2818.649,0
Angola,2009,AGO,22414775,0,3137.766,0
Angola,2010,AGO,23294822,0,3278.897,0
Angola,2011,AGO,24218358,0,3298.733,0
Angola,2012,AGO,25177398,0,3419.703,0
Angola,2013,AGO,26165616,0,3570.166,0
Angola,2014,AGO,27160767,0.04,3800.598,0
Angola,2015,AGO,28157802,0.04,3852.95,0
Angola,2016,AGO,29183072,0.05,3330.99,0
Angola,2017,AGO,30234836,0.05,2774.095,0.04
Angola,2018,AGO,31297160,0.05,2910.07,0.08
Angola,2019,AGO,32375633,0.05,2937.561,1.64
Angola,2020,AGO,33451139,0.05,2281.591,1.65
Angola,2021,AGO,34532427,0.05,2491.884,1.66
Angola,2022,AGO,35635028,0.05,2713.824,1.67
Angola,2023,AGO,36749909,0.05,2680.342,1.67
Angola,2024,AGO,37885854,,,
Antarctica,1980,ATA,,,,
Antarctica,1981,ATA,,,,
Antarctica,1982,ATA,,,,
Antarctica,1983,ATA,,,,
Antarctica,1984,ATA,,,,
Antarctica,1985,ATA,,,,
Antarctica,1986,ATA,,,,
Antarctica,1987,ATA,,,,
Antarctica,1988,ATA,,,,
Antarctica,1989,ATA,,,,
Antarctica,1990,ATA,,,,
Antarctica,1991,ATA,,,,
Antarctica,1992,ATA,,,,
Antarctica,1993,ATA,,,,
Antarctica,1994,ATA,,,,
Antarctica,1995,ATA,,,,
Antarctica,1996,ATA,,,,
Antarctica,1997,ATA,,,,
Antarctica,1998,ATA,,,,
Antarctica,1999,ATA,,,,
Antarctica,2000,ATA,,,,
Antarctica,2001,ATA,,,,
Antarctica,2002,ATA,,,,
Antarctica,2003,ATA,,,,
Antarctica,2004,ATA,,,,
Antarctica,2005,ATA,,,,
Antarctica,2006,ATA,,,,
Antarctica,2007,ATA,,,,
Antarctica,2008,ATA,,,,
Antarctica,2009,ATA,,,,
Antarctica,2010,ATA,,,,
Antarctica,2011,ATA,,,,
Antarctica,2012,ATA,,,,
Antarctica,2013,ATA,,,,
Antarctica,2014,ATA,,,,
Antarctica,2015,ATA,,,,
Antarctica,2016,ATA,,,,
Antarctica,2017,ATA,,,,
Antarctica,2018,ATA,,,,
Antarctica,2019,ATA,,,,
Antarctica,2020,ATA,,,,
Antarctica,2021,ATA,,,,
Antarctica,2022,ATA,,,,
Antarctica,2023,ATA,,,,
Antigua and Barbuda,1980,ATG,64531,,26363.068,
Antigua and Barbuda,1981,ATG,64686,,23417.893,
Antigua and Barbuda,1982,ATG,64802,,31791.322,
Antigua and Barbuda,1983,ATG,64952,,18657.592,
Antigua and Barbuda,1984,ATG,64899,,20596.385,
Antigua and Barbuda,1985,ATG,64606,,20633.264,
Antigua and Barbuda,1986,ATG,64292,,21080.012,
Antigua and Barbuda,1987,ATG,63964,,26372.535,
Antigua and Barbuda,1988,ATG,63641,,26577.275,
Antigua and Barbuda,1989,ATG,63346,,26629.824,
Antigua and Barbuda,1990,ATG,63087,,27726.844,
Antigua and Barbuda,1991,ATG,63406,,27490.848,
Antigua and Barbuda,1992,ATG,64422,,27129.709,
Antigua and Barbuda,1993,ATG,65601,,26571.008,
Antigua and Barbuda,1994,ATG,66860,,27909.777,
Antigua and Barbuda,1995,ATG,68210,,29167.164,
Antigua and Barbuda,1996,ATG,69629,,28649.453,
Antigua and Barbuda,1997,ATG,71071,,28846.434,
Antigua and Barbuda,1998,ATG,72430,,28305.189,
Antigua and Barbuda,1999,ATG,73681,,27824.682,
Antigua and Barbuda,2000,ATG,74929,0,28510.771,0
Antigua and Barbuda,2001,ATG,76082,0,28078.699,0
Antigua and Barbuda,2002,ATG,77049,0,29724.633,0
Antigua and Barbuda,2003,ATG,77896,0,30902.998,0
Antigua and Barbuda,2004,ATG,78734,0,31710.818,0
Antigua and Barbuda,2005,ATG,79628,0,31834.326,0
Antigua and Barbuda,2006,ATG,80619,0,32406.76,0
Antigua and Barbuda,2007,ATG,81716,0,33506.125,0
Antigua and Barbuda,2008,ATG,82926,0,33775.395,0
Antigua and Barbuda,2009,ATG,84193,0,34854.703,0
Antigua and Barbuda,2010,ATG,85337,0,33244.883,0
Antigua and Barbuda,2011,ATG,86350,0,32756.098,0
Antigua and Barbuda,2012,ATG,87275,0,33306.035,0
Antigua and Barbuda,2013,ATG,88074,0,33005.023,0
Antigua and Barbuda,2014,ATG,88784,0,33476.52,0
Antigua and Barbuda,2015,ATG,89421,0,33930.758,0
Antigua and Barbuda,2016,ATG,89980,0,34220.047,0
Antigua and Barbuda,2017,ATG,90483,0,32348.727,0
Antigua and Barbuda,2018,ATG,90942,0,32080.172,0
Antigua and Barbuda,2019,ATG,91377,0,33123.305,0
Antigua and Barbuda,2020,ATG,91864,0,31833.912,0
Antigua and Barbuda,2021,ATG,92358,0,32921.891,0
Antigua and Barbuda,2022,ATG,92850,0,32896.395,0
Antigua and Barbuda,2023,ATG,93331,0,32266.113,0
Argentina,1900,ARG,4685089,,,
Argentina,1901,ARG,4855502,,,
Argentina,1902,ARG,5036658,,,
Argentina,1903,ARG,5229108,,,
Argentina,1904,ARG,5428911,,,
Argentina,1905,ARG,5636349,,,
Argentina,1906,ARG,5851713,,,
Argentina,1907,ARG,6075305,,,
Argentina,1908,ARG,6307441,,,
Argentina,1909,ARG,6532092,,,
Argentina,1910,ARG,6748544,,,
Argentina,1911,ARG,6956048,,,
Argentina,1912,ARG,7153812,,,
Argentina,1913,ARG,7341005,,,
Argentina,1914,ARG,7533097,,,
Argentina,1915,ARG,7730214,,,
Argentina,1916,ARG,7932490,,,
Argentina,1917,ARG,8140058,,,
Argentina,1918,ARG,8354021,,,
Argentina,1919,ARG,8579951,,,
Argentina,1920,ARG,8818354,,,
Argentina,1921,ARG,9069751,,,
Argentina,1922,ARG,9334686,,,
Argentina,1923,ARG,9613722,,,
Argentina,1924,ARG,9901098,,,
Argentina,1925,ARG,10197065,,,
Argentina,1926,ARG,10501879,,,
Argentina,1927,ARG,10815805,,,
Argentina,1928,ARG,11139114,,,
Argentina,1929,ARG,11443159,,,
Argentina,1930,ARG,11726853,,,
Argentina,1931,ARG,11989069,,,
Argentina,1932,ARG,12228636,,,
Argentina,1933,ARG,12444339,,,
Argentina,1934,ARG,12663847,,,
Argentina,1935,ARG,12887227,,,
Argentina,1936,ARG,13114548,,,
Argentina,1937,ARG,13345878,,,
Argentina,1938,ARG,13581288,,,
Argentina,1939,ARG,13825464,,,
Argentina,1940,ARG,14078649,,,
Argentina,1941,ARG,14341093,,,
Argentina,1942,ARG,14613051,,,
Argentina,1943,ARG,14894786,,,
Argentina,1944,ARG,15181952,,,
Argentina,1945,ARG,15474655,,,
Argentina,1946,ARG,15773001,,,
Argentina,1947,ARG,16077098,,,
Argentina,1948,ARG,16387059,,,
Argentina,1949,ARG,16700599,,,
Argentina,1950,ARG,17018032,,,
Argentina,1951,ARG,17356467,,,
Argentina,1952,ARG,17698882,,,
Argentina,1953,ARG,18041299,,,
Argentina,1954,ARG,18381211,,,
Argentina,1955,ARG,18716036,,,
Argentina,1956,ARG,19049973,,,
Argentina,1957,ARG,19383045,,,
Argentina,1958,ARG,19714264,,,
Argentina,1959,ARG,20049604,,,
Argentina,1960,ARG,20386055,,,
Argentina,1961,ARG,20726280,,,
Argentina,1962,ARG,21072543,,,
Argentina,1963,ARG,21421702,,,
Argentina,1964,ARG,21769451,,,
Argentina,1965,ARG,22112634,,14857.01,
Argentina,1966,ARG,22453898,,15105.385,
Argentina,1967,ARG,22799063,,15309.062,
Argentina,1968,ARG,23150580,,15586.842,
Argentina,1969,ARG,23508716,,15862.656,
Argentina,1970,ARG,23878330,,14803.654,
Argentina,1971,ARG,24257212,,15448.672,
Argentina,1972,ARG,24644332,,15396.966,
Argentina,1973,ARG,25046007,,15829.181,
Argentina,1974,ARG,25461352,,16192.301,
Argentina,1975,ARG,25874106,,15558.845,
Argentina,1976,ARG,26282282,,16083.609,
Argentina,1977,ARG,26701815,,16532.896,
Argentina,1978,ARG,27132162,,16382.302,
Argentina,1979,ARG,27568894,,17257.4,
Argentina,1980,ARG,28011597,,16895.92,
Argentina,1981,ARG,28463956,,16121.061,
Argentina,1982,ARG,28924268,,16261.604,
Argentina,1983,ARG,29391334,,16701.121,
Argentina,1984,ARG,29863090,,16488.375,
Argentina,1985,ARG,30336448,,16023.38,12.452
Argentina,1986,ARG,30811982,,16542.523,13.25
Argentina,1987,ARG,31291764,,17022.387,12.538
Argentina,1988,ARG,31780534,,17035.045,21.067
Argentina,1989,ARG,32270958,,16179.043,24.335
Argentina,1990,ARG,32755907,,15680.393,19.85
Argentina,1991,ARG,33230293,,15722.361,20.967
Argentina,1992,ARG,33693532,,16630.447,20.795
Argentina,1993,ARG,34152719,,16948.301,21.994
Argentina,1994,ARG,34613492,,17657.168,22.719
Argentina,1995,ARG,35070016,,17982.643,26.501
Argentina,1996,ARG,35513795,,18559.109,32.545
Argentina,1997,ARG,35947790,,18609.811,32.188
Argentina,1998,ARG,36372862,,19087.227,34.263
Argentina,1999,ARG,36794687,,19175.273,45.732
Argentina,2000,ARG,37213986,0.39,18907.803,48.88
Argentina,2001,ARG,37624817,0.36,18268.281,43.26
Argentina,2002,ARG,38029345,0.53,17306.4,40.71
Argentina,2003,ARG,38424283,0.88,18341.469,47.75
Argentina,2004,ARG,38815915,0.87,19351.779,55.21
Argentina,2005,ARG,39216786,0.92,20306.785,55.7
Argentina,2006,ARG,39622113,1.05,21100.816,56.4
Argentina,2007,ARG,40016767,1.07,21717.797,60.18
Argentina,2008,ARG,40424151,1.21,21746.203,65.41
Argentina,2009,ARG,40854832,1.19,20858.098,61.7
Argentina,2010,ARG,41288694,1.38,21368.264,63.81
Argentina,2011,ARG,41730655,1.39,21743.625,67.86
Argentina,2012,ARG,42161718,1.45,22393.107,76.23
Argentina,2013,ARG,42582453,1.53,23705.746,74.7
Argentina,2014,ARG,43024071,1.48,23080.285,76.16
Argentina,2015,ARG,43477011,1.49,23230.486,79.11
Argentina,2016,ARG,43900312,1.18,22909.215,84.28
Argentina,2017,ARG,44288898,1.46,22511.016,91.21
Argentina,2018,ARG,44654876,1.42,22081.684,95.35
Argentina,2019,ARG,44973469,1.48,20582.312,91.31
Argentina,2020,ARG,45191960,2.2,19117.824,88.72
Argentina,2021,ARG,45312282,2.25,20925.615,89.93
Argentina,2022,ARG,45407904,2.4,22049.938,76.6
Argentina,2023,ARG,45538402,2.4,22053.053,76.32
Argentina,2024,ARG,45696153,2.63,21513.947,81.95
Armenia,1992,ARM,3571870,,14456.733,
Armenia,1993,ARM,3453339,,10241.846,
Armenia,1994,ARM,3364620,,9587.113,
Armenia,1995,ARM,3307586,,10491.935,
Armenia,1996,ARM,3278738,,14085.446,
Armenia,1997,ARM,3246292,,11964.407,
Armenia,1998,ARM,3208399,,12830.193,
Armenia,1999,ARM,3167282,,7874.202,
Armenia,2000,ARM,3125630,0,8587.992,2.69
Armenia,2001,ARM,3084350,0,8735.807,2.79
Armenia,2002,ARM,3055636,0,7993.655,1.58
Armenia,2003,ARM,3038976,0,8742.533,1.52
Armenia,2004,ARM,3022544,0,9174.885,1.61
Armenia,2005,ARM,3006360,0,11044.274,1.83
Armenia,2006,ARM,2990371,0,11084.32,1.48
Armenia,2007,ARM,2974825,0,12641.402,1.49
Armenia,2008,ARM,2959996,0,12216.934,1.85
Armenia,2009,ARM,2945518,0,10727.759,1.15
Armenia,2010,ARM,2931083,0,11824.311,1.44
Armenia,2011,ARM,2923269,0,12557.113,2.39
Armenia,2012,ARM,2922529,0,13606.589,3.4
Armenia,2013,ARM,2922526,0,13407.281,3.17
Armenia,2014,ARM,2922433,0,13808.039,3.29
Armenia,2015,ARM,2921179,0,12623.133,2.8
Armenia,2016,ARM,2918796,0,12668.348,2.58
Armenia,2017,ARM,2914966,0,13658.813,2.87
Armenia,2018,ARM,2909971,0,13424.767,3.38
Armenia,2019,ARM,2903975,0,14248.773,3.05
Armenia,2020,ARM,2890893,0,15475.302,3.17
Armenia,2021,ARM,2870339,0,15976.376,3.38
Armenia,2022,ARM,2880880,0,17722.293,3.88
Armenia,2023,ARM,2943398,0,16027.844,3.72
Armenia,2024,ARM,2973843,0,,3.52
Aruba,1986,ABW,63640,,6695.265,
Aruba,1987,ABW,63419,,6718.596,
Aruba,1988,ABW,63221,,25821.334,
Aruba,1989,ABW,63413,,34220.816,
Aruba,1990,ABW,64452,,35561.559,
Aruba,1991,ABW,66564,,37562.035,
Aruba,1992,ABW,68889,,39866.641,
Aruba,1993,ABW,71091,,39250.816,
Aruba,1994,ABW,73475,,41668.492,
Aruba,1995,ABW,75930,,45635.562,
Aruba,1996,ABW,78497,,29093.84,
Aruba,1997,ABW,81123,,45528.199,
Aruba,1998,ABW,83788,,44080.109,
Aruba,1999,ABW,86483,,42706.535,
Aruba,2000,ABW,88772,0,49760.848,0
Aruba,2001,ABW,90320,0,50605.742,0
Aruba,2002,ABW,91393,0,51697.395,0
Aruba,2003,ABW,92324,0,56989.5,0
Aruba,2004,ABW,93223,0,58857.523,0
Aruba,2005,ABW,94239,0,62875.258,0
Aruba,2006,ABW,95403,0,61989.801,0
Aruba,2007,ABW,96604,0,63084.914,0
Aruba,2008,ABW,97815,0,58527.773,0
Aruba,2009,ABW,99040,0,57065.062,0
Aruba,2010,ABW,100127,0,51540.531,0
Aruba,2011,ABW,100995,0,40128.707,0
Aruba,2012,ABW,101774,0,50082.445,0
Aruba,2013,ABW,102570,0,47742.637,0
Aruba,2014,ABW,103381,0,47990.926,0
Aruba,2015,ABW,104200,0,48905.531,0
Aruba,2016,ABW,104989,0,47619.418,0
Aruba,2017,ABW,105737,0,49061.195,0
Aruba,2018,ABW,106447,0,46080.551,0
Aruba,2019,ABW,107089,0,43634.25,0
Aruba,2020,ABW,107411,0,42530.234,0
Aruba,2021,ABW,107565,0,44880.773,0
Aruba,2022,ABW,107792,0,45827.121,0
Aruba,2023,ABW,107946,,45116.078,
Asia,1900,,931021418,,,
Asia,1901,,936902660,,,
Asia,1902,,943255046,,,
Asia,1903,,950069951,,,
Asia,1904,,956950596,,,
Asia,1905,,963899803,,,
Asia,1906,,970921559,,,
Asia,1907,,978034978,,,
Asia,1908,,985241824,,,
Asia,1909,,992474216,,,
Asia,1910,,999734197,,,
Asia,1911,,1006983059,,,
Asia,1912,,1014336227,,,
Asia,1913,,1021733426,,,
Asia,1914,,1029237086,,,
Asia,1915,,1036849812,,,
Asia,1916,,1044516276,,,
Asia,1917,,1052212325,,,
Asia,1918,,1060455454,,,
Asia,1919,,1068676253,,,
Asia,1920,,1076882587,,,
Asia,1921,,1084965328,,,
Asia,1922,,1092913940,,,
Asia,1923,,1100750146,,,
Asia,1924,,1108723191,,,
Asia,1925,,1116816909,,,
Asia,1926,,1125041494,,,
Asia,1927,,1133396748,,,
Asia,1928,,1141888360,,,
Asia,1929,,1151215839,,,
Asia,1930,,1161422369,,,
Asia,1931,,1172523816,,,
Asia,1932,,1184512344,,,
Asia,1933,,1197356574,,,
Asia,1934,,1210362883,,,
Asia,1935,,1223537795,,,
Asia,1936,,1236977246,,,
Asia,1937,,1250648056,,,
Asia,1938,,1264656203,,,
Asia,1939,,1277274161,,,
Asia,1940,,1288504299,,,
Asia,1941,,1298273758,,,
Asia,1942,,1306646043,,,
Asia,1943,,1313426824,,,
Asia,1944,,1319919244,,,
Asia,1945,,1326525660,,,
Asia,1946,,1333534094,,,
Asia,1947,,1341255487,,,
Asia,1948,,1349532425,,,
Asia,1949,,1362069888,,,
Asia,1950,,1367581793,,,
Asia,1951,,1394310207,,,
Asia,1952,,1423932566,,,
Asia,1953,,1455634309,,,
Asia,1954,,1488418592,,,
Asia,1955,,1523146415,,,
Asia,1956,,1558262821,,,
Asia,1957,,1594675233,,,
Asia,1958,,1631866795,,,
Asia,1959,,1664697447,,,
Asia,1960,,1691762696,,,
Asia,1961,,1718156557,,,
Asia,1962,,1753318905,,,
Asia,1963,,1799305125,,,
Asia,1964,,1847441778,,,
Asia,1965,,1894030104,,2835.767,
Asia,1966,,1940186408,,3033.935,
Asia,1967,,1986308215,,3082.253,
Asia,1968,,2034769710,,3234.422,
Asia,1969,,2085428639,,3620.067,
Asia,1970,,2136911807,,4030.002,
Asia,1971,,2187672732,,4289.769,
Asia,1972,,2237825630,,4495.524,
Asia,1973,,2288852583,,4741.773,
Asia,1974,,2339398095,,4720.348,
Asia,1975,,2388510805,,4849.903,
Asia,1976,,2436467535,,5036.682,
Asia,1977,,2484229185,,5243.024,
Asia,1978,,2531837746,,5470.34,
Asia,1979,,2580755587,,5632.204,
Asia,1980,,2631643580,,5523.164,
Asia,1981,,2683999130,,5493.316,
Asia,1982,,2738669570,,5517.151,
Asia,1983,,2794057018,,5722.394,
Asia,1984,,2849479886,,5984.192,
Asia,1985,,2906232641,,6893.493,345.533
Asia,1986,,2964898217,,7035.72,369.966
Asia,1987,,3025641753,,7322.129,397.68
Asia,1988,,3086642989,,7665.307,423.477
Asia,1989,,3147693773,,7864.791,467.878
Asia,1990,,3209094423,,8004.188,507.52
Asia,1991,,3268207608,,8182.523,528.668
Asia,1992,,3324812378,,8402.145,555.716
Asia,1993,,3380039932,,8616.26,576.403
Asia,1994,,3433680236,,8919.144,617.887
Asia,1995,,3486817949,,9143.528,660.854
Asia,1996,,3539849816,,9404.563,706.725
Asia,1997,,3592367920,,9535.895,796.844
Asia,1998,,3644341780,,9418.072,836.666
Asia,1999,,3695620583,,9582.66,902.735
Asia,2000,,3746832777,27.54,9846.005,931.16
Asia,2001,,3797954107,28.79,10042.141,1005.01
Asia,2002,,3847359674,30.26,10403.174,1067.54
Asia,2003,,3895799439,34.01,11070.351,1163.31
Asia,2004,,3944378395,35.9,12001.639,1239.53
Asia,2005,,3992890580,43.18,12764.425,1303.33
Asia,2006,,4041771416,46.2,13337.904,1395.81
Asia,2007,,4090564345,53.52,13980.708,1508.06
Asia,2008,,4139267468,60.14,14266.536,1581.3
Asia,2009,,4188829464,66.45,14406.199,1650.51
Asia,2010,,4238694946,77.6,15174.589,1820.63
Asia,2011,,4288350005,84.45,15764.878,1886.64
Asia,2012,,4338443538,91.74,16135.325,2015.79
Asia,2013,,4387757369,103.69,16359.701,2034.06
Asia,2014,,4435744576,121.36,16631.381,2196.26
Asia,2015,,4482088489,134.37,16758.859,2254.99
Asia,2016,,4527178153,139.13,16908.289,2407.04
Asia,2017,,4571224645,158.78,17333.371,2544.46
Asia,2018,,4612352852,185.3,17801.225,2610.56
Asia,2019,,4651098724,209.73,18168.754,2569.57
Asia,2020,,4686811214,237.98,17940.24,2615.58
Asia,2021,,4716999164,282.96,18752.594,2747.66
Asia,2022,,4746329727,313.48,19146.773,2742.05
Asia,2023,,4776659631,336.93,19784.426,2749.66
Asia,2024,,4805539800,,20374.453,
Asia (Ember),2000,,,27.34,,641.99
Asia (Ember),2001,,,28.58,,685.79
Asia (Ember),2002,,,30.1,,722.98
Asia (Ember),2003,,,33.89,,783.81
Asia (Ember),2004,,,35.78,,837.32
Asia (Ember),2005,,,43.12,,846.24
Asia (Ember),2006,,,46.1,,913.72
Asia (Ember),2007,,,53.39,,976.25
Asia (Ember),2008,,,59.95,,1029.45
Asia (Ember),2009,,,66.12,,1075.92
Asia (Ember),2010,,,77.16,,1176.15
Asia (Ember),2011,,,83.98,,1261.11
Asia (Ember),2012,,,91,,1357.42
Asia (Ember),2013,,,102.63,,1368.13
Asia (Ember),2014,,,120.03,,1424.04
Asia (Ember),2015,,,132.88,,1439.15
Asia (Ember),2016,,,137.22,,1539.17
Asia (Ember),2017,,,156.5,,1574.02
Asia (Ember),2018,,,182.45,,1611.96
Asia (Ember),2019,,,206.03,,1609.22
Asia (Ember),2020,,,233.31,,1613.91
Asia (Ember),2021,,,276.49,,1653.26
Asia (Ember),2022,,,305.53,,1640.69
Asia (Ember),2023,,,328.43,,1659.84
Asia (Ember),2024,,,342.66,,1720.72
Asia Pacific (EI),1965,,,,,
Asia Pacific (EI),1966,,,,,
Asia Pacific (EI),1967,,,,,
Asia Pacific (EI),1968,,,,,
Asia Pacific (EI),1969,,,,,
Asia Pacific (EI),1970,,,,,
Asia Pacific (EI),1971,,,,,
Asia Pacific (EI),1972,,,,,
Asia Pacific (EI),1973,,,,,
Asia Pacific (EI),1974,,,,,
Asia Pacific (EI),1975,,,,,
Asia Pacific (EI),1976,,,,,
Asia Pacific (EI),1977,,,,,
Asia Pacific (EI),1978,,,,,
Asia Pacific (EI),1979,,,,,
Asia Pacific (EI),1980,,,,,
Asia Pacific (EI),1981,,,,,
Asia Pacific (EI),1982,,,,,
Asia Pacific (EI),1983,,,,,
Asia Pacific (EI),1984,,,,,
Asia Pacific (EI),1985,,,,,178.517
Asia Pacific (EI),1986,,,,,187.94
Asia Pacific (EI),1987,,,,,211.322
Asia Pacific (EI),1988,,,,,226.677
Asia Pacific (EI),1989,,,,,241.664
Asia Pacific (EI),1990,,,,,270.945
Asia Pacific (EI),1991,,,,,294.12
Asia Pacific (EI),1992,,,,,314.317
Asia Pacific (EI),1993,,,,,326.989
Asia Pacific (EI),1994,,,,,365.464
Asia Pacific (EI),1995,,,,,407.243
Asia Pacific (EI),1996,,,,,443.42
Asia Pacific (EI),1997,,,,,508.581
Asia Pacific (EI),1998,,,,,532.569
Asia Pacific (EI),1999,,,,,576.86
Asia Pacific (EI),2000,,,,,600.149
Asia Pacific (EI),2001,,,,,639.527
Asia Pacific (EI),2002,,,,,687.445
Asia Pacific (EI),2003,,,,,750.877
Asia Pacific (EI),2004,,,,,790.119
Asia Pacific (EI),2005,,,,,800.636
Asia Pacific (EI),2006,,,,,864.576
Asia Pacific (EI),2007,,,,,937.878
Asia Pacific (EI),2008,,,,,986.827
Asia Pacific (EI),2009,,,,,1035.863
Asia Pacific (EI),2010,,,,,1148.088
Asia Pacific (EI),2011,,,,,1222.586
Asia Pacific (EI),2012,,,,,1315.27
Asia Pacific (EI),2013,,,,,1318.734
Asia Pacific (EI),2014,,,,,1367.985
Asia Pacific (EI),2015,,,,,1380.459
Asia Pacific (EI),2016,,,,,1445.653
Asia Pacific (EI),2017,,,,,1478.087
Asia Pacific (EI),2018,,,,,1512.217
Asia Pacific (EI),2019,,,,,1529.29
Asia Pacific (EI),2020,,,,,1505.181
Asia Pacific (EI),2021,,,,,1529.357
Asia Pacific (EI),2022,,,,,1501.359
Asia Pacific (EI),2023,,,,,1511.505
Asia Pacific (EI),2024,,,,,1575.546
Asia and Oceania (EIA),1980,,,,,
Asia and Oceania (EIA),1981,,,,,
Asia and Oceania (EIA),1982,,,,,
Asia and Oceania (EIA),1983,,,,,
Asia and Oceania (EIA),1984,,,,,
Asia and Oceania (EIA),1985,,,,,
Asia and Oceania (EIA),1986,,,,,
Asia and Oceania (EIA),1987,,,,,
Asia and Oceania (EIA),1988,,,,,
Asia and Oceania (EIA),1989,,,,,
Asia and Oceania (EIA),1990,,,,,
Asia and Oceania (EIA),1991,,,,,
Asia and Oceania (EIA),1992,,,,,
Asia and Oceania (EIA),1993,,,,,
Asia and Oceania (EIA),1994,,,,,
Asia and Oceania (EIA),1995,,,,,
Asia and Oceania (EIA),1996,,,,,
Asia and Oceania (EIA),1997,,,,,
Asia and Oceania (EIA),1998,,,,,
Asia and Oceania (EIA),1999,,,,,
Asia and Oceania (EIA),2000,,,,,
Asia and Oceania (EIA),2001,,,,,
Asia and Oceania (EIA),2002,,,,,
Asia and Oceania (EIA),2003,,,,,
Asia and Oceania (EIA),2004,,,,,
Asia and Oceania (EIA),2005,,,,,
Asia and Oceania (EIA),2006,,,,,
Asia and Oceania (EIA),2007,,,,,
Asia and Oceania (EIA),2008,,,,,
Asia and Oceania (EIA),2009,,,,,
Asia and Oceania (EIA),2010,,,,,
Asia and Oceania (EIA),2011,,,,,
Asia and Oceania (EIA),2012,,,,,
Asia and Oceania (EIA),2013,,,,,
Asia and Oceania (EIA),2014,,,,,
Asia and Oceania (EIA),2015,,,,,
Asia and Oceania (EIA),2016,,,,,
Asia and Oceania (EIA),2017,,,,,
Asia and Oceania (EIA),2018,,,,,
Asia and Oceania (EIA),2019,,,,,
Asia and Oceania (EIA),2020,,,,,
Asia and Oceania (EIA),2021,,,,,
Asia and Oceania (EIA),2022,,,,,
Asia and Oceania (EIA),2023,,,,,
Asia and Oceania (Shift),1900,,,,,
Asia and Oceania (Shift),1901,,,,,
Asia and Oceania (Shift),1902,,,,,
Asia and Oceania (Shift),1903,,,,,
Asia and Oceania (Shift),1904,,,,,
Asia and Oceania (Shift),1905,,,,,
Asia and Oceania (Shift),1906,,,,,
Asia and Oceania (Shift),1907,,,,,
Asia and Oceania (Shift),1908,,,,,
Asia and Oceania (Shift),1909,,,,,
Asia and Oceania (Shift),1910,,,,,
Asia and Oceania (Shift),1911,,,,,
Asia and Oceania (Shift),1912,,,,,
Asia and Oceania (Shift),1913,,,,,
Asia and Oceania (Shift),1914,,,,,
Asia and Oceania (Shift),1915,,,,,
Asia and Oceania (Shift),1916,,,,,
Asia and Oceania (Shift),1917,,,,,
Asia and Oceania (Shift),1918,,,,,
Asia and Oceania (Shift),1919,,,,,
Asia and Oceania (Shift),1920,,,,,
Asia and Oceania (Shift),1921,,,,,
Asia and Oceania (Shift),1922,,,,,
Asia and Oceania (Shift),1923,,,,,
Asia and Oceania (Shift),1924,,,,,
Asia and Oceania (Shift),1925,,,,,
Asia and Oceania (Shift),1926,,,,,
Asia and Oceania (Shift),1927,,,,,
Asia and Oceania (Shift),1928,,,,,
Asia and Oceania (Shift),1929,,,,,
Asia and Oceania (Shift),1930,,,,,
Asia and Oceania (Shift),1931,,,,,
Asia and Oceania (Shift),1932,,,,,
Asia and Oceania (Shift),1933,,,,,
Asia and Oceania (Shift),1934,,,,,
Asia and Oceania (Shift),1935,,,,,
Asia and Oceania (Shift),1936,,,,,
Asia and Oceania (Shift),1937,,,,,
Asia and Oceania (Shift),1938,,,,,
Asia and Oceania (Shift),1939,,,,,
Asia and Oceania (Shift),1940,,,,,
Asia and Oceania (Shift),1941,,,,,
Asia and Oceania (Shift),1942,,,,,
Asia and Oceania (Shift),1943,,,,,
Asia and Oceania (Shift),1944,,,,,
Asia and Oceania (Shift),1945,,,,,
Asia and Oceania (Shift),1946,,,,,
Asia and Oceania (Shift),1947,,,,,
Asia and Oceania (Shift),1948,,,,,
Asia and Oceania (Shift),1949,,,,,
Asia and Oceania (Shift),1950,,,,,
Asia and Oceania (Shift),1951,,,,,
Asia and Oceania (Shift),1952,,,,,
Asia and Oceania (Shift),1953,,,,,
Asia and Oceania (Shift),1954,,,,,
Asia and Oceania (Shift),1955,,,,,
Asia and Oceania (Shift),1956,,,,,
Asia and Oceania (Shift),1957,,,,,
Asia and Oceania (Shift),1958,,,,,
Asia and Oceania (Shift),1959,,,,,
Asia and Oceania (Shift),1960,,,,,
Asia and Oceania (Shift),1961,,,,,
Asia and Oceania (Shift),1962,,,,,
Asia and Oceania (Shift),1963,,,,,
Asia and Oceania (Shift),1964,,,,,
Asia and Oceania (Shift),1965,,,,,
Asia and Oceania (Shift),1966,,,,,
Asia and Oceania (Shift),1967,,,,,
Asia and Oceania (Shift),1968,,,,,
Asia and Oceania (Shift),1969,,,,,
Asia and Oceania (Shift),1970,,,,,
Asia and Oceania (Shift),1971,,,,,
Asia and Oceania (Shift),1972,,,,,
Asia and Oceania (Shift),1973,,,,,
Asia and Oceania (Shift),1974,,,,,
Asia and Oceania (Shift),1975,,,,,
Asia and Oceania (Shift),1976,,,,,
Asia and Oceania (Shift),1977,,,,,
Asia and Oceania (Shift),1978,,,,,
Asia and Oceania (Shift),1979,,,,,
Asia and Oceania (Shift),1980,,,,,
Asia and Oceania (Shift),1981,,,,,
Asia and Oceania (Shift),1982,,,,,
Asia and Oceania (Shift),1983,,,,,
Asia and Oceania (Shift),1984,,,,,
Asia and Oceania (Shift),1985,,,,,
Asia and Oceania (Shift),1986,,,,,
Asia and Oceania (Shift),1987,,,,,
Asia and Oceania (Shift),1988,,,,,
Asia and Oceania (Shift),1989,,,,,
Asia and Oceania (Shift),1990,,,,,
Asia and Oceania (Shift),1991,,,,,
Asia and Oceania (Shift),1992,,,,,
Asia and Oceania (Shift),1993,,,,,
Asia and Oceania (Shift),1994,,,,,
Asia and Oceania (Shift),1995,,,,,
Asia and Oceania (Shift),1996,,,,,
Asia and Oceania (Shift),1997,,,,,
Asia and Oceania (Shift),1998,,,,,
Asia and Oceania (Shift),1999,,,,,
Asia and Oceania (Shift),2000,,,,,
Asia and Oceania (Shift),2001,,,,,
Asia and Oceania (Shift),2002,,,,,
Asia and Oceania (Shift),2003,,,,,
Asia and Oceania (Shift),2004,,,,,
Asia and Oceania (Shift),2005,,,,,
Asia and Oceania (Shift),2006,,,,,
Asia and Oceania (Shift),2007,,,,,
Asia and Oceania (Shift),2008,,,,,
Asia and Oceania (Shift),2009,,,,,
Asia and Oceania (Shift),2010,,,,,
Asia and Oceania (Shift),2011,,,,,
Asia and Oceania (Shift),2012,,,,,
Asia and Oceania (Shift),2013,,,,,
Asia and Oceania (Shift),2014,,,,,
Asia and Oceania (Shift),2015,,,,,
Asia and Oceania (Shift),2016,,,,,
Australia,1900,AUS,3693331,,,
Australia,1901,AUS,3755013,,,
Australia,1902,AUS,3815541,,,
Australia,1903,AUS,3874858,,,
Australia,1904,AUS,3935097,,,
Australia,1905,AUS,3996273,,,
Australia,1906,AUS,4058399,,,
Australia,1907,AUS,4121490,,,
Australia,1908,AUS,4185562,,,
Australia,1909,AUS,4254685,,,
Australia,1910,AUS,4329018,,,
Australia,1911,AUS,4408726,,,
Australia,1912,AUS,4493975,,,
Australia,1913,AUS,4584938,,,
Australia,1914,AUS,4677743,,,
Australia,1915,AUS,4772426,,,
Australia,1916,AUS,4869025,,,
Australia,1917,AUS,4967579,,,
Australia,1918,AUS,5069291,,,
Australia,1919,AUS,5171552,,,
Australia,1920,AUS,5274343,,,
Australia,1921,AUS,5377647,,,
Australia,1922,AUS,5481442,,,
Australia,1923,AUS,5585709,,,
Australia,1924,AUS,5691958,,,
Australia,1925,AUS,5800229,,,
Australia,1926,AUS,5910560,,,
Australia,1927,AUS,6022989,,,
Australia,1928,AUS,6137556,,,
Australia,1929,AUS,6240926,,,
Australia,1930,AUS,6332771,,,
Australia,1931,AUS,6412756,,,
Australia,1932,AUS,6480541,,,
Australia,1933,AUS,6535776,,,
Australia,1934,AUS,6591481,,,
Australia,1935,AUS,6647662,,,
Australia,1936,AUS,6704321,,,
Australia,1937,AUS,6761463,,,
Australia,1938,AUS,6819092,,,
Australia,1939,AUS,6887821,,,
Australia,1940,AUS,6967916,,,
Australia,1941,AUS,7059648,,,
Australia,1942,AUS,7163293,,,
Australia,1943,AUS,7279134,,,
Australia,1944,AUS,7396847,,,
Australia,1945,AUS,7516465,,,
Australia,1946,AUS,7638016,,,
Australia,1947,AUS,7761534,,,
Australia,1948,AUS,7887049,,,
Australia,1949,AUS,8025441,,,
Australia,1950,AUS,8176751,,,
Australia,1951,AUS,8418616,,,
Australia,1952,AUS,8630707,,,
Australia,1953,AUS,8816085,,,
Australia,1954,AUS,8999384,,,
Australia,1955,AUS,9205189,,,
Australia,1956,AUS,9424660,,,
Australia,1957,AUS,9638773,,,
Australia,1958,AUS,9847636,,,
Australia,1959,AUS,10060033,,,
Australia,1960,AUS,10280815,,,
Australia,1961,AUS,10500441,,,
Australia,1962,AUS,10707235,,,
Australia,1963,AUS,10913270,,,
Australia,1964,AUS,11128257,,,
Australia,1965,AUS,11357479,,37487.191,
Australia,1966,AUS,11592485,,38481.957,
Australia,1967,AUS,11810521,,40056.914,
Australia,1968,AUS,12030009,,41703.523,
Australia,1969,AUS,12272387,,42569.41,
Australia,1970,AUS,12599414,,45248.266,
Australia,1971,AUS,12997963,,46069.344,
Australia,1972,AUS,13304897,,47057.488,
Australia,1973,AUS,13518689,,49513.375,
Australia,1974,AUS,13719499,,51889.727,
Australia,1975,AUS,13893988,,52101.688,
Australia,1976,AUS,14046758,,53328.191,
Australia,1977,AUS,14203511,,55336.211,
Australia,1978,AUS,14367099,,56463.793,
Australia,1979,AUS,14533034,,57888.219,
Australia,1980,AUS,14721345,,57348.492,
Australia,1981,AUS,14949210,,57380.551,
Australia,1982,AUS,15192484,,55943.414,
Australia,1983,AUS,15414891,,54594.711,
Australia,1984,AUS,15620653,,55782.266,
Australia,1985,AUS,15835743,,56599.375,11.501
Australia,1986,AUS,16069631,,56778.605,13.784
Australia,1987,AUS,16322272,,57439.195,13.989
Australia,1988,AUS,16594104,,59136.32,14.718
Australia,1989,AUS,16869362,,61040.418,15.128
Australia,1990,AUS,17126304,,61372.223,12.566
Australia,1991,AUS,17353191,,60158.379,11.203
Australia,1992,AUS,17549286,,60425.266,11.964
Australia,1993,AUS,17722905,,61188.77,12.247
Australia,1994,AUS,17897433,,62888.992,13.556
Australia,1995,AUS,18095340,,63789.848,13.679
Australia,1996,AUS,18305305,,64906.695,11.936
Australia,1997,AUS,18504911,,65781.891,12.18
Australia,1998,AUS,18701710,,66642.594,14.467
Australia,1999,AUS,18909980,,68606.484,16.123
Australia,2000,AUS,19132472,0.89,68222.211,16.76
Australia,2001,AUS,19365438,0.8,67924.375,24.5
Australia,2002,AUS,19595356,1.27,68472.609,30.55
Australia,2003,AUS,19819449,1.69,68662.977,30.15
Australia,2004,AUS,20046679,2.82,70058.688,27.36
Australia,2005,AUS,20294490,3.87,69494.242,23.26
Australia,2006,AUS,20590566,3.93,71432.609,27.29
Australia,2007,AUS,20954545,4.28,71877.82,33.4
Australia,2008,AUS,21370595,3.7,71675.375,36.31
Australia,2009,AUS,21783014,2.79,69299.156,41.12
Australia,2010,AUS,22141583,2.44,68144.984,46.79
Australia,2011,AUS,22479779,2.57,69333.531,48.78
Australia,2012,AUS,22852648,3.1,67218.164,49.81
Australia,2013,AUS,23236271,3.33,66946.461,52.72
Australia,2014,AUS,23595599,3.55,66387.727,53.66
Australia,2015,AUS,23947997,3.68,66879.32,49.71
Australia,2016,AUS,24329963,3.63,66045.68,48.11
Australia,2017,AUS,24731044,3.56,64778.02,55.09
Australia,2018,AUS,25119700,3.59,64726.418,51.46
Australia,2019,AUS,25482714,3.47,65938.531,55.71
Australia,2020,AUS,25743787,3.41,61584.258,53.05
Australia,2021,AUS,25956417,3.34,61230.445,47.63
Australia,2022,AUS,26200987,3.19,63386.535,50.82
Australia,2023,AUS,26451126,3.13,62658.078,46.67
Australia,2024,AUS,26713206,2.99,62595.039,49.1
Australia and New Zealand (EIA),1980,,,,,
Australia and New Zealand (EIA),1981,,,,,
Australia and New Zealand (EIA),1982,,,,,
Australia and New Zealand (EIA),1983,,,,,
Australia and New Zealand (EIA),1984,,,,,
Australia and New Zealand (EIA),1985,,,,,
Australia and New Zealand (EIA),1986,,,,,
Australia and New Zealand (EIA),1987,,,,,
Australia and New Zealand (EIA),1988,,,,,
Australia and New Zealand (EIA),1989,,,,,
Australia and New Zealand (EIA),1990,,,,,
Australia and New Zealand (EIA),1991,,,,,
Australia and New Zealand (EIA),1992,,,,,
Australia and New Zealand (EIA),1993,,,,,
Australia and New Zealand (EIA),1994,,,,,
Australia and New Zealand (EIA),1995,,,,,
Australia and New Zealand (EIA),1996,,,,,
Australia and New Zealand (EIA),1997,,,,,
Australia and New Zealand (EIA),1998,,,,,
Australia and New Zealand (EIA),1999,,,,,
Australia and New Zealand (EIA),2000,,,,,
Australia and New Zealand (EIA),2001,,,,,
Australia and New Zealand (EIA),2002,,,,,
Australia and New Zealand (EIA),2003,,,,,
Australia and New Zealand (EIA),2004,,,,,
Australia and New Zealand (EIA),2005,,,,,
Australia and New Zealand (EIA),2006,,,,,
Australia and New Zealand (EIA),2007,,,,,
Australia and New Zealand (EIA),2008,,,,,
Australia and New Zealand (EIA),2009,,,,,
Australia and New Zealand (EIA),2010,,,,,
Australia and New Zealand (EIA),2011,,,,,
Australia and New Zealand (EIA),2012,,,,,
Australia and New Zealand (EIA),2013,,,,,
Australia and New Zealand (EIA),2014,,,,,
Australia and New Zealand (EIA),2015,,,,,
Australia and New Zealand (EIA),2016,,,,,
Australia and New Zealand (EIA),2017,,,,,
Australia and New Zealand (EIA),2018,,,,,
Australia and New Zealand (EIA),2019,,,,,
Australia and New Zealand (EIA),2020,,,,,
Australia and New Zealand (EIA),2021,,,,,
Australia and New Zealand (EIA),2022,,,,,
Australia and New Zealand (EIA),2023,,,,,
Austria,1900,AUT,5979176,,,
Austria,1901,AUT,6040557,,,
Austria,1902,AUT,6102565,,,
Austria,1903,AUT,6165207,,,
Austria,1904,AUT,6228492,,,
Austria,1905,AUT,6292427,,,
Austria,1906,AUT,6357018,,,
Austria,1907,AUT,6422272,,,
Austria,1908,AUT,6488195,,,
Austria,1909,AUT,6538009,,,
Austria,1910,AUT,6571587,,,
Austria,1911,AUT,6588803,,,
Austria,1912,AUT,6589530,,,
Austria,1913,AUT,6573637,,,
Austria,1914,AUT,6557782,,,
Austria,1915,AUT,6541966,,,
Austria,1916,AUT,6526188,,,
Austria,1917,AUT,6510448,,,
Austria,1918,AUT,6494625,,,
Austria,1919,AUT,6486496,,,
Austria,1920,AUT,6486069,,,
Austria,1921,AUT,6493353,,,
Austria,1922,AUT,6508355,,,
Austria,1923,AUT,6531083,,,
Austria,1924,AUT,6553892,,,
Austria,1925,AUT,6576779,,,
Austria,1926,AUT,6599747,,,
Austria,1927,AUT,6622795,,,
Austria,1928,AUT,6645923,,,
Austria,1929,AUT,6664878,,,
Austria,1930,AUT,6679644,,,
Austria,1931,AUT,6690204,,,
Austria,1932,AUT,6696542,,,
Austria,1933,AUT,6698643,,,
Austria,1934,AUT,6700745,,,
Austria,1935,AUT,6702847,,,
Austria,1936,AUT,6704950,,,
Austria,1937,AUT,6707053,,,
Austria,1938,AUT,6709158,,,
Austria,1939,AUT,6715380,,,
Austria,1940,AUT,6725734,,,
Austria,1941,AUT,6740236,,,
Austria,1942,AUT,6758902,,,
Austria,1943,AUT,6781747,,,
Austria,1944,AUT,6804668,,,
Austria,1945,AUT,6827667,,,
Austria,1946,AUT,6850744,,,
Austria,1947,AUT,6873899,,,
Austria,1948,AUT,6897132,,,
Austria,1949,AUT,6917983,,,
Austria,1950,AUT,6936455,,,
Austria,1951,AUT,6930487,,,
Austria,1952,AUT,6927254,,,
Austria,1953,AUT,6932083,,,
Austria,1954,AUT,6939893,,,
Austria,1955,AUT,6946659,,,
Austria,1956,AUT,6952266,,,
Austria,1957,AUT,6965838,,,
Austria,1958,AUT,6987345,,,
Austria,1959,AUT,7014270,,,
Austria,1960,AUT,7047274,,,
Austria,1961,AUT,7086060,,,
Austria,1962,AUT,7129581,,,
Austria,1963,AUT,7175502,,,
Austria,1964,AUT,7223392,,,
Austria,1965,AUT,7270413,,26064.307,
Austria,1966,AUT,7321524,,27087.949,
Austria,1967,AUT,7376293,,27163.17,
Austria,1968,AUT,7414627,,28894.449,
Austria,1969,AUT,7440306,,29827.604,
Austria,1970,AUT,7466320,,34039.426,
Austria,1971,AUT,7499635,,33746.195,
Austria,1972,AUT,7543263,,34709.883,
Austria,1973,AUT,7585107,,37113.535,
Austria,1974,AUT,7597963,,37241.844,
Austria,1975,AUT,7577833,,37090.23,
Austria,1976,AUT,7564457,,38455.332,
Austria,1977,AUT,7567332,,38533.754,
Austria,1978,AUT,7561203,,40230.348,
Austria,1979,AUT,7548345,,42687.133,
Austria,1980,AUT,7548407,,42508.809,
Austria,1981,AUT,7567550,,41165.254,
Austria,1982,AUT,7573078,,39788.531,
Austria,1983,AUT,7561166,,39741.906,
Austria,1984,AUT,7560715,,39343.98,
Austria,1985,AUT,7564310,,41749.422,
Austria,1986,AUT,7569397,,41804.465,
Austria,1987,AUT,7574314,,44098.918,
Austria,1988,AUT,7585346,,43390.504,
Austria,1989,AUT,7620405,,43432.5,
Austria,1990,AUT,7679627,1.13,43468.785,7.72
Austria,1991,AUT,7757140,1.21,45042.395,7.47
Austria,1992,AUT,7842715,1.31,43963.363,6.64
Austria,1993,AUT,7907492,1.34,44570.805,6.79
Austria,1994,AUT,7938157,1.19,44016.273,8.64
Austria,1995,AUT,7950322,1.84,46244.852,8.91
Austria,1996,AUT,7960917,1.57,47192.613,9.4
Austria,1997,AUT,7969804,1.69,47751.309,8.47
Austria,1998,AUT,7978465,1.82,48787.238,8.87
Austria,1999,AUT,7993894,1.6,49137.969,9.29
Austria,2000,AUT,8012929,1.53,49316.637,7.85
Austria,2001,AUT,8042233,1.67,50557.285,8.75
Austria,2002,AUT,8081640,1.52,50339.801,9.31
Austria,2003,AUT,8122604,1.65,50193.703,11.16
Austria,2004,AUT,8173496,1.91,51686.262,10.95
Austria,2005,AUT,8229204,2.43,52416.992,13.03
Austria,2006,AUT,8269901,3.23,51495.746,10.67
Austria,2007,AUT,8296948,4.06,50628.93,9.9
Austria,2008,AUT,8323250,4.16,51008.945,11.18
Austria,2009,AUT,8345073,4.28,49103.516,12.34
Austria,2010,AUT,8365087,4.48,50394.973,14.35
Austria,2011,AUT,8393272,4.56,47165.023,12.44
Austria,2012,AUT,8431599,4.68,49148.723,9.71
Austria,2013,AUT,8481411,4.7,48441.508,6.65
Austria,2014,AUT,8547812,4.55,46197.699,5.32
Austria,2015,AUT,8644037,4.65,45856.262,7.66
Austria,2016,AUT,8737920,4.78,46881.992,8.49
Austria,2017,AUT,8798779,4.92,47457.57,10.91
Austria,2018,AUT,8841653,4.93,46190.699,9.92
Austria,2019,AUT,8880876,4.66,48188.984,11.32
Austria,2020,AUT,8921402,4.59,44852.156,9.95
Austria,2021,AUT,8967053,4.48,45314.195,10.62
Austria,2022,AUT,9064678,4.75,42122.105,10.85
Austria,2023,AUT,9130434,4.56,43148.035,7.5
Austria,2024,AUT,9120815,4.67,45208.309,7.54
Azerbaijan,1985,AZE,6799823,,34552.445,
Azerbaijan,1986,AZE,6891349,,36688.668,
Azerbaijan,1987,AZE,6977658,,35115.332,
Azerbaijan,1988,AZE,7081404,,34626.512,
Azerbaijan,1989,AZE,7167583,,34886.496,
Azerbaijan,1990,AZE,7231084,,36032.113,
Azerbaijan,1991,AZE,7314317,,34227.562,
Azerbaijan,1992,AZE,7405781,,28949.521,
Azerbaijan,1993,AZE,7504119,,24783.752,
Azerbaijan,1994,AZE,7608894,,22455.918,
Azerbaijan,1995,AZE,7719283,,20811.258,
Azerbaijan,1996,AZE,7830981,,16823.014,
Azerbaijan,1997,AZE,7936220,,15896.062,
Azerbaijan,1998,AZE,8025808,,15779.74,
Azerbaijan,1999,AZE,8100472,,15598.277,
Azerbaijan,2000,AZE,8174784,0,16153.973,3.71
Azerbaijan,2001,AZE,8251776,0,15418.192,11.27
Azerbaijan,2002,AZE,8326141,0,15086.057,10.89
Azerbaijan,2003,AZE,8400528,0,16193.649,11.22
Azerbaijan,2004,AZE,8489874,0,18127.234,12.84
Azerbaijan,2005,AZE,8597248,0,19405.906,13.99
Azerbaijan,2006,AZE,8711380,0,18836.461,15.91
Azerbaijan,2007,AZE,8828313,0,17112.117,15.49
Azerbaijan,2008,AZE,8942637,0,16903.684,17.69
Azerbaijan,2009,AZE,9046336,0,14389.062,16.06
Azerbaijan,2010,AZE,9146852,0,14041.92,15.22
Azerbaijan,2011,AZE,9256156,0,15745.113,17.27
Azerbaijan,2012,AZE,9376179,0,16007.676,20.65
Azerbaijan,2013,AZE,9504417,0.09,16225.271,21.65
Azerbaijan,2014,AZE,9631136,0.08,16326.349,23.21
Azerbaijan,2015,AZE,9752859,0.09,17618.029,21.25
Azerbaijan,2016,AZE,9868434,0.09,17246.135,20.17
Azerbaijan,2017,AZE,9968510,0.09,16748.137,21.02
Azerbaijan,2018,AZE,10039782,0.08,17546.863,23.13
Azerbaijan,2019,AZE,10110483,0.1,18385.926,24.11
Azerbaijan,2020,AZE,10181736,0.1,18162.768,24.38
Azerbaijan,2021,AZE,10234372,0.1,19302.547,25.64
Azerbaijan,2022,AZE,10295307,0.1,20425.451,27.01
Azerbaijan,2023,AZE,10318209,0.11,21072.756,27.08
Azerbaijan,2024,AZE,10336577,0.11,20137.387,24.56
Bahamas,1980,BHS,232540,,76013.062,
Bahamas,1981,BHS,236626,,77156.969,
Bahamas,1982,BHS,240624,,65409.484,
Bahamas,1983,BHS,244718,,48879.562,
Bahamas,1984,BHS,248879,,43120.969,
Bahamas,1985,BHS,253169,,37300.992,
Bahamas,1986,BHS,257547,,36911.367,
Bahamas,1987,BHS,261947,,40494.855,
Bahamas,1988,BHS,266457,,37054.488,
Bahamas,1989,BHS,271187,,41633.875,
Bahamas,1990,BHS,275954,,43528.781,
Bahamas,1991,BHS,280745,,37950.648,
Bahamas,1992,BHS,285938,,31525.203,
Bahamas,1993,BHS,291350,,32669.926,
Bahamas,1994,BHS,296519,,35661.32,
Bahamas,1995,BHS,301471,,41918.047,
Bahamas,1996,BHS,306281,,46513.723,
Bahamas,1997,BHS,310914,,44659.887,
Bahamas,1998,BHS,315376,,49999.082,
Bahamas,1999,BHS,319623,,43393.105,
Bahamas,2000,BHS,323846,0,50835.836,0
Bahamas,2001,BHS,327847,0,51177.742,0
Bahamas,2002,BHS,331625,0,52474.273,0
Bahamas,2003,BHS,335625,0,36216.246,0
Bahamas,2004,BHS,339794,0,39649.172,0
Bahamas,2005,BHS,343905,0,37668.086,0
Bahamas,2006,BHS,348386,0,43188.395,0
Bahamas,2007,BHS,353343,0,49038.75,0
Bahamas,2008,BHS,358133,0,47279.371,0
Bahamas,2009,BHS,362806,0,35086.18,0
Bahamas,2010,BHS,367482,0,36088.836,0
Bahamas,2011,BHS,371738,0,31497.744,0
Bahamas,2012,BHS,375474,0,36040.82,0
Bahamas,2013,BHS,378957,0,33224.723,0
Bahamas,2014,BHS,382312,0,32329.908,0
Bahamas,2015,BHS,385355,0,30661.689,0
Bahamas,2016,BHS,388060,0,31876.514,0
Bahamas,2017,BHS,390496,0,37776.191,0
Bahamas,2018,BHS,392718,0,30950.479,0
Bahamas,2019,BHS,394684,0,31914.691,0
Bahamas,2020,BHS,395874,0,26472.564,0
Bahamas,2021,BHS,396381,0,33613.324,0
Bahamas,2022,BHS,397542,0,31185.008,0
Bahamas,2023,BHS,399452,,30598.396,
Bahrain,1900,BHR,77042,,,
Bahrain,1901,BHR,77502,,,
Bahrain,1902,BHR,77964,,,
Bahrain,1903,BHR,78430,,,
Bahrain,1904,BHR,78898,,,
Bahrain,1905,BHR,79369,,,
Bahrain,1906,BHR,79842,,,
Bahrain,1907,BHR,80319,,,
Bahrain,1908,BHR,80798,,,
Bahrain,1909,BHR,81820,,,
Bahrain,1910,BHR,83407,,,
Bahrain,1911,BHR,85586,,,
Bahrain,1912,BHR,88383,,,
Bahrain,1913,BHR,91824,,,
Bahrain,1914,BHR,95399,,,
Bahrain,1915,BHR,99114,,,
Bahrain,1916,BHR,102973,,,
Bahrain,1917,BHR,106982,,,
Bahrain,1918,BHR,111150,,,
Bahrain,1919,BHR,114547,,,
Bahrain,1920,BHR,117143,,,
Bahrain,1921,BHR,118907,,,
Bahrain,1922,BHR,119805,,,
Bahrain,1923,BHR,119805,,,
Bahrain,1924,BHR,119805,,,
Bahrain,1925,BHR,119805,,,
Bahrain,1926,BHR,119805,,,
Bahrain,1927,BHR,119805,,,
Bahrain,1928,BHR,119805,,,
Bahrain,1929,BHR,119805,,,
Bahrain,1930,BHR,119805,,,
Bahrain,1931,BHR,119805,,,
Bahrain,1932,BHR,119805,,,
Bahrain,1933,BHR,119805,,,
Bahrain,1934,BHR,119805,,,
Bahrain,1935,BHR,119805,,,
Bahrain,1936,BHR,119805,,,
Bahrain,1937,BHR,119805,,,
Bahrain,1938,BHR,119805,,,
Bahrain,1939,BHR,119700,,,
Bahrain,1940,BHR,119490,,,
Bahrain,1941,BHR,119176,,,
Bahrain,1942,BHR,118759,,,
Bahrain,1943,BHR,118238,,,
Bahrain,1944,BHR,117720,,,
Bahrain,1945,BHR,117203,,,
Bahrain,1946,BHR,116689,,,
Bahrain,1947,BHR,116178,,,
Bahrain,1948,BHR,115668,,,
Bahrain,1949,BHR,115984,,,
Bahrain,1950,BHR,117275,,,
Bahrain,1951,BHR,120764,,,
Bahrain,1952,BHR,124466,,,
Bahrain,1953,BHR,128386,,,
Bahrain,1954,BHR,132575,,,
Bahrain,1955,BHR,137080,,,
Bahrain,1956,BHR,141931,,,
Bahrain,1957,BHR,147163,,,
Bahrain,1958,BHR,152823,,,
Bahrain,1959,BHR,158935,,,
Bahrain,1960,BHR,165490,,,
Bahrain,1961,BHR,172358,,,
Bahrain,1962,BHR,179361,,,
Bahrain,1963,BHR,186512,,,
Bahrain,1964,BHR,193830,,,
Bahrain,1965,BHR,200877,,,
Bahrain,1966,BHR,207550,,,
Bahrain,1967,BHR,214198,,,
Bahrain,1968,BHR,219347,,,
Bahrain,1969,BHR,222480,,,
Bahrain,1970,BHR,224817,,,
Bahrain,1971,BHR,230744,,,
Bahrain,1972,BHR,242129,,,
Bahrain,1973,BHR,255334,,,
Bahrain,1974,BHR,269047,,,
Bahrain,1975,BHR,283251,,,
Bahrain,1976,BHR,297871,,,
Bahrain,1977,BHR,312825,,,
Bahrain,1978,BHR,328059,,,
Bahrain,1979,BHR,343461,,,
Bahrain,1980,BHR,358990,,111908.305,
Bahrain,1981,BHR,373534,,123910.922,
Bahrain,1982,BHR,386992,,127530.781,
Bahrain,1983,BHR,400721,,129342.82,
Bahrain,1984,BHR,415164,,121156.609,
Bahrain,1985,BHR,430365,,138919.609,
Bahrain,1986,BHR,446290,,145118.922,
Bahrain,1987,BHR,462862,,168309.125,
Bahrain,1988,BHR,479931,,139811.047,
Bahrain,1989,BHR,497329,,137958.859,
Bahrain,1990,BHR,514799,,145869.828,
Bahrain,1991,BHR,531883,,158023.719,
Bahrain,1992,BHR,547753,,128730.188,
Bahrain,1993,BHR,562820,,149619.297,
Bahrain,1994,BHR,577960,,143550.953,
Bahrain,1995,BHR,593230,,140103.281,
Bahrain,1996,BHR,608593,,136899.297,
Bahrain,1997,BHR,624019,,157304.031,
Bahrain,1998,BHR,639391,,161154.859,
Bahrain,1999,BHR,654622,,161497.344,
Bahrain,2000,BHR,669589,0,167083.141,13.86
Bahrain,2001,BHR,699964,0,165423.172,14.62
Bahrain,2002,BHR,752205,0,164246.484,15.26
Bahrain,2003,BHR,811276,0,159109.156,15.7
Bahrain,2004,BHR,871446,0,153438.219,16.15
Bahrain,2005,BHR,932618,0,160842.312,19.37
Bahrain,2006,BHR,994626,0,160915.672,20.53
Bahrain,2007,BHR,1057419,0,155404.359,21.47
Bahrain,2008,BHR,1120718,0,153545.766,22.82
Bahrain,2009,BHR,1183616,0,143941.156,22.56
Bahrain,2010,BHR,1213248,0,141961.703,23.82
Bahrain,2011,BHR,1206733,0,141220.125,24.34
Bahrain,2012,BHR,1216307,0,150511.938,24.77
Bahrain,2013,BHR,1257206,0,161939.016,25.91
Bahrain,2014,BHR,1312857,0,153717.312,27.25
Bahrain,2015,BHR,1369656,0,148644.031,28.48
Bahrain,2016,BHR,1429609,0,142093.938,28.51
Bahrain,2017,BHR,1482003,0,141021.281,29.22
Bahrain,2018,BHR,1497634,0,140424.391,29.54
Bahrain,2019,BHR,1485675,0,155660.703,33.09
Bahrain,2020,BHR,1483081,0,152081.188,33.36
Bahrain,2021,BHR,1501762,0,156362.641,33.87
Bahrain,2022,BHR,1533460,0,161782.953,35.6
Bahrain,2023,BHR,1569674,0,164932.516,36.08
Bahrain,2024,BHR,1607059,,,
Bangladesh,1900,BGD,26849595,,,
Bangladesh,1901,BGD,26958449,,,
Bangladesh,1902,BGD,27067609,,,
Bangladesh,1903,BGD,27177073,,,
Bangladesh,1904,BGD,27286841,,,
Bangladesh,1905,BGD,27396914,,,
Bangladesh,1906,BGD,27507290,,,
Bangladesh,1907,BGD,27617969,,,
Bangladesh,1908,BGD,27728950,,,
Bangladesh,1909,BGD,27827316,,,
Bangladesh,1910,BGD,27913022,,,
Bangladesh,1911,BGD,27986023,,,
Bangladesh,1912,BGD,28046274,,,
Bangladesh,1913,BGD,28093731,,,
Bangladesh,1914,BGD,28141120,,,
Bangladesh,1915,BGD,28188438,,,
Bangladesh,1916,BGD,28235684,,,
Bangladesh,1917,BGD,28282858,,,
Bangladesh,1918,BGD,28395953,,,
Bangladesh,1919,BGD,28509501,,,
Bangladesh,1920,BGD,28623503,,,
Bangladesh,1921,BGD,28737961,,,
Bangladesh,1922,BGD,28852876,,,
Bangladesh,1923,BGD,28968251,,,
Bangladesh,1924,BGD,29084088,,,
Bangladesh,1925,BGD,29200387,,,
Bangladesh,1926,BGD,29317152,,,
Bangladesh,1927,BGD,29434383,,,
Bangladesh,1928,BGD,29552084,,,
Bangladesh,1929,BGD,29765580,,,
Bangladesh,1930,BGD,30077163,,,
Bangladesh,1931,BGD,30489169,,,
Bangladesh,1932,BGD,31003982,,,
Bangladesh,1933,BGD,31624037,,,
Bangladesh,1934,BGD,32256494,,,
Bangladesh,1935,BGD,32901598,,,
Bangladesh,1936,BGD,33559605,,,
Bangladesh,1937,BGD,34230771,,,
Bangladesh,1938,BGD,34915359,,,
Bangladesh,1939,BGD,35529699,,,
Bangladesh,1940,BGD,36071677,,,
Bangladesh,1941,BGD,36539131,,,
Bangladesh,1942,BGD,36929851,,,
Bangladesh,1943,BGD,37241574,,,
Bangladesh,1944,BGD,37555929,,,
Bangladesh,1945,BGD,37872937,,,
Bangladesh,1946,BGD,38192621,,,
Bangladesh,1947,BGD,38515003,,,
Bangladesh,1948,BGD,38840107,,,
Bangladesh,1949,BGD,39243938,,,
Bangladesh,1950,BGD,41206857,,,
Bangladesh,1951,BGD,42022311,,,
Bangladesh,1952,BGD,42893013,,,
Bangladesh,1953,BGD,43791390,,,
Bangladesh,1954,BGD,44741299,,,
Bangladesh,1955,BGD,45767686,,,
Bangladesh,1956,BGD,46854418,,,
Bangladesh,1957,BGD,48004664,,,
Bangladesh,1958,BGD,49184052,,,
Bangladesh,1959,BGD,50441766,,,
Bangladesh,1960,BGD,51828663,,,
Bangladesh,1961,BGD,53310344,,,
Bangladesh,1962,BGD,54881154,,,
Bangladesh,1963,BGD,56504406,,,
Bangladesh,1964,BGD,58178372,,,
Bangladesh,1965,BGD,59902522,,0,
Bangladesh,1966,BGD,61669811,,0,
Bangladesh,1967,BGD,63510933,,0,
Bangladesh,1968,BGD,65408278,,0,
Bangladesh,1969,BGD,67294130,,0,
Bangladesh,1970,BGD,69058898,,0,
Bangladesh,1971,BGD,70276757,,190.773,
Bangladesh,1972,BGD,71641525,,212.036,
Bangladesh,1973,BGD,73722297,,264.238,
Bangladesh,1974,BGD,75839352,,273.559,
Bangladesh,1975,BGD,77854352,,273.987,
Bangladesh,1976,BGD,79855318,,311.726,
Bangladesh,1977,BGD,81867267,,310.725,
Bangladesh,1978,BGD,83889660,,322.137,
Bangladesh,1979,BGD,85935070,,346.714,
Bangladesh,1980,BGD,88016435,,394.817,
Bangladesh,1981,BGD,90303104,,407.956,
Bangladesh,1982,BGD,92814506,,437.877,
Bangladesh,1983,BGD,95335162,,421.567,
Bangladesh,1984,BGD,97814965,,444.13,
Bangladesh,1985,BGD,100253825,,481.519,
Bangladesh,1986,BGD,102635569,,511.875,
Bangladesh,1987,BGD,104959291,,552.448,
Bangladesh,1988,BGD,107216011,,602.302,
Bangladesh,1989,BGD,109433805,,636.131,
Bangladesh,1990,BGD,111633722,,661.596,
Bangladesh,1991,BGD,113787112,,626.21,
Bangladesh,1992,BGD,115952198,,670.195,
Bangladesh,1993,BGD,118132363,,723.221,
Bangladesh,1994,BGD,120343183,,753.595,
Bangladesh,1995,BGD,122600372,,873.64,
Bangladesh,1996,BGD,124862185,,898.61,
Bangladesh,1997,BGD,127198070,,926.829,
Bangladesh,1998,BGD,129622332,,968.654,
Bangladesh,1999,BGD,132108065,,961.223,
Bangladesh,2000,BGD,134544303,0,1012.713,13.98
Bangladesh,2001,BGD,136805810,0,1138.044,15.23
Bangladesh,2002,BGD,138933659,0,1124.599,16.64
Bangladesh,2003,BGD,140970355,0,1171.225,17.62
Bangladesh,2004,BGD,142902857,0,1228.083,22.47
Bangladesh,2005,BGD,144715789,0,1314.626,23.99
Bangladesh,2006,BGD,146405983,0,1406.255,26.85
Bangladesh,2007,BGD,147989282,0,1430.873,27.85
Bangladesh,2008,BGD,149474264,0,1491.569,30.73
Bangladesh,2009,BGD,150873716,0,1626.153,34.06
Bangladesh,2010,BGD,152201978,0,1649.613,37.78
Bangladesh,2011,BGD,153591074,0,1768.521,38.22
Bangladesh,2012,BGD,155070110,0,1902.543,40.78
Bangladesh,2013,BGD,156532134,0,1958.554,44.35
Bangladesh,2014,BGD,157964931,0,2016.64,45.96
Bangladesh,2015,BGD,159383179,0,2416.201,47.82
Bangladesh,2016,BGD,160811934,0,2404.679,55.44
Bangladesh,2017,BGD,162186146,0,2484.585,57.8
Bangladesh,2018,BGD,163523109,0,2631.359,59.67
Bangladesh,2019,BGD,164913060,0,2926.16,68.36
Bangladesh,2020,BGD,166298024,0,2750.767,70.88
Bangladesh,2021,BGD,167658855,0,2937.336,69.81
Bangladesh,2022,BGD,169384891,0,3023.729,69.19
Bangladesh,2023,BGD,171466986,0,2954.849,71.86
Bangladesh,2024,BGD,173562366,0,3048.313,70.07
Barbados,1900,BRB,193451,,,
Barbados,1901,BRB,192476,,,
Barbados,1902,BRB,190746,,,
Barbados,1903,BRB,188266,,,
Barbados,1904,BRB,185818,,,
Barbados,1905,BRB,183403,,,
Barbados,1906,BRB,181018,,,
Barbados,1907,BRB,178665,,,
Barbados,1908,BRB,176343,,,
Barbados,1909,BRB,174184,,,
Barbados,1910,BRB,172186,,,
Barbados,1911,BRB,170345,,,
Barbados,1912,BRB,168658,,,
Barbados,1913,BRB,167122,,,
Barbados,1914,BRB,165600,,,
Barbados,1915,BRB,164092,,,
Barbados,1916,BRB,162598,,,
Barbados,1917,BRB,161117,,,
Barbados,1918,BRB,159654,,,
Barbados,1919,BRB,158812,,,
Barbados,1920,BRB,158593,,,
Barbados,1921,BRB,158998,,,
Barbados,1922,BRB,160027,,,
Barbados,1923,BRB,161680,,,
Barbados,1924,BRB,163351,,,
Barbados,1925,BRB,165039,,,
Barbados,1926,BRB,166745,,,
Barbados,1927,BRB,168468,,,
Barbados,1928,BRB,170209,,,
Barbados,1929,BRB,171989,,,
Barbados,1930,BRB,173809,,,
Barbados,1931,BRB,175669,,,
Barbados,1932,BRB,177569,,,
Barbados,1933,BRB,179512,,,
Barbados,1934,BRB,181476,,,
Barbados,1935,BRB,183461,,,
Barbados,1936,BRB,185468,,,
Barbados,1937,BRB,187497,,,
Barbados,1938,BRB,189548,,,
Barbados,1939,BRB,191519,,,
Barbados,1940,BRB,193407,,,
Barbados,1941,BRB,195210,,,
Barbados,1942,BRB,196928,,,
Barbados,1943,BRB,198557,,,
Barbados,1944,BRB,200201,,,
Barbados,1945,BRB,201857,,,
Barbados,1946,BRB,203528,,,
Barbados,1947,BRB,205212,,,
Barbados,1948,BRB,206911,,,
Barbados,1949,BRB,208689,,,
Barbados,1950,BRB,209928,,,
Barbados,1951,BRB,213410,,,
Barbados,1952,BRB,216517,,,
Barbados,1953,BRB,219244,,,
Barbados,1954,BRB,221568,,,
Barbados,1955,BRB,223296,,,
Barbados,1956,BRB,224519,,,
Barbados,1957,BRB,225803,,,
Barbados,1958,BRB,227266,,,
Barbados,1959,BRB,228789,,,
Barbados,1960,BRB,230901,,,
Barbados,1961,BRB,233155,,,
Barbados,1962,BRB,235236,,,
Barbados,1963,BRB,237566,,,
Barbados,1964,BRB,239969,,,
Barbados,1965,BRB,242421,,,
Barbados,1966,BRB,245010,,,
Barbados,1967,BRB,247099,,,
Barbados,1968,BRB,248554,,,
Barbados,1969,BRB,249447,,,
Barbados,1970,BRB,249398,,,
Barbados,1971,BRB,249177,,,
Barbados,1972,BRB,249666,,,
Barbados,1973,BRB,250330,,,
Barbados,1974,BRB,250786,,,
Barbados,1975,BRB,251188,,,
Barbados,1976,BRB,251454,,,
Barbados,1977,BRB,251630,,,
Barbados,1978,BRB,251566,,,
Barbados,1979,BRB,251277,,,
Barbados,1980,BRB,251533,,17019.666,
Barbados,1981,BRB,252274,,17660.674,
Barbados,1982,BRB,253098,,17847.723,
Barbados,1983,BRB,253993,,18759.568,
Barbados,1984,BRB,254930,,18010.146,
Barbados,1985,BRB,255831,,19834.463,
Barbados,1986,BRB,256628,,20737.594,
Barbados,1987,BRB,257288,,19694.516,
Barbados,1988,BRB,257768,,18510.422,
Barbados,1989,BRB,258113,,20119.715,
Barbados,1990,BRB,258583,,21275.953,
Barbados,1991,BRB,259382,,21446.906,
Barbados,1992,BRB,260272,,22578.002,
Barbados,1993,BRB,261036,,21938.947,
Barbados,1994,BRB,261625,,20759.801,
Barbados,1995,BRB,262046,,21510.744,
Barbados,1996,BRB,262290,,19295.631,
Barbados,1997,BRB,262405,,23220.135,
Barbados,1998,BRB,262434,,23582.225,
Barbados,1999,BRB,262521,,24680.318,
Barbados,2000,BRB,262071,0,26578.361,0.03
Barbados,2001,BRB,262429,0,26557.926,0.02
Barbados,2002,BRB,264155,0,26561.965,0.01
Barbados,2003,BRB,265789,0,26680.176,0.01
Barbados,2004,BRB,267297,0,26727.373,0.01
Barbados,2005,BRB,268717,0,26791.811,0.01
Barbados,2006,BRB,270011,0,26723.955,0.02
Barbados,2007,BRB,271298,0,25376.07,0.02
Barbados,2008,BRB,272719,0,29765.596,0.01
Barbados,2009,BRB,274137,0,27907.617,0.01
Barbados,2010,BRB,275251,0,26773.963,0.01
Barbados,2011,BRB,276150,0,28044.492,0.01
Barbados,2012,BRB,276949,0,26282.139,0.02
Barbados,2013,BRB,277669,0,26601.328,0.02
Barbados,2014,BRB,278355,0,23038.891,0.02
Barbados,2015,BRB,278999,0,24428.852,0.02
Barbados,2016,BRB,279604,0,24818.07,0.02
Barbados,2017,BRB,280177,0,23423.18,0.03
Barbados,2018,BRB,280719,0,26300.879,0.03
Barbados,2019,BRB,281216,0,25585.25,0.03
Barbados,2020,BRB,281706,0,20003.318,0.02
Barbados,2021,BRB,282157,0,19102.555,0.02
Barbados,2022,BRB,282324,0,19859.146,0.03
Barbados,2023,BRB,282347,0,20013.902,0.03
Belarus,1985,BLR,9944184,,41033.402,
Belarus,1986,BLR,10004289,,46563.863,
Belarus,1987,BLR,10057608,,46991.227,
Belarus,1988,BLR,10107636,,47429.98,
Belarus,1989,BLR,10158779,,45641.375,
Belarus,1990,BLR,10186258,,45745.211,
Belarus,1991,BLR,10193889,,45606.363,
Belarus,1992,BLR,10217561,,39633.062,
Belarus,1993,BLR,10241320,,32991,
Belarus,1994,BLR,10230193,,27585.434,
Belarus,1995,BLR,10197466,,24585.137,
Belarus,1996,BLR,10164025,,25298.854,
Belarus,1997,BLR,10122365,,25695.682,
Belarus,1998,BLR,10080579,,25231.76,
Belarus,1999,BLR,10039221,,24645.004,
Belarus,2000,BLR,9991310,0,25522.084,24.36
Belarus,2001,BLR,9938068,0,24945.643,23.58
Belarus,2002,BLR,9873451,0,25976.342,25.07
Belarus,2003,BLR,9803175,0,25966.264,25.51
Belarus,2004,BLR,9735089,0,29278.977,29.66
Belarus,2005,BLR,9667833,0,29386.727,29.98
Belarus,2006,BLR,9608041,0,31443.652,30.21
Belarus,2007,BLR,9563135,0.01,30819.047,31.52
Belarus,2008,BLR,9529357,0.03,31336.238,33.96
Belarus,2009,BLR,9507334,0.07,29715.518,24.82
Belarus,2010,BLR,9490752,0.09,32263.109,33.9
Belarus,2011,BLR,9472738,0.1,31742.064,31.64
Belarus,2012,BLR,9463075,0.13,34368.988,29.79
Belarus,2013,BLR,9464454,0.15,31085.303,31.01
Belarus,2014,BLR,9472704,0.16,31127.623,34.04
Belarus,2015,BLR,9487289,0.19,28138.871,33.35
Belarus,2016,BLR,9499066,0.18,28718.361,32.53
Belarus,2017,BLR,9495793,0.19,29259.266,33.51
Belarus,2018,BLR,9480031,0.21,32402.701,37.89
Belarus,2019,BLR,9435415,0.34,32726.744,39.19
Belarus,2020,BLR,9350943,0.59,30643.369,34.69
Belarus,2021,BLR,9251368,0.55,33803.074,32.19
Belarus,2022,BLR,9173240,0.5,33086.91,29.4
Belarus,2023,BLR,9115679,0.53,33297.785,29.4
Belarus,2024,BLR,9056696,0.45,34632.566,28.44
Belgium,1900,BEL,6705987,,,
Belgium,1901,BEL,6776269,,,
Belgium,1902,BEL,6848968,,,
Belgium,1903,BEL,6924126,,,
Belgium,1904,BEL,7000108,,,
Belgium,1905,BEL,7076924,,,
Belgium,1906,BEL,7154584,,,
Belgium,1907,BEL,7233095,,,
Belgium,1908,BEL,7312468,,,
Belgium,1909,BEL,7377299,,,
Belgium,1910,BEL,7427418,,,
Belgium,1911,BEL,7462655,,,
Belgium,1912,BEL,7482838,,,
Belgium,1913,BEL,7487791,,,
Belgium,1914,BEL,7492747,,,
Belgium,1915,BEL,7497707,,,
Belgium,1916,BEL,7502669,,,
Belgium,1917,BEL,7507636,,,
Belgium,1918,BEL,7513025,,,
Belgium,1919,BEL,7527467,,,
Belgium,1920,BEL,7551028,,,
Belgium,1921,BEL,7583777,,,
Belgium,1922,BEL,7625781,,,
Belgium,1923,BEL,7677110,,,
Belgium,1924,BEL,7728784,,,
Belgium,1925,BEL,7780807,,,
Belgium,1926,BEL,7833179,,,
Belgium,1927,BEL,7885904,,,
Belgium,1928,BEL,7938984,,,
Belgium,1929,BEL,7986890,,,
Belgium,1930,BEL,8029570,,,
Belgium,1931,BEL,8066970,,,
Belgium,1932,BEL,8099037,,,
Belgium,1933,BEL,8125715,,,
Belgium,1934,BEL,8152481,,,
Belgium,1935,BEL,8179335,,,
Belgium,1936,BEL,8206277,,,
Belgium,1937,BEL,8233309,,,
Belgium,1938,BEL,8260429,,,
Belgium,1939,BEL,8287916,,,
Belgium,1940,BEL,8315772,,,
Belgium,1941,BEL,8343998,,,
Belgium,1942,BEL,8372598,,,
Belgium,1943,BEL,8401573,,,
Belgium,1944,BEL,8430648,,,
Belgium,1945,BEL,8459824,,,
Belgium,1946,BEL,8489101,,,
Belgium,1947,BEL,8518479,,,
Belgium,1948,BEL,8547959,,,
Belgium,1949,BEL,8580904,,,
Belgium,1950,BEL,8617442,,,
Belgium,1951,BEL,8655755,,,
Belgium,1952,BEL,8696639,,,
Belgium,1953,BEL,8741858,,,
Belgium,1954,BEL,8788383,,,
Belgium,1955,BEL,8835492,,,
Belgium,1956,BEL,8882161,,,
Belgium,1957,BEL,8931862,,,
Belgium,1958,BEL,8986120,,,
Belgium,1959,BEL,9045745,,,
Belgium,1960,BEL,9102172,,,
Belgium,1961,BEL,9158208,,,
Belgium,1962,BEL,9217669,,,
Belgium,1963,BEL,9275198,,,
Belgium,1964,BEL,9337681,,,
Belgium,1965,BEL,9399851,,43930.613,
Belgium,1966,BEL,9455000,,42079.215,
Belgium,1967,BEL,9505919,,43936.297,
Belgium,1968,BEL,9549702,,48736.289,
Belgium,1969,BEL,9589190,,53265.691,
Belgium,1970,BEL,9630508,,56029.348,
Belgium,1971,BEL,9666524,,54759.535,
Belgium,1972,BEL,9694853,,58044.5,
Belgium,1973,BEL,9718032,,58687.395,
Belgium,1974,BEL,9735809,,56572.863,
Belgium,1975,BEL,9748472,,53138.504,
Belgium,1976,BEL,9758905,,56315.676,
Belgium,1977,BEL,9774018,,56333.273,
Belgium,1978,BEL,9791812,,58693.355,
Belgium,1979,BEL,9811367,,60269.168,
Belgium,1980,BEL,9833093,,57571.547,
Belgium,1981,BEL,9850674,,54645.723,
Belgium,1982,BEL,9862329,,52206.734,
Belgium,1983,BEL,9869136,,50558.559,
Belgium,1984,BEL,9874586,,52809.992,
Belgium,1985,BEL,9880338,,55096.121,
Belgium,1986,BEL,9886981,,56814.492,
Belgium,1987,BEL,9899150,,58457.508,
Belgium,1988,BEL,9916566,,59516.973,
Belgium,1989,BEL,9936575,,59836.559,
Belgium,1990,BEL,9960968,0.28,62378.742,5.41
Belgium,1991,BEL,9998962,0.3,64294.656,6.22
Belgium,1992,BEL,10045988,0.27,63857.262,6.67
Belgium,1993,BEL,10084932,0.25,62586.73,6.81
Belgium,1994,BEL,10116005,0.25,65629.477,8.27
Belgium,1995,BEL,10137264,0.32,66301.898,10.18
Belgium,1996,BEL,10156972,0.31,70284.875,11.01
Belgium,1997,BEL,10181465,0.28,70840.68,11.54
Belgium,1998,BEL,10203185,0.36,72074.211,15.04
Belgium,1999,BEL,10226681,0.5,71395.695,19.23
Belgium,2000,BEL,10251719,0.57,72509.641,15.98
Belgium,2001,BEL,10287005,0.6,71630.055,15.78
Belgium,2002,BEL,10332975,0.72,70983.867,17.87
Belgium,2003,BEL,10376262,0.86,73407.07,21.61
Belgium,2004,BEL,10421298,1.04,73370.898,20.04
Belgium,2005,BEL,10478883,1.59,72156.344,21.5
Belgium,2006,BEL,10548445,2.23,71881.797,21.99
Belgium,2007,BEL,10625488,2.6,71852.602,24.66
Belgium,2008,BEL,10709711,3.33,72432.766,24.11
Belgium,2009,BEL,10812936,3.95,66203.031,29.25
Belgium,2010,BEL,10936619,4.38,69929.078,30.84
Belgium,2011,BEL,11038624,4.63,64655.848,25.44
Belgium,2012,BEL,11107522,5.24,61664.453,23.57
Belgium,2013,BEL,11160277,5.03,62894.422,20.8
Belgium,2014,BEL,11210113,4.41,58059.273,19.34
Belgium,2015,BEL,11275332,5.49,58306.633,22.02
Belgium,2016,BEL,11332707,5.36,62607.219,22.07
Belgium,2017,BEL,11376583,5.7,62940.031,23.02
Belgium,2018,BEL,11428608,5.4,62492.762,23.99
Belgium,2019,BEL,11490623,5.15,64258.418,25.54
Belgium,2020,BEL,11540102,5.26,57530.324,26.78
Belgium,2021,BEL,11570843,4.71,63805.598,22.52
Belgium,2022,BEL,11641814,4.93,59651.605,21.95
Belgium,2023,BEL,11712891,3.79,55542.023,18.3
Belgium,2024,BEL,11738761,3.61,54870.879,14.17
Belize,1980,BLZ,145072,,7256.829,
Belize,1981,BLZ,148802,,6672.987,
Belize,1982,BLZ,152561,,6128.292,
Belize,1983,BLZ,156310,,5986.259,
Belize,1984,BLZ,160060,,6217.582,
Belize,1985,BLZ,163812,,6061.115,
Belize,1986,BLZ,167568,,7213.218,
Belize,1987,BLZ,171349,,5773.296,
Belize,1988,BLZ,175195,,4322.205,
Belize,1989,BLZ,179124,,6081.812,
Belize,1990,BLZ,183090,,7828.034,
Belize,1991,BLZ,187056,,8680.396,
Belize,1992,BLZ,190995,,7126.06,
Belize,1993,BLZ,194916,,6964.649,
Belize,1994,BLZ,199101,,6505.708,
Belize,1995,BLZ,204165,,7450.02,
Belize,1996,BLZ,210321,,6223.767,
Belize,1997,BLZ,217459,,9539.862,
Belize,1998,BLZ,225186,,9076.101,
Belize,1999,BLZ,233066,,9054.72,
Belize,2000,BLZ,240809,0,9041.242,0
Belize,2001,BLZ,248393,0,9764.861,0
Belize,2002,BLZ,256019,0,9159.105,0
Belize,2003,BLZ,263794,0,8923.776,0
Belize,2004,BLZ,271695,0,8297.543,0
Belize,2005,BLZ,279747,0,8679.99,0
Belize,2006,BLZ,287889,0,9037.132,0
Belize,2007,BLZ,296117,0,8224.294,0
Belize,2008,BLZ,304373,0,7562.269,0
Belize,2009,BLZ,312619,0,7848.731,0
Belize,2010,BLZ,320256,0.11,9270.443,0.02
Belize,2011,BLZ,327306,0.06,7350.667,0
Belize,2012,BLZ,334421,0.14,8398.775,0.01
Belize,2013,BLZ,341635,0.09,8494.182,0
Belize,2014,BLZ,348934,0.07,7952.339,0.01
Belize,2015,BLZ,356341,0.09,8944.144,0.01
Belize,2016,BLZ,364717,0.1,8750.693,0
Belize,2017,BLZ,373215,0.11,9631.997,0
Belize,2018,BLZ,380232,0.13,9116.708,0
Belize,2019,BLZ,385833,0.15,11277.264,0
Belize,2020,BLZ,390819,0.14,8852.267,0
Belize,2021,BLZ,395355,0.14,9089.78,0
Belize,2022,BLZ,402741,0.16,9349.882,0
Belize,2023,BLZ,411112,0.15,9012.318,0
Benin,1980,BEN,3925258,,487.289,
Benin,1981,BEN,4038308,,477.138,
Benin,1982,BEN,4156593,,327.163,
Benin,1983,BEN,4278981,,461.051,
Benin,1984,BEN,4405902,,443.89,
Benin,1985,BEN,4538017,,497.199,
Benin,1986,BEN,4675421,,470.191,
Benin,1987,BEN,4818487,,361.428,
Benin,1988,BEN,4967343,,434.714,
Benin,1989,BEN,5121659,,434.464,
Benin,1990,BEN,5281482,,484.103,
Benin,1991,BEN,5446935,,548.623,
Benin,1992,BEN,5617847,,591.021,
Benin,1993,BEN,5872707,,621.688,
Benin,1994,BEN,6096510,,626.573,
Benin,1995,BEN,6226775,,662.107,
Benin,1996,BEN,6391861,,703.568,
Benin,1997,BEN,6583375,,739.009,
Benin,1998,BEN,6789492,,772.518,
Benin,1999,BEN,7002818,,367.445,
Benin,2000,BEN,7221618,0,950.594,0
Benin,2001,BEN,7445599,0,1053.653,0
Benin,2002,BEN,7675430,0,1178.301,0
Benin,2003,BEN,7913074,0,1312.088,0
Benin,2004,BEN,8159098,0,1342.909,0
Benin,2005,BEN,8426145,0,1220.706,0
Benin,2006,BEN,8693243,0,1617.128,0
Benin,2007,BEN,8953973,0,1853.535,0
Benin,2008,BEN,9228468,0,1839.159,0
Benin,2009,BEN,9509431,0,1981.54,0
Benin,2010,BEN,9797488,0,2198.484,0
Benin,2011,BEN,10093626,0,1994.954,0
Benin,2012,BEN,10397659,0,1836.255,0
Benin,2013,BEN,10708831,0,1819.542,0.04
Benin,2014,BEN,11030008,0,1879.149,0.1
Benin,2015,BEN,11360681,0,2004.112,0.11
Benin,2016,BEN,11697845,0,2373.231,0.01
Benin,2017,BEN,12039777,0,2445.911,0.14
Benin,2018,BEN,12383349,0,2616.541,0.06
Benin,2019,BEN,12726760,0,2371.677,0.32
Benin,2020,BEN,13070169,0,2427.168,0.75
Benin,2021,BEN,13413423,0,1837.102,0.89
Benin,2022,BEN,13759507,0,1841.329,0.73
Benin,2023,BEN,14111035,0,1896.627,0.73
Bermuda,1980,BMU,53693,,43542.195,
Bermuda,1981,BMU,54020,,37481.379,
Bermuda,1982,BMU,54407,,39470.215,
Bermuda,1983,BMU,54802,,41424.902,
Bermuda,1984,BMU,55189,,40132.332,
Bermuda,1985,BMU,55569,,38644.855,
Bermuda,1986,BMU,55907,,36165.148,
Bermuda,1987,BMU,56285,,51793.965,
Bermuda,1988,BMU,56714,,56098.984,
Bermuda,1989,BMU,57149,,67273.75,
Bermuda,1990,BMU,57584,,47385.695,
Bermuda,1991,BMU,58007,,41212.223,
Bermuda,1992,BMU,58430,,31964.682,
Bermuda,1993,BMU,58834,,36886.551,
Bermuda,1994,BMU,59214,,35319.34,
Bermuda,1995,BMU,59549,,36022.332,
Bermuda,1996,BMU,59836,,36989.902,
Bermuda,1997,BMU,60194,,36671.504,
Bermuda,1998,BMU,60659,,36390.391,
Bermuda,1999,BMU,61142,,36102.988,
Bermuda,2000,BMU,61569,0.01,39499.262,0
Bermuda,2001,BMU,61887,0.01,39906.672,0
Bermuda,2002,BMU,62163,0.01,41784.938,0
Bermuda,2003,BMU,62405,0.01,41527.418,0
Bermuda,2004,BMU,62576,0.01,42865.84,0
Bermuda,2005,BMU,62730,0.01,45008.629,0
Bermuda,2006,BMU,62855,0.01,50684.289,0
Bermuda,2007,BMU,63030,0.01,58670.762,0
Bermuda,2008,BMU,63319,0.01,55838.457,0
Bermuda,2009,BMU,63587,0.01,43793.906,0
Bermuda,2010,BMU,63748,0.01,51369.234,0
Bermuda,2011,BMU,63753,0.01,33284.449,0
Bermuda,2012,BMU,63665,0.01,36018.93,0
Bermuda,2013,BMU,63593,0.01,36220.793,0
Bermuda,2014,BMU,63551,0.01,46861.48,0
Bermuda,2015,BMU,63482,0.01,39486.441,0
Bermuda,2016,BMU,63466,0.01,50197.062,0
Bermuda,2017,BMU,63603,0.01,49432.203,0
Bermuda,2018,BMU,63852,0.01,48272.238,0
Bermuda,2019,BMU,64130,0.01,41815.137,0
Bermuda,2020,BMU,64404,0.01,30691.555,0
Bermuda,2021,BMU,64672,0.01,35751.664,0
Bermuda,2022,BMU,64772,0.01,36450.684,0
Bermuda,2023,BMU,64721,0.01,35958.02,0
Bhutan,1980,BTN,433412,,63,
Bhutan,1981,BTN,447851,,291.56,
Bhutan,1982,BTN,462495,,287.294,
Bhutan,1983,BTN,477473,,272.55,
Bhutan,1984,BTN,492794,,274.528,
Bhutan,1985,BTN,508399,,289.802,
Bhutan,1986,BTN,524327,,344.211,
Bhutan,1987,BTN,540570,,657.085,
Bhutan,1988,BTN,557002,,682.48,
Bhutan,1989,BTN,573593,,683.189,
Bhutan,1990,BTN,589295,,973.536,
Bhutan,1991,BTN,599789,,989.389,
Bhutan,1992,BTN,577780,,1038.86,
Bhutan,1993,BTN,554680,,1137.233,
Bhutan,1994,BTN,554509,,1415.584,
Bhutan,1995,BTN,547995,,1738.542,
Bhutan,1996,BTN,548792,,1979.485,
Bhutan,1997,BTN,558698,,2248.142,
Bhutan,1998,BTN,569439,,2160.219,
Bhutan,1999,BTN,582589,,2173.009,
Bhutan,2000,BTN,596871,0,2358.492,0
Bhutan,2001,BTN,610801,0,2609.023,0
Bhutan,2002,BTN,624417,0,2814.589,0
Bhutan,2003,BTN,637667,0,2888.316,0
Bhutan,2004,BTN,650559,0,3077.284,0
Bhutan,2005,BTN,661875,0,3502.848,0
Bhutan,2006,BTN,670803,0,5093.35,0
Bhutan,2007,BTN,678643,0,3849.913,0
Bhutan,2008,BTN,686359,0,3525.88,0
Bhutan,2009,BTN,693994,0,4485.24,0
Bhutan,2010,BTN,701638,0,5194.307,0
Bhutan,2011,BTN,709387,0,5334.562,0
Bhutan,2012,BTN,717288,0,5759.628,0
Bhutan,2013,BTN,725282,0,6086.961,0
Bhutan,2014,BTN,733151,0,6002.027,0
Bhutan,2015,BTN,740623,0,6218.035,0
Bhutan,2016,BTN,747878,0,6783.458,0
Bhutan,2017,BTN,754343,0,7141.906,0
Bhutan,2018,BTN,759766,0,8095.734,0
Bhutan,2019,BTN,764830,0,8204.153,0
Bhutan,2020,BTN,770013,0,11798.361,0
Bhutan,2021,BTN,775450,0,18890.199,0
Bhutan,2022,BTN,780921,0,20151.467,0
Bhutan,2023,BTN,786386,0,18780.541,0
Bolivia,1900,BOL,1813429,,,
Bolivia,1901,BOL,1840504,,,
Bolivia,1902,BOL,1862946,,,
Bolivia,1903,BOL,1880588,,,
Bolivia,1904,BOL,1898393,,,
Bolivia,1905,BOL,1916363,,,
Bolivia,1906,BOL,1934499,,,
Bolivia,1907,BOL,1952802,,,
Bolivia,1908,BOL,1971275,,,
Bolivia,1909,BOL,1992797,,,
Bolivia,1910,BOL,2017450,,,
Bolivia,1911,BOL,2045315,,,
Bolivia,1912,BOL,2076476,,,
Bolivia,1913,BOL,2111020,,,
Bolivia,1914,BOL,2146135,,,
Bolivia,1915,BOL,2181829,,,
Bolivia,1916,BOL,2218112,,,
Bolivia,1917,BOL,2254994,,,
Bolivia,1918,BOL,2289257,,,
Bolivia,1919,BOL,2322343,,,
Bolivia,1920,BOL,2354214,,,
Bolivia,1921,BOL,2384831,,,
Bolivia,1922,BOL,2414156,,,
Bolivia,1923,BOL,2442148,,,
Bolivia,1924,BOL,2470465,,,
Bolivia,1925,BOL,2499110,,,
Bolivia,1926,BOL,2528087,,,
Bolivia,1927,BOL,2557400,,,
Bolivia,1928,BOL,2587054,,,
Bolivia,1929,BOL,2617053,,,
Bolivia,1930,BOL,2647402,,,
Bolivia,1931,BOL,2678105,,,
Bolivia,1932,BOL,2709166,,,
Bolivia,1933,BOL,2740590,,,
Bolivia,1934,BOL,2772378,,,
Bolivia,1935,BOL,2804535,,,
Bolivia,1936,BOL,2837065,,,
Bolivia,1937,BOL,2869973,,,
Bolivia,1938,BOL,2903262,,,
Bolivia,1939,BOL,2931704,,,
Bolivia,1940,BOL,2955228,,,
Bolivia,1941,BOL,2973763,,,
Bolivia,1942,BOL,2987236,,,
Bolivia,1943,BOL,2995573,,,
Bolivia,1944,BOL,3003934,,,
Bolivia,1945,BOL,3012318,,,
Bolivia,1946,BOL,3020725,,,
Bolivia,1947,BOL,3029156,,,
Bolivia,1948,BOL,3037611,,,
Bolivia,1949,BOL,3057744,,,
Bolivia,1950,BOL,3089975,,,
Bolivia,1951,BOL,3137299,,,
Bolivia,1952,BOL,3187538,,,
Bolivia,1953,BOL,3240967,,,
Bolivia,1954,BOL,3297841,,,
Bolivia,1955,BOL,3358005,,,
Bolivia,1956,BOL,3421344,,,
Bolivia,1957,BOL,3487565,,,
Bolivia,1958,BOL,3556554,,,
Bolivia,1959,BOL,3628189,,,
Bolivia,1960,BOL,3702323,,,
Bolivia,1961,BOL,3778735,,,
Bolivia,1962,BOL,3857495,,,
Bolivia,1963,BOL,3938914,,,
Bolivia,1964,BOL,4023009,,,
Bolivia,1965,BOL,4109800,,,
Bolivia,1966,BOL,4199555,,,
Bolivia,1967,BOL,4292574,,,
Bolivia,1968,BOL,4388946,,,
Bolivia,1969,BOL,4488231,,,
Bolivia,1970,BOL,4590008,,,
Bolivia,1971,BOL,4694351,,,
Bolivia,1972,BOL,4800985,,,
Bolivia,1973,BOL,4910200,,,
Bolivia,1974,BOL,5022480,,,
Bolivia,1975,BOL,5137540,,,
Bolivia,1976,BOL,5256497,,,
Bolivia,1977,BOL,5379169,,,
Bolivia,1978,BOL,5504131,,,
Bolivia,1979,BOL,5630853,,,
Bolivia,1980,BOL,5758905,,3414.263,
Bolivia,1981,BOL,5888114,,3856.683,
Bolivia,1982,BOL,6018091,,3217.905,
Bolivia,1983,BOL,6149066,,3295.752,
Bolivia,1984,BOL,6281868,,3094.568,
Bolivia,1985,BOL,6416193,,2698.527,
Bolivia,1986,BOL,6552481,,2694.337,
Bolivia,1987,BOL,6692168,,2593.108,
Bolivia,1988,BOL,6835507,,2932.002,
Bolivia,1989,BOL,6981771,,3297.167,
Bolivia,1990,BOL,7130143,,3435.817,
Bolivia,1991,BOL,7280294,,3266.781,
Bolivia,1992,BOL,7430337,,3500.822,
Bolivia,1993,BOL,7579196,,3376.557,
Bolivia,1994,BOL,7727320,,3746.756,
Bolivia,1995,BOL,7874676,,4280.904,
Bolivia,1996,BOL,8021742,,4064.319,
Bolivia,1997,BOL,8167911,,4499.594,
Bolivia,1998,BOL,8313400,,4088.641,
Bolivia,1999,BOL,8459810,,4489.904,
Bolivia,2000,BOL,8606330,0.05,4613.099,1.85
Bolivia,2001,BOL,8752740,0.05,3773.15,1.75
Bolivia,2002,BOL,8900358,0.05,4085.756,1.88
Bolivia,2003,BOL,9050703,0.05,5615.732,2.25
Bolivia,2004,BOL,9204297,0.06,5715.799,2.28
Bolivia,2005,BOL,9360758,0.06,5535.625,2.83
Bolivia,2006,BOL,9521685,0.04,5990.768,2.78
Bolivia,2007,BOL,9685960,0.05,6331.773,3.04
Bolivia,2008,BOL,9850859,0.06,6400.373,3.53
Bolivia,2009,BOL,10016279,0.08,6203.996,3.81
Bolivia,2010,BOL,10182345,0.08,6230.567,4.35
Bolivia,2011,BOL,10348931,0.09,6331.921,4.63
Bolivia,2012,BOL,10515814,0.08,7473.803,4.93
Bolivia,2013,BOL,10682612,0.13,7439.076,5.11
Bolivia,2014,BOL,10848889,0.13,7439.606,5.84
Bolivia,2015,BOL,11014707,0.2,7687.697,6.26
Bolivia,2016,BOL,11180020,0.18,7971.473,7.27
Bolivia,2017,BOL,11344591,0.13,8260.953,7.09
Bolivia,2018,BOL,11508370,0.17,8327.178,6.79
Bolivia,2019,BOL,11671386,0.24,8193.27,6.33
Bolivia,2020,BOL,11816301,0.33,6695.948,6.33
Bolivia,2021,BOL,11937369,0.46,7936.341,6.45
Bolivia,2022,BOL,12077156,0.53,8554.576,7.27
Bolivia,2023,BOL,12244161,0.42,8598.646,7.55
Bolivia,2024,BOL,12413318,0.41,,7.45
Bosnia and Herzegovina,1992,BIH,4234620,,8677.138,
Bosnia and Herzegovina,1993,BIH,3904484,,6852.752,
Bosnia and Herzegovina,1994,BIH,3725412,,7033.086,
Bosnia and Herzegovina,1995,BIH,3715565,,12820.879,
Bosnia and Herzegovina,1996,BIH,3875246,,6143.073,
Bosnia and Herzegovina,1997,BIH,4018228,,9844.338,
Bosnia and Herzegovina,1998,BIH,4089357,,11882.883,
Bosnia and Herzegovina,1999,BIH,4130312,,11489.427,
Bosnia and Herzegovina,2000,BIH,4159785,,13112.501,
Bosnia and Herzegovina,2001,BIH,4179446,,12905.365,
Bosnia and Herzegovina,2002,BIH,4188006,,12973.768,
Bosnia and Herzegovina,2003,BIH,4178523,,11420.435,
Bosnia and Herzegovina,2004,BIH,4140990,,11305.199,
Bosnia and Herzegovina,2005,BIH,4096493,,10346.191,
Bosnia and Herzegovina,2006,BIH,4063269,,10823.57,
Bosnia and Herzegovina,2007,BIH,4013420,,11227.055,
Bosnia and Herzegovina,2008,BIH,3947545,,12752.937,
Bosnia and Herzegovina,2009,BIH,3879798,,15458.73,0.06
Bosnia and Herzegovina,2010,BIH,3811480,,16196.391,0.05
Bosnia and Herzegovina,2011,BIH,3741799,,17665.49,0.05
Bosnia and Herzegovina,2012,BIH,3670109,,17613.062,0.05
Bosnia and Herzegovina,2013,BIH,3610857,,16714.635,0.04
Bosnia and Herzegovina,2014,BIH,3564831,0,16940.182,0.03
Bosnia and Herzegovina,2015,BIH,3518541,0,17474.537,0.03
Bosnia and Herzegovina,2016,BIH,3472997,0,18144.992,0.02
Bosnia and Herzegovina,2017,BIH,3428684,0.01,19206.406,0.02
Bosnia and Herzegovina,2018,BIH,3386999,0.01,18484.439,0.03
Bosnia and Herzegovina,2019,BIH,3345532,0.01,17670.797,0.02
Bosnia and Herzegovina,2020,BIH,3299352,0.01,17237.43,0
Bosnia and Herzegovina,2021,BIH,3244912,0.04,20087.381,0
Bosnia and Herzegovina,2022,BIH,3204802,0.03,28264.172,0.01
Bosnia and Herzegovina,2023,BIH,3185072,0.04,26735.992,0.01
Bosnia and Herzegovina,2024,BIH,3164256,0.04,,0.01
Botswana,1900,BWA,165725,,,
Botswana,1901,BWA,168032,,,
Botswana,1902,BWA,170582,,,
Botswana,1903,BWA,173381,,,
Botswana,1904,BWA,176226,,,
Botswana,1905,BWA,179118,,,
Botswana,1906,BWA,182058,,,
Botswana,1907,BWA,185045,,,
Botswana,1908,BWA,188082,,,
Botswana,1909,BWA,191132,,,
Botswana,1910,BWA,194195,,,
Botswana,1911,BWA,197270,,,
Botswana,1912,BWA,200357,,,
Botswana,1913,BWA,203456,,,
Botswana,1914,BWA,206603,,,
Botswana,1915,BWA,209799,,,
Botswana,1916,BWA,213044,,,
Botswana,1917,BWA,216340,,,
Botswana,1918,BWA,219694,,,
Botswana,1919,BWA,223349,,,
Botswana,1920,BWA,227317,,,
Botswana,1921,BWA,231606,,,
Botswana,1922,BWA,236228,,,
Botswana,1923,BWA,241193,,,
Botswana,1924,BWA,246262,,,
Botswana,1925,BWA,251437,,,
Botswana,1926,BWA,256722,,,
Botswana,1927,BWA,262117,,,
Botswana,1928,BWA,267626,,,
Botswana,1929,BWA,273204,,,
Botswana,1930,BWA,278852,,,
Botswana,1931,BWA,284571,,,
Botswana,1932,BWA,290360,,,
Botswana,1933,BWA,296221,,,
Botswana,1934,BWA,302200,,,
Botswana,1935,BWA,308300,,,
Botswana,1936,BWA,314523,,,
Botswana,1937,BWA,320871,,,
Botswana,1938,BWA,327348,,,
Botswana,1939,BWA,333887,,,
Botswana,1940,BWA,340490,,,
Botswana,1941,BWA,347156,,,
Botswana,1942,BWA,353884,,,
Botswana,1943,BWA,360675,,,
Botswana,1944,BWA,367597,,,
Botswana,1945,BWA,374651,,,
Botswana,1946,BWA,381841,,,
Botswana,1947,BWA,389168,,,
Botswana,1948,BWA,396637,,,
Botswana,1949,BWA,404733,,,
Botswana,1950,BWA,413708,,,
Botswana,1951,BWA,423568,,,
Botswana,1952,BWA,433719,,,
Botswana,1953,BWA,443979,,,
Botswana,1954,BWA,454051,,,
Botswana,1955,BWA,463935,,,
Botswana,1956,BWA,473785,,,
Botswana,1957,BWA,483798,,,
Botswana,1958,BWA,494112,,,
Botswana,1959,BWA,504883,,,
Botswana,1960,BWA,516174,,,
Botswana,1961,BWA,527952,,,
Botswana,1962,BWA,540189,,,
Botswana,1963,BWA,552977,,,
Botswana,1964,BWA,566282,,,
Botswana,1965,BWA,574670,,,
Botswana,1966,BWA,577876,,,
Botswana,1967,BWA,580938,,,
Botswana,1968,BWA,583974,,,
Botswana,1969,BWA,587078,,,
Botswana,1970,BWA,590338,,,
Botswana,1971,BWA,600488,,,
Botswana,1972,BWA,622416,,,
Botswana,1973,BWA,652420,,,
Botswana,1974,BWA,685455,,,
Botswana,1975,BWA,720389,,,
Botswana,1976,BWA,758514,,,
Botswana,1977,BWA,799587,,,
Botswana,1978,BWA,849246,,,
Botswana,1979,BWA,901754,,,
Botswana,1980,BWA,937493,,4610.632,
Botswana,1981,BWA,970003,,4671.701,
Botswana,1982,BWA,1009273,,4189.353,
Botswana,1983,BWA,1046148,,4051.099,
Botswana,1984,BWA,1083665,,3906.469,
Botswana,1985,BWA,1121954,,4928.077,
Botswana,1986,BWA,1160655,,5065.451,
Botswana,1987,BWA,1199180,,5167.503,
Botswana,1988,BWA,1235488,,5805.19,
Botswana,1989,BWA,1270279,,6378.684,
Botswana,1990,BWA,1305699,,6855.631,
Botswana,1991,BWA,1341767,,6982.897,
Botswana,1992,BWA,1380038,,8235.484,
Botswana,1993,BWA,1420120,,7765.477,
Botswana,1994,BWA,1460030,,7518.793,
Botswana,1995,BWA,1498842,,7412.382,
Botswana,1996,BWA,1535917,,6853.327,
Botswana,1997,BWA,1571700,,6902.57,
Botswana,1998,BWA,1606906,,7237.88,
Botswana,1999,BWA,1642006,,6701.352,
Botswana,2000,BWA,1677384,0,8543.656,0
Botswana,2001,BWA,1712264,0,8774.433,0
Botswana,2002,BWA,1744765,0,8939.827,0
Botswana,2003,BWA,1775744,0,8960.578,0
Botswana,2004,BWA,1807153,0,8820.595,0
Botswana,2005,BWA,1839881,0,9163.713,0
Botswana,2006,BWA,1874526,0,9568.378,0
Botswana,2007,BWA,1911200,0,9655.335,0
Botswana,2008,BWA,1949973,0,9837.472,0
Botswana,2009,BWA,1990671,0,9056.343,0
Botswana,2010,BWA,2033110,0,9157.634,0
Botswana,2011,BWA,2073538,0,9418.284,0
Botswana,2012,BWA,2108617,0,9152.468,0
Botswana,2013,BWA,2140687,0,8948.596,0
Botswana,2014,BWA,2172053,0,8857.137,0
Botswana,2015,BWA,2203276,0,10640.027,0
Botswana,2016,BWA,2234784,0,11547.974,0
Botswana,2017,BWA,2266749,0,10434.404,0
Botswana,2018,BWA,2299149,0,10197.871,0
Botswana,2019,BWA,2332082,0,9783.121,0
Botswana,2020,BWA,2365895,0,9292.531,0
Botswana,2021,BWA,2401448,0,9660.034,0
Botswana,2022,BWA,2439895,0,12002.065,0
Botswana,2023,BWA,2480242,0,9508.218,0
Brazil,1900,BRA,18058538,,,
Brazil,1901,BRA,18463951,,,
Brazil,1902,BRA,18869255,,,
Brazil,1903,BRA,19274237,,,
Brazil,1904,BRA,19687910,,,
Brazil,1905,BRA,20110461,,,
Brazil,1906,BRA,20542081,,,
Brazil,1907,BRA,20982964,,,
Brazil,1908,BRA,21433310,,,
Brazil,1909,BRA,21892657,,,
Brazil,1910,BRA,22361184,,,
Brazil,1911,BRA,22839075,,,
Brazil,1912,BRA,23326514,,,
Brazil,1913,BRA,23823693,,,
Brazil,1914,BRA,24331468,,,
Brazil,1915,BRA,24850065,,,
Brazil,1916,BRA,25379715,,,
Brazil,1917,BRA,25920654,,,
Brazil,1918,BRA,26470416,,,
Brazil,1919,BRA,27027899,,,
Brazil,1920,BRA,27593186,,,
Brazil,1921,BRA,28166360,,,
Brazil,1922,BRA,28747505,,,
Brazil,1923,BRA,29336703,,,
Brazil,1924,BRA,29937978,,,
Brazil,1925,BRA,30551576,,,
Brazil,1926,BRA,31177749,,,
Brazil,1927,BRA,31816757,,,
Brazil,1928,BRA,32468862,,,
Brazil,1929,BRA,33134257,,,
Brazil,1930,BRA,33813213,,,
Brazil,1931,BRA,34506006,,,
Brazil,1932,BRA,35212919,,,
Brazil,1933,BRA,35934239,,,
Brazil,1934,BRA,36670335,,,
Brazil,1935,BRA,37421510,,,
Brazil,1936,BRA,38188072,,,
Brazil,1937,BRA,38970337,,,
Brazil,1938,BRA,39768626,,,
Brazil,1939,BRA,40633684,,,
Brazil,1940,BRA,41568218,,,
Brazil,1941,BRA,42575027,,,
Brazil,1942,BRA,43657003,,,
Brazil,1943,BRA,44817135,,,
Brazil,1944,BRA,46008096,,,
Brazil,1945,BRA,47230706,,,
Brazil,1946,BRA,48485805,,,
Brazil,1947,BRA,49774257,,,
Brazil,1948,BRA,51096948,,,
Brazil,1949,BRA,52489682,,,
Brazil,1950,BRA,53408551,,,
Brazil,1951,BRA,55018849,,,
Brazil,1952,BRA,56694872,,,
Brazil,1953,BRA,58433756,,,
Brazil,1954,BRA,60235125,,,
Brazil,1955,BRA,62101393,,,
Brazil,1956,BRA,64033997,,,
Brazil,1957,BRA,66031498,,,
Brazil,1958,BRA,68092148,,,
Brazil,1959,BRA,70214470,,,
Brazil,1960,BRA,72388124,,,
Brazil,1961,BRA,74605442,,,
Brazil,1962,BRA,76865322,,,
Brazil,1963,BRA,79164237,,,
Brazil,1964,BRA,81488598,,,
Brazil,1965,BRA,83817586,,3267.448,
Brazil,1966,BRA,86139356,,3468.567,
Brazil,1967,BRA,88446119,,3500.2,
Brazil,1968,BRA,90741243,,3895.539,
Brazil,1969,BRA,93045768,,4146.475,
Brazil,1970,BRA,95375656,,4887.167,
Brazil,1971,BRA,97739280,,5176.854,
Brazil,1972,BRA,100146794,,5817.811,
Brazil,1973,BRA,102600970,,6703.924,
Brazil,1974,BRA,105089675,,7254.19,
Brazil,1975,BRA,107619567,,7457.292,
Brazil,1976,BRA,110213353,,7965.411,
Brazil,1977,BRA,112875287,,8330.01,
Brazil,1978,BRA,115600943,,8972.107,
Brazil,1979,BRA,118380819,,9475.116,
Brazil,1980,BRA,121207451,,9554.172,
Brazil,1981,BRA,124063113,,9034.091,
Brazil,1982,BRA,126923156,,9301.312,
Brazil,1983,BRA,129790081,,9202.626,
Brazil,1984,BRA,132658861,,9625.038,
Brazil,1985,BRA,135515593,,10099.972,0
Brazil,1986,BRA,138336371,,10427.861,0
Brazil,1987,BRA,141104946,,10499.386,0
Brazil,1988,BRA,143826357,,10742.801,0.005
Brazil,1989,BRA,146502975,,10795.25,0.215
Brazil,1990,BRA,149143223,,10479.675,0.326
Brazil,1991,BRA,151724253,,10703.902,0.373
Brazil,1992,BRA,154275077,,10708.817,0.39
Brazil,1993,BRA,156794574,,11035.176,0.388
Brazil,1994,BRA,159265011,,11345.266,0.479
Brazil,1995,BRA,161735079,,11828.174,0.56
Brazil,1996,BRA,164202549,,12366.625,0.974
Brazil,1997,BRA,166661662,,12895.613,1.177
Brazil,1998,BRA,169159651,,13238.571,1.321
Brazil,1999,BRA,171641544,,13225.068,2.653
Brazil,2000,BRA,174018278,7.86,13586.246,4.07
Brazil,2001,BRA,176301201,9.02,13068.835,9.92
Brazil,2002,BRA,178503485,10.27,13173.609,12.41
Brazil,2003,BRA,180622688,11.94,13211.707,13.11
Brazil,2004,BRA,182675144,12.52,13703.958,19.26
Brazil,2005,BRA,184688101,13.64,13910.277,18.81
Brazil,2006,BRA,186653099,14.85,14152.363,18.26
Brazil,2007,BRA,188552311,18.06,14905.908,15.5
Brazil,2008,BRA,190367297,19.79,15424.676,28.78
Brazil,2009,BRA,192079958,22.88,15230.74,13.33
Brazil,2010,BRA,193701931,31.94,16462.07,36.48
Brazil,2011,BRA,195284736,32.63,16981.988,25.1
Brazil,2012,BRA,196876113,35.77,17312.078,46.76
Brazil,2013,BRA,198478290,40.97,17638.982,69
Brazil,2014,BRA,200085126,47.08,17870.57,81.07
Brazil,2015,BRA,201675534,49.88,17530.328,79.49
Brazil,2016,BRA,203218108,51.33,16983.99,56.48
Brazil,2017,BRA,204703440,52.91,16988.619,65.59
Brazil,2018,BRA,206107265,54.38,16915.357,54.62
Brazil,2019,BRA,207455459,54.92,17194.145,65.96
Brazil,2020,BRA,208660845,58.74,16401.875,59.48
Brazil,2021,BRA,209550291,56.01,17089.926,86.96
Brazil,2022,BRA,210306411,55.02,17744.193,42.11
Brazil,2023,BRA,211140731,57.76,18252.027,38.59
Brazil,2024,BRA,211998565,58.24,18486.229,48.76
British Virgin Islands,1980,VGB,11148,,11157.304,
British Virgin Islands,1981,VGB,11499,,16180.771,
British Virgin Islands,1982,VGB,11944,,15577.92,
British Virgin Islands,1983,VGB,12388,,15019.59,
British Virgin Islands,1984,VGB,12844,,9684.025,
British Virgin Islands,1985,VGB,13291,,9332.765,
British Virgin Islands,1986,VGB,13749,,5465.904,
British Virgin Islands,1987,VGB,14213,,13625.07,
British Virgin Islands,1988,VGB,14704,,13204.113,
British Virgin Islands,1989,VGB,15201,,12739.499,
British Virgin Islands,1990,VGB,15727,,12313.418,
British Virgin Islands,1991,VGB,16208,,11947.996,
British Virgin Islands,1992,VGB,16615,,11685.422,
British Virgin Islands,1993,VGB,17008,,11386.002,
British Virgin Islands,1994,VGB,17430,,11110.334,
British Virgin Islands,1995,VGB,17863,,10841.019,
British Virgin Islands,1996,VGB,18308,,13682.49,
British Virgin Islands,1997,VGB,18783,,13301.653,
British Virgin Islands,1998,VGB,19262,,12970.873,
British Virgin Islands,1999,VGB,19755,,12647.424,
British Virgin Islands,2000,VGB,20266,0,21586.766,0
British Virgin Islands,2001,VGB,20825,0,21500.305,0
British Virgin Islands,2002,VGB,21454,0,22075.652,0
British Virgin Islands,2003,VGB,22155,0,22837.088,0
British Virgin Islands,2004,VGB,22905,0,23218.637,0
British Virgin Islands,2005,VGB,23693,0,23091.428,0
British Virgin Islands,2006,VGB,24519,0,24307.912,0
British Virgin Islands,2007,VGB,25391,0,24333.58,0
British Virgin Islands,2008,VGB,26308,0,25234.713,0
British Virgin Islands,2009,VGB,27240,0,25544.244,0
British Virgin Islands,2010,VGB,27698,0,25813.229,0
British Virgin Islands,2011,VGB,28733,0,25476.943,0
British Virgin Islands,2012,VGB,30369,0,24020.611,0
British Virgin Islands,2013,VGB,31727,0,22992.465,0
British Virgin Islands,2014,VGB,32988,0,22467.686,0
British Virgin Islands,2015,VGB,34523,0,21548.275,0
British Virgin Islands,2016,VGB,33904,0,22235.967,0
British Virgin Islands,2017,VGB,32724,0,21665.006,0
British Virgin Islands,2018,VGB,34682,0,19300.41,0
British Virgin Islands,2019,VGB,36423,0,20971.912,0
British Virgin Islands,2020,VGB,37161,0,20171.9,0
British Virgin Islands,2021,VGB,37833,0,20222.768,0
British Virgin Islands,2022,VGB,38346,0,20253.197,0
British Virgin Islands,2023,VGB,39009,0,19622.957,0
Brunei,1900,BRN,16978,,,
Brunei,1901,BRN,17540,,,
Brunei,1902,BRN,18120,,,
Brunei,1903,BRN,18719,,,
Brunei,1904,BRN,19338,,,
Brunei,1905,BRN,19977,,,
Brunei,1906,BRN,20638,,,
Brunei,1907,BRN,21286,,,
Brunei,1908,BRN,21921,,,
Brunei,1909,BRN,22541,,,
Brunei,1910,BRN,23145,,,
Brunei,1911,BRN,23354,,,
Brunei,1912,BRN,23566,,,
Brunei,1913,BRN,23976,,,
Brunei,1914,BRN,24393,,,
Brunei,1915,BRN,24818,,,
Brunei,1916,BRN,25250,,,
Brunei,1917,BRN,25690,,,
Brunei,1918,BRN,26123,,,
Brunei,1919,BRN,26549,,,
Brunei,1920,BRN,26970,,,
Brunei,1921,BRN,27385,,,
Brunei,1922,BRN,27792,,,
Brunei,1923,BRN,28193,,,
Brunei,1924,BRN,28599,,,
Brunei,1925,BRN,29011,,,
Brunei,1926,BRN,29429,,,
Brunei,1927,BRN,29854,,,
Brunei,1928,BRN,30284,,,
Brunei,1929,BRN,30828,,,
Brunei,1930,BRN,31492,,,
Brunei,1931,BRN,32280,,,
Brunei,1932,BRN,33198,,,
Brunei,1933,BRN,34251,,,
Brunei,1934,BRN,35338,,,
Brunei,1935,BRN,36459,,,
Brunei,1936,BRN,37616,,,
Brunei,1937,BRN,38810,,,
Brunei,1938,BRN,40041,,,
Brunei,1939,BRN,41121,,,
Brunei,1940,BRN,42042,,,
Brunei,1941,BRN,42798,,,
Brunei,1942,BRN,43382,,,
Brunei,1943,BRN,43786,,,
Brunei,1944,BRN,44193,,,
Brunei,1945,BRN,44605,,,
Brunei,1946,BRN,45021,,,
Brunei,1947,BRN,45440,,,
Brunei,1948,BRN,45863,,,
Brunei,1949,BRN,46794,,,
Brunei,1950,BRN,48316,,,
Brunei,1951,BRN,51213,,,
Brunei,1952,BRN,54252,,,
Brunei,1953,BRN,57582,,,
Brunei,1954,BRN,61227,,,
Brunei,1955,BRN,65228,,,
Brunei,1956,BRN,69568,,,
Brunei,1957,BRN,74183,,,
Brunei,1958,BRN,78989,,,
Brunei,1959,BRN,83860,,,
Brunei,1960,BRN,88359,,,
Brunei,1961,BRN,92529,,,
Brunei,1962,BRN,96737,,,
Brunei,1963,BRN,101171,,,
Brunei,1964,BRN,105936,,,
Brunei,1965,BRN,110856,,,
Brunei,1966,BRN,115890,,,
Brunei,1967,BRN,121036,,,
Brunei,1968,BRN,126237,,,
Brunei,1969,BRN,131456,,,
Brunei,1970,BRN,135157,,,
Brunei,1971,BRN,137931,,,
Brunei,1972,BRN,142197,,,
Brunei,1973,BRN,147381,,,
Brunei,1974,BRN,152669,,,
Brunei,1975,BRN,158081,,,
Brunei,1976,BRN,163621,,,
Brunei,1977,BRN,169287,,,
Brunei,1978,BRN,174902,,,
Brunei,1979,BRN,180430,,,
Brunei,1980,BRN,186121,,129630.031,
Brunei,1981,BRN,191990,,129935.688,
Brunei,1982,BRN,198177,,137327.547,
Brunei,1983,BRN,204754,,104459.352,
Brunei,1984,BRN,211673,,89276.961,
Brunei,1985,BRN,218928,,103014.469,
Brunei,1986,BRN,226510,,65972.906,
Brunei,1987,BRN,233876,,102043.992,
Brunei,1988,BRN,240928,,85808.805,
Brunei,1989,BRN,248077,,97908.484,
Brunei,1990,BRN,255307,,80499.367,
Brunei,1991,BRN,262604,,62545.637,
Brunei,1992,BRN,269848,,59518.008,
Brunei,1993,BRN,276978,,55113.656,
Brunei,1994,BRN,284098,,51641.887,
Brunei,1995,BRN,291207,,62311.766,
Brunei,1996,BRN,298283,,56655.473,
Brunei,1997,BRN,305357,,59185.188,
Brunei,1998,BRN,312398,,52323.48,
Brunei,1999,BRN,319412,,60379.188,
Brunei,2000,BRN,326429,0,60239.23,2.52
Brunei,2001,BRN,333353,0,67067.914,2.56
Brunei,2002,BRN,340108,0,76759.656,2.68
Brunei,2003,BRN,346650,0,77912.984,3.17
Brunei,2004,BRN,352921,0,84982.734,3.23
Brunei,2005,BRN,358930,0,94131.758,3.23
Brunei,2006,BRN,364670,0,142785.906,3.27
Brunei,2007,BRN,370883,0,147383.641,3.36
Brunei,2008,BRN,377800,0,148600.297,3.39
Brunei,2009,BRN,384965,0,96748.219,3.58
Brunei,2010,BRN,392340,0,108127.867,3.75
Brunei,2011,BRN,399395,0,109107.234,3.69
Brunei,2012,BRN,405564,0,104440.531,3.89
Brunei,2013,BRN,411205,0,95801.016,4.36
Brunei,2014,BRN,416757,0,106308.477,4.46
Brunei,2015,BRN,422223,0,115953.25,4.16
Brunei,2016,BRN,427571,0,119606.797,4.22
Brunei,2017,BRN,432787,0,118640.672,4.11
Brunei,2018,BRN,437811,0,121695.086,4.25
Brunei,2019,BRN,442690,0,121644.695,4.4
Brunei,2020,BRN,447411,0,130865.547,4.47
Brunei,2021,BRN,451722,0,123024.211,4.42
Brunei,2022,BRN,455374,0,117670.914,4.34
Brunei,2023,BRN,458959,0,118211.914,4.33
Brunei,2024,BRN,462734,,,
Bulgaria,1900,BGR,3956269,,,
Bulgaria,1901,BGR,4008414,,,
Bulgaria,1902,BGR,4059074,,,
Bulgaria,1903,BGR,4108198,,,
Bulgaria,1904,BGR,4157917,,,
Bulgaria,1905,BGR,4208238,,,
Bulgaria,1906,BGR,4259167,,,
Bulgaria,1907,BGR,4310713,,,
Bulgaria,1908,BGR,4362882,,,
Bulgaria,1909,BGR,4415050,,,
Bulgaria,1910,BGR,4467209,,,
Bulgaria,1911,BGR,4519353,,,
Bulgaria,1912,BGR,4571473,,,
Bulgaria,1913,BGR,4623562,,,
Bulgaria,1914,BGR,4676245,,,
Bulgaria,1915,BGR,4729527,,,
Bulgaria,1916,BGR,4783417,,,
Bulgaria,1917,BGR,4837920,,,
Bulgaria,1918,BGR,4893987,,,
Bulgaria,1919,BGR,4956524,,,
Bulgaria,1920,BGR,5025707,,,
Bulgaria,1921,BGR,5101718,,,
Bulgaria,1922,BGR,5184739,,,
Bulgaria,1923,BGR,5274959,,,
Bulgaria,1924,BGR,5366749,,,
Bulgaria,1925,BGR,5460137,,,
Bulgaria,1926,BGR,5555149,,,
Bulgaria,1927,BGR,5651814,,,
Bulgaria,1928,BGR,5750162,,,
Bulgaria,1929,BGR,5841566,,,
Bulgaria,1930,BGR,5925817,,,
Bulgaria,1931,BGR,6002703,,,
Bulgaria,1932,BGR,6072006,,,
Bulgaria,1933,BGR,6133503,,,
Bulgaria,1934,BGR,6195623,,,
Bulgaria,1935,BGR,6258372,,,
Bulgaria,1936,BGR,6321757,,,
Bulgaria,1937,BGR,6385784,,,
Bulgaria,1938,BGR,6450459,,,
Bulgaria,1939,BGR,6513568,,,
Bulgaria,1940,BGR,6575077,,,
Bulgaria,1941,BGR,6634949,,,
Bulgaria,1942,BGR,6693150,,,
Bulgaria,1943,BGR,6749643,,,
Bulgaria,1944,BGR,6806614,,,
Bulgaria,1945,BGR,6864065,,,
Bulgaria,1946,BGR,6922000,,,
Bulgaria,1947,BGR,6980425,,,
Bulgaria,1948,BGR,7039343,,,
Bulgaria,1949,BGR,7098413,,,
Bulgaria,1950,BGR,7248509,,,
Bulgaria,1951,BGR,7314426,,,
Bulgaria,1952,BGR,7361958,,,
Bulgaria,1953,BGR,7415922,,,
Bulgaria,1954,BGR,7476266,,,
Bulgaria,1955,BGR,7533657,,,
Bulgaria,1956,BGR,7587165,,,
Bulgaria,1957,BGR,7649543,,,
Bulgaria,1958,BGR,7724893,,,
Bulgaria,1959,BGR,7794176,,,
Bulgaria,1960,BGR,7862935,,,
Bulgaria,1961,BGR,7938308,,,
Bulgaria,1962,BGR,8008328,,,
Bulgaria,1963,BGR,8073731,,,
Bulgaria,1964,BGR,8140074,,,
Bulgaria,1965,BGR,8202417,,14620.77,
Bulgaria,1966,BGR,8258787,,15567.108,
Bulgaria,1967,BGR,8311127,,17968.76,
Bulgaria,1968,BGR,8370645,,19943.219,
Bulgaria,1969,BGR,8435273,,22058.291,
Bulgaria,1970,BGR,8490822,,24657.031,
Bulgaria,1971,BGR,8538900,,25529.869,
Bulgaria,1972,BGR,8579912,,26144.588,
Bulgaria,1973,BGR,8624799,,27023.654,
Bulgaria,1974,BGR,8682750,,27644.533,
Bulgaria,1975,BGR,8723145,,30414.811,
Bulgaria,1976,BGR,8759433,,32080.141,
Bulgaria,1977,BGR,8804690,,33632.816,
Bulgaria,1978,BGR,8813742,,34789.098,
Bulgaria,1979,BGR,8824994,,36062.77,
Bulgaria,1980,BGR,8859539,,37924.316,
Bulgaria,1981,BGR,8887803,,37245.914,
Bulgaria,1982,BGR,8912738,,38049.559,
Bulgaria,1983,BGR,8933328,,38219.535,
Bulgaria,1984,BGR,8952608,,37916.188,
Bulgaria,1985,BGR,8958855,,37602.871,
Bulgaria,1986,BGR,8963473,,38337.195,
Bulgaria,1987,BGR,8976206,,38579.18,
Bulgaria,1988,BGR,8985721,,39436.852,
Bulgaria,1989,BGR,8936386,,39309.855,
Bulgaria,1990,BGR,8822366,0,36771.109,3.19
Bulgaria,1991,BGR,8695798,0,30198.242,2.88
Bulgaria,1992,BGR,8559091,0,28868.836,2.77
Bulgaria,1993,BGR,8466533,0,31134.502,3.04
Bulgaria,1994,BGR,8416924,0,30122.635,2.56
Bulgaria,1995,BGR,8357576,0,32624.234,3.21
Bulgaria,1996,BGR,8291402,0,32793.77,2.98
Bulgaria,1997,BGR,8217101,0,31293.846,1.88
Bulgaria,1998,BGR,8138193,0,30382.707,2.01
Bulgaria,1999,BGR,8067464,0,26929.967,2.01
Bulgaria,2000,BGR,8000519,0,27170.389,1.91
Bulgaria,2001,BGR,7928455,0,28324.223,1.91
Bulgaria,2002,BGR,7861949,0,27707.934,1.54
Bulgaria,2003,BGR,7804405,0,28875.049,1.76
Bulgaria,2004,BGR,7749430,0,28120.139,1.49
Bulgaria,2005,BGR,7695047,0,30680.197,1.73
Bulgaria,2006,BGR,7640292,0,31504.156,2.16
Bulgaria,2007,BGR,7586896,0,30663.352,2.34
Bulgaria,2008,BGR,7535589,0.02,30551.521,2.36
Bulgaria,2009,BGR,7488016,0.01,26990.662,1.96
Bulgaria,2010,BGR,7437594,0.04,28432.732,1.97
Bulgaria,2011,BGR,7380023,0.06,30434.416,2.08
Bulgaria,2012,BGR,7317020,0.07,29168.732,2.36
Bulgaria,2013,BGR,7264605,0.11,27270.346,2.34
Bulgaria,2014,BGR,7223450,0.2,29286.607,2.14
Bulgaria,2015,BGR,7177515,0.27,31303.371,1.86
Bulgaria,2016,BGR,7127436,0.35,29900.988,2.05
Bulgaria,2017,BGR,7075642,0.4,30834.584,1.93
Bulgaria,2018,BGR,7024745,1.57,31149.057,2.02
Bulgaria,2019,BGR,6975466,1.82,30327.924,2.15
Bulgaria,2020,BGR,6933656,1.7,28177.615,2.29
Bulgaria,2021,BGR,6877222,2.59,32263.266,3.05
Bulgaria,2022,BGR,6825862,2.24,33606.043,2.05
Bulgaria,2023,BGR,6795805,1.87,29007.344,1.94
Bulgaria,2024,BGR,6757686,1.72,28381.641,2.04
Burkina Faso,1980,BFA,6947900,,254.619,
Burkina Faso,1981,BFA,7140270,,247.082,
Burkina Faso,1982,BFA,7340199,,240.352,
Burkina Faso,1983,BFA,7551136,,233.638,
Burkina Faso,1984,BFA,7772260,,227.613,
Burkina Faso,1985,BFA,7999935,,213.18,
Burkina Faso,1986,BFA,8228847,,245.253,
Burkina Faso,1987,BFA,8457112,,249.21,
Burkina Faso,1988,BFA,8687441,,254.419,
Burkina Faso,1989,BFA,8921178,,222.042,
Burkina Faso,1990,BFA,9159358,,220.592,
Burkina Faso,1991,BFA,9394631,,248.237,
Burkina Faso,1992,BFA,9629280,,243.531,
Burkina Faso,1993,BFA,9871715,,258.528,
Burkina Faso,1994,BFA,10123807,,277.202,
Burkina Faso,1995,BFA,10386723,,272.304,
Burkina Faso,1996,BFA,10655943,,279.571,
Burkina Faso,1997,BFA,10934222,,442.538,
Burkina Faso,1998,BFA,11240668,,391.219,
Burkina Faso,1999,BFA,11574930,,383.809,
Burkina Faso,2000,BFA,11925548,0,340.959,0
Burkina Faso,2001,BFA,12294996,0,376.25,0
Burkina Faso,2002,BFA,12680904,0,381.058,0
Burkina Faso,2003,BFA,13082530,0,404.996,0
Burkina Faso,2004,BFA,13500536,0,351.7,0
Burkina Faso,2005,BFA,13932127,0,362.958,0
Burkina Faso,2006,BFA,14373713,0,349.467,0
Burkina Faso,2007,BFA,14816313,0,480.703,0
Burkina Faso,2008,BFA,15258103,0,508.09,0
Burkina Faso,2009,BFA,15710067,0,463.295,0
Burkina Faso,2010,BFA,16176503,0,500.353,0
Burkina Faso,2011,BFA,16661907,0,552.546,0
Burkina Faso,2012,BFA,17172284,0,632.108,0
Burkina Faso,2013,BFA,17695411,0,735.404,0
Burkina Faso,2014,BFA,18229466,0,665.529,0
Burkina Faso,2015,BFA,18777488,0,823.61,0
Burkina Faso,2016,BFA,19334854,0,764.289,0
Burkina Faso,2017,BFA,19894413,0,862.711,0
Burkina Faso,2018,BFA,20438289,0.05,943.597,0
Burkina Faso,2019,BFA,20961956,0.06,953.479,0
Burkina Faso,2020,BFA,21478691,0.1,936.216,0
Burkina Faso,2021,BFA,21995249,0.09,1043.45,0
Burkina Faso,2022,BFA,22509038,0.09,1011.84,0
Burkina Faso,2023,BFA,23025777,0.09,1020.263,0
Burundi,1900,BDI,1627830,,,
Burundi,1901,BDI,1614655,,,
Burundi,1902,BDI,1600612,,,
Burundi,1903,BDI,1585716,,,
Burundi,1904,BDI,1570956,,,
Burundi,1905,BDI,1556331,,,
Burundi,1906,BDI,1541839,,,
Burundi,1907,BDI,1527479,,,
Burundi,1908,BDI,1513251,,,
Burundi,1909,BDI,1500342,,,
Burundi,1910,BDI,1488732,,,
Burundi,1911,BDI,1478402,,,
Burundi,1912,BDI,1469331,,,
Burundi,1913,BDI,1461501,,,
Burundi,1914,BDI,1453710,,,
Burundi,1915,BDI,1445958,,,
Burundi,1916,BDI,1438244,,,
Burundi,1917,BDI,1430569,,,
Burundi,1918,BDI,1424847,,,
Burundi,1919,BDI,1424519,,,
Burundi,1920,BDI,1429644,,,
Burundi,1921,BDI,1440281,,,
Burundi,1922,BDI,1456493,,,
Burundi,1923,BDI,1478340,,,
Burundi,1924,BDI,1500515,,,
Burundi,1925,BDI,1523023,,,
Burundi,1926,BDI,1545868,,,
Burundi,1927,BDI,1569056,,,
Burundi,1928,BDI,1592592,,,
Burundi,1929,BDI,1616153,,,
Burundi,1930,BDI,1639735,,,
Burundi,1931,BDI,1663333,,,
Burundi,1932,BDI,1686942,,,
Burundi,1933,BDI,1710560,,,
Burundi,1934,BDI,1734508,,,
Burundi,1935,BDI,1758791,,,
Burundi,1936,BDI,1783414,,,
Burundi,1937,BDI,1808382,,,
Burundi,1938,BDI,1833699,,,
Burundi,1939,BDI,1860879,,,
Burundi,1940,BDI,1889974,,,
Burundi,1941,BDI,1921040,,,
Burundi,1942,BDI,1954132,,,
Burundi,1943,BDI,1989306,,,
Burundi,1944,BDI,2025113,,,
Burundi,1945,BDI,2061566,,,
Burundi,1946,BDI,2098674,,,
Burundi,1947,BDI,2136450,,,
Burundi,1948,BDI,2174906,,,
Burundi,1949,BDI,2214122,,,
Burundi,1950,BDI,2254942,,,
Burundi,1951,BDI,2305749,,,
Burundi,1952,BDI,2355807,,,
Burundi,1953,BDI,2405189,,,
Burundi,1954,BDI,2454593,,,
Burundi,1955,BDI,2504658,,,
Burundi,1956,BDI,2555312,,,
Burundi,1957,BDI,2606484,,,
Burundi,1958,BDI,2657416,,,
Burundi,1959,BDI,2709604,,,
Burundi,1960,BDI,2764265,,,
Burundi,1961,BDI,2835122,,,
Burundi,1962,BDI,2907945,,,
Burundi,1963,BDI,2969844,,,
Burundi,1964,BDI,3055656,,,
Burundi,1965,BDI,3141371,,,
Burundi,1966,BDI,3217962,,,
Burundi,1967,BDI,3300699,,,
Burundi,1968,BDI,3380389,,,
Burundi,1969,BDI,3454598,,,
Burundi,1970,BDI,3530431,,,
Burundi,1971,BDI,3617295,,,
Burundi,1972,BDI,3617134,,,
Burundi,1973,BDI,3611994,,,
Burundi,1974,BDI,3703604,,,
Burundi,1975,BDI,3796617,,,
Burundi,1976,BDI,3882626,,,
Burundi,1977,BDI,3983585,,,
Burundi,1978,BDI,4100342,,,
Burundi,1979,BDI,4203533,,,
Burundi,1980,BDI,4383713,,105.644,
Burundi,1981,BDI,4566017,,114.782,
Burundi,1982,BDI,4681397,,98.253,
Burundi,1983,BDI,4808530,,112.321,
Burundi,1984,BDI,4926477,,137.425,
Burundi,1985,BDI,5034043,,136.942,
Burundi,1986,BDI,5129423,,135.653,
Burundi,1987,BDI,5247790,,143.854,
Burundi,1988,BDI,5365332,,214.769,
Burundi,1989,BDI,5471706,,237.782,
Burundi,1990,BDI,5587051,,245.513,
Burundi,1991,BDI,5703860,,274.805,
Burundi,1992,BDI,5858405,,246.856,
Burundi,1993,BDI,5676847,,288.756,
Burundi,1994,BDI,5713856,,300.241,
Burundi,1995,BDI,6066319,,270.712,
Burundi,1996,BDI,6070510,,283.28,
Burundi,1997,BDI,6070038,,283.108,
Burundi,1998,BDI,6187114,,285.074,
Burundi,1999,BDI,6337155,,277.378,
Burundi,2000,BDI,6470196,0,225.243,0
Burundi,2001,BDI,6634368,0,177.225,0
Burundi,2002,BDI,6824139,0,158.469,0
Burundi,2003,BDI,7043158,0,125.226,0
Burundi,2004,BDI,7310656,0,146.285,0
Burundi,2005,BDI,7587303,0,117.998,0
Burundi,2006,BDI,7865545,0,136.604,0
Burundi,2007,BDI,8161879,0,212.69,0
Burundi,2008,BDI,8505643,0,126.631,0
Burundi,2009,BDI,8947653,0,120.272,0
Burundi,2010,BDI,9376448,0,166.689,0
Burundi,2011,BDI,9717980,0.01,196.506,0
Burundi,2012,BDI,10071033,0.01,175.833,0
Burundi,2013,BDI,10439346,0.01,186.6,0
Burundi,2014,BDI,10799789,0.01,166.763,0
Burundi,2015,BDI,11047581,0.01,166.04,0
Burundi,2016,BDI,11239459,0.01,182.132,0
Burundi,2017,BDI,11506764,0.01,210.261,0
Burundi,2018,BDI,11859444,0.01,263.726,0
Burundi,2019,BDI,12255339,0.01,260.234,0
Burundi,2020,BDI,12617041,0.01,285.653,0
Burundi,2021,BDI,12965487,0.01,272.584,0
Burundi,2022,BDI,13321102,0.01,273.355,0
Burundi,2023,BDI,13689455,0.01,277.141,0
CIS (EI),1965,,,,,
CIS (EI),1966,,,,,
CIS (EI),1967,,,,,
CIS (EI),1968,,,,,
CIS (EI),1969,,,,,
CIS (EI),1970,,,,,
CIS (EI),1971,,,,,
CIS (EI),1972,,,,,
CIS (EI),1973,,,,,
CIS (EI),1974,,,,,
CIS (EI),1975,,,,,
CIS (EI),1976,,,,,
CIS (EI),1977,,,,,
CIS (EI),1978,,,,,
CIS (EI),1979,,,,,
CIS (EI),1980,,,,,
CIS (EI),1981,,,,,
CIS (EI),1982,,,,,
CIS (EI),1983,,,,,
CIS (EI),1984,,,,,
CIS (EI),1985,,,,,554.851
CIS (EI),1986,,,,,582.676
CIS (EI),1987,,,,,602.616
CIS (EI),1988,,,,,605.597
CIS (EI),1989,,,,,620.803
CIS (EI),1990,,,,,631.113
CIS (EI),1991,,,,,614.776
CIS (EI),1992,,,,,568.444
CIS (EI),1993,,,,,526.235
CIS (EI),1994,,,,,448.629
CIS (EI),1995,,,,,435.227
CIS (EI),1996,,,,,443.811
CIS (EI),1997,,,,,440.521
CIS (EI),1998,,,,,427.291
CIS (EI),1999,,,,,440.964
CIS (EI),2000,,,,,456.761
CIS (EI),2001,,,,,472.41
CIS (EI),2002,,,,,481.613
CIS (EI),2003,,,,,504.443
CIS (EI),2004,,,,,529.242
CIS (EI),2005,,,,,548.854
CIS (EI),2006,,,,,569.27
CIS (EI),2007,,,,,602.141
CIS (EI),2008,,,,,619.974
CIS (EI),2009,,,,,587.205
CIS (EI),2010,,,,,642.094
CIS (EI),2011,,,,,647.696
CIS (EI),2012,,,,,661.687
CIS (EI),2013,,,,,668.461
CIS (EI),2014,,,,,682.962
CIS (EI),2015,,,,,678.072
CIS (EI),2016,,,,,672.689
CIS (EI),2017,,,,,671.612
CIS (EI),2018,,,,,691.594
CIS (EI),2019,,,,,680.253
CIS (EI),2020,,,,,638.547
CIS (EI),2021,,,,,694.362
CIS (EI),2022,,,,,721.826
CIS (EI),2023,,,,,723.603
CIS (EI),2024,,,,,734.33
Cambodia,1980,KHM,5199874,,235.129,
Cambodia,1981,KHM,5284493,,243.171,
Cambodia,1982,KHM,5436436,,259.406,
Cambodia,1983,KHM,5636206,,280.339,
Cambodia,1984,KHM,5845115,,301.034,
Cambodia,1985,KHM,6043782,,291.184,
Cambodia,1986,KHM,6285699,,280.773,
Cambodia,1987,KHM,6557971,,269.878,
Cambodia,1988,KHM,6812012,,280.069,
Cambodia,1989,KHM,7073472,,269.565,
Cambodia,1990,KHM,7374754,,259.637,
Cambodia,1991,KHM,7686857,,264.771,
Cambodia,1992,KHM,8113085,,251.897,
Cambodia,1993,KHM,8616383,,236.789,
Cambodia,1994,KHM,9239160,,221.044,
Cambodia,1995,KHM,10018500,,604.913,
Cambodia,1996,KHM,10801268,,617.202,
Cambodia,1997,KHM,11570986,,684.69,
Cambodia,1998,KHM,12058180,,770.722,
Cambodia,1999,KHM,12265734,,781.196,
Cambodia,2000,KHM,12462343,0,711.57,0
Cambodia,2001,KHM,12658486,0,744.975,0
Cambodia,2002,KHM,12855249,0,732.305,0
Cambodia,2003,KHM,13050977,0.01,782.703,0
Cambodia,2004,KHM,13244737,0.01,797.893,0
Cambodia,2005,KHM,13439203,0.01,890.318,0
Cambodia,2006,KHM,13639032,0.01,949.561,0
Cambodia,2007,KHM,13841773,0.02,1099.202,0
Cambodia,2008,KHM,14053479,0.02,1137.172,0
Cambodia,2009,KHM,14276819,0.02,1385.545,0
Cambodia,2010,KHM,14500730,0.02,1574.498,0
Cambodia,2011,KHM,14722587,0.02,1602.25,0
Cambodia,2012,KHM,14945090,0.02,1703.96,0
Cambodia,2013,KHM,15170210,0.01,1725.298,0
Cambodia,2014,KHM,15396771,0.02,1792.547,0
Cambodia,2015,KHM,15623253,0.04,2045.979,0
Cambodia,2016,KHM,15852802,0.04,2504.222,0
Cambodia,2017,KHM,16073374,0.05,2612.837,0
Cambodia,2018,KHM,16274522,0.07,3033.558,0
Cambodia,2019,KHM,16481305,0.1,3629.568,0
Cambodia,2020,KHM,16725484,0.07,3623.188,0
Cambodia,2021,KHM,16974309,0.05,3779.001,0
Cambodia,2022,KHM,17201721,0.01,3826.666,0
Cambodia,2023,KHM,17423884,0.01,4590.688,0
Cambodia,2024,KHM,17638804,0.03,,0
Cameroon,1900,CMR,3216679,,,
Cameroon,1901,CMR,3193523,,,
Cameroon,1902,CMR,3167551,,,
Cameroon,1903,CMR,3138804,,,
Cameroon,1904,CMR,3110318,,,
Cameroon,1905,CMR,3082089,,,
Cameroon,1906,CMR,3054115,,,
Cameroon,1907,CMR,3026394,,,
Cameroon,1908,CMR,2998924,,,
Cameroon,1909,CMR,2974195,,,
Cameroon,1910,CMR,2952166,,,
Cameroon,1911,CMR,2932802,,,
Cameroon,1912,CMR,2916064,,,
Cameroon,1913,CMR,2901916,,,
Cameroon,1914,CMR,2887835,,,
Cameroon,1915,CMR,2873822,,,
Cameroon,1916,CMR,2859876,,,
Cameroon,1917,CMR,2845996,,,
Cameroon,1918,CMR,2833732,,,
Cameroon,1919,CMR,2831409,,,
Cameroon,1920,CMR,2839117,,,
Cameroon,1921,CMR,2856945,,,
Cameroon,1922,CMR,2884985,,,
Cameroon,1923,CMR,2923328,,,
Cameroon,1924,CMR,2962182,,,
Cameroon,1925,CMR,3001552,,,
Cameroon,1926,CMR,3041445,,,
Cameroon,1927,CMR,3081868,,,
Cameroon,1928,CMR,3122828,,,
Cameroon,1929,CMR,3164073,,,
Cameroon,1930,CMR,3205602,,,
Cameroon,1931,CMR,3247416,,,
Cameroon,1932,CMR,3289516,,,
Cameroon,1933,CMR,3331901,,,
Cameroon,1934,CMR,3374832,,,
Cameroon,1935,CMR,3418317,,,
Cameroon,1936,CMR,3462361,,,
Cameroon,1937,CMR,3506974,,,
Cameroon,1938,CMR,3552161,,,
Cameroon,1939,CMR,3600852,,,
Cameroon,1940,CMR,3653142,,,
Cameroon,1941,CMR,3709128,,,
Cameroon,1942,CMR,3768907,,,
Cameroon,1943,CMR,3832582,,,
Cameroon,1944,CMR,3897332,,,
Cameroon,1945,CMR,3963176,,,
Cameroon,1946,CMR,4030132,,,
Cameroon,1947,CMR,4098220,,,
Cameroon,1948,CMR,4167458,,,
Cameroon,1949,CMR,4239958,,,
Cameroon,1950,CMR,4330088,,,
Cameroon,1951,CMR,4395365,,,
Cameroon,1952,CMR,4464718,,,
Cameroon,1953,CMR,4538446,,,
Cameroon,1954,CMR,4616889,,,
Cameroon,1955,CMR,4700267,,,
Cameroon,1956,CMR,4788341,,,
Cameroon,1957,CMR,4878935,,,
Cameroon,1958,CMR,4972220,,,
Cameroon,1959,CMR,5070072,,,
Cameroon,1960,CMR,5159059,,,
Cameroon,1961,CMR,5239281,,,
Cameroon,1962,CMR,5338626,,,
Cameroon,1963,CMR,5456615,,,
Cameroon,1964,CMR,5578261,,,
Cameroon,1965,CMR,5704688,,,
Cameroon,1966,CMR,5837300,,,
Cameroon,1967,CMR,5977315,,,
Cameroon,1968,CMR,6125860,,,
Cameroon,1969,CMR,6283470,,,
Cameroon,1970,CMR,6449795,,,
Cameroon,1971,CMR,6624415,,,
Cameroon,1972,CMR,6806873,,,
Cameroon,1973,CMR,6996661,,,
Cameroon,1974,CMR,7193589,,,
Cameroon,1975,CMR,7397126,,,
Cameroon,1976,CMR,7597962,,,
Cameroon,1977,CMR,7796510,,,
Cameroon,1978,CMR,8011917,,,
Cameroon,1979,CMR,8239642,,,
Cameroon,1980,CMR,8512217,,1296.796,
Cameroon,1981,CMR,8816377,,1298.962,
Cameroon,1982,CMR,9028676,,1495.434,
Cameroon,1983,CMR,9215395,,1462.421,
Cameroon,1984,CMR,9475085,,1436.527,
Cameroon,1985,CMR,9761728,,1472.349,
Cameroon,1986,CMR,10060342,,1563.531,
Cameroon,1987,CMR,10370753,,1417.452,
Cameroon,1988,CMR,10684972,,1348.286,
Cameroon,1989,CMR,11002749,,1565.075,
Cameroon,1990,CMR,11331827,,1538.258,
Cameroon,1991,CMR,11667186,,1503.81,
Cameroon,1992,CMR,12006362,,1478.863,
Cameroon,1993,CMR,12353131,,1223.686,
Cameroon,1994,CMR,12704900,,1292.411,
Cameroon,1995,CMR,13058517,,1287.891,
Cameroon,1996,CMR,13414761,,1227.809,
Cameroon,1997,CMR,13775216,,1252.557,
Cameroon,1998,CMR,14144857,,1217.582,
Cameroon,1999,CMR,14525145,,1122.113,
Cameroon,2000,CMR,14912632,0,1139.795,0
Cameroon,2001,CMR,15309489,0,1092.551,0
Cameroon,2002,CMR,15725534,0,1088.163,0
Cameroon,2003,CMR,16160340,0,1122.792,0
Cameroon,2004,CMR,16610485,0,1117.777,0
Cameroon,2005,CMR,17074599,0,1051.854,0
Cameroon,2006,CMR,17550403,0.64,1312.83,0
Cameroon,2007,CMR,18049897,0.08,1277.756,0.48
Cameroon,2008,CMR,18574052,0.08,1229.333,0.5
Cameroon,2009,CMR,19113978,0.07,1337.605,0.41
Cameroon,2010,CMR,19668063,0.06,1516.104,0.42
Cameroon,2011,CMR,20232312,0.06,1562.703,0.37
Cameroon,2012,CMR,20809530,0.06,1539.453,0.29
Cameroon,2013,CMR,21402379,0.07,1261.96,0.92
Cameroon,2014,CMR,22059894,0.07,1619.597,1.34
Cameroon,2015,CMR,22763418,0.04,1584.326,1.49
Cameroon,2016,CMR,23454165,0.04,1495.517,1.59
Cameroon,2017,CMR,24128609,0.04,1432.621,1.77
Cameroon,2018,CMR,24806377,0.04,1512.495,2.3
Cameroon,2019,CMR,25506095,0.04,1426.042,2.17
Cameroon,2020,CMR,26210566,0.04,1442.474,2.68
Cameroon,2021,CMR,26915765,0.04,1339.79,2.29
Cameroon,2022,CMR,27632770,0.04,1320.112,1.99
Cameroon,2023,CMR,28372690,0.04,1251.839,1.96
Canada,1900,CAN,5414425,,,
Canada,1901,CAN,5526732,,,
Canada,1902,CAN,5660474,,,
Canada,1903,CAN,5816421,,,
Canada,1904,CAN,5976663,,,
Canada,1905,CAN,6141319,,,
Canada,1906,CAN,6310511,,,
Canada,1907,CAN,6484363,,,
Canada,1908,CAN,6663003,,,
Canada,1909,CAN,6835990,,,
Canada,1910,CAN,7002961,,,
Canada,1911,CAN,7163537,,,
Canada,1912,CAN,7317326,,,
Canada,1913,CAN,7463921,,,
Canada,1914,CAN,7613451,,,
Canada,1915,CAN,7765975,,,
Canada,1916,CAN,7921554,,,
Canada,1917,CAN,8080249,,,
Canada,1918,CAN,8245222,,,
Canada,1919,CAN,8408944,,,
Canada,1920,CAN,8571309,,,
Canada,1921,CAN,8732206,,,
Canada,1922,CAN,8891519,,,
Canada,1923,CAN,9049130,,,
Canada,1924,CAN,9209535,,,
Canada,1925,CAN,9372783,,,
Canada,1926,CAN,9538925,,,
Canada,1927,CAN,9708012,,,
Canada,1928,CAN,9880096,,,
Canada,1929,CAN,10041248,,,
Canada,1930,CAN,10191122,,,
Canada,1931,CAN,10329362,,,
Canada,1932,CAN,10455609,,,
Canada,1933,CAN,10569491,,,
Canada,1934,CAN,10684614,,,
Canada,1935,CAN,10800991,,,
Canada,1936,CAN,10918635,,,
Canada,1937,CAN,11037560,,,
Canada,1938,CAN,11157781,,,
Canada,1939,CAN,11296195,,,
Canada,1940,CAN,11453308,,,
Canada,1941,CAN,11629639,,,
Canada,1942,CAN,11825718,,,
Canada,1943,CAN,12042086,,,
Canada,1944,CAN,12262412,,,
Canada,1945,CAN,12486770,,,
Canada,1946,CAN,12715233,,,
Canada,1947,CAN,12947875,,,
Canada,1948,CAN,13184774,,,
Canada,1949,CAN,13449459,,,
Canada,1950,CAN,13741740,,,
Canada,1951,CAN,14083298,,,
Canada,1952,CAN,14482799,,,
Canada,1953,CAN,14897877,,,
Canada,1954,CAN,15318987,,,
Canada,1955,CAN,15728281,,,
Canada,1956,CAN,16159621,,,
Canada,1957,CAN,16641329,,,
Canada,1958,CAN,17104091,,,
Canada,1959,CAN,17515522,,,
Canada,1960,CAN,17898793,,,
Canada,1961,CAN,18263078,,,
Canada,1962,CAN,18613597,,,
Canada,1963,CAN,18964258,,,
Canada,1964,CAN,19321670,,,
Canada,1965,CAN,19685517,,70561.32,
Canada,1966,CAN,20053667,,73741.68,
Canada,1967,CAN,20408776,,75766.008,
Canada,1968,CAN,20734173,,79366.086,
Canada,1969,CAN,21037620,,82963.18,
Canada,1970,CAN,21440022,,87153.055,
Canada,1971,CAN,21895694,,88014.82,
Canada,1972,CAN,22230876,,93305.891,
Canada,1973,CAN,22512229,,100058.656,
Canada,1974,CAN,22824085,,101795.938,
Canada,1975,CAN,23148981,,98878.531,
Canada,1976,CAN,23455783,,102191.805,
Canada,1977,CAN,23730341,,106848.125,
Canada,1978,CAN,23978742,,107771.141,
Canada,1979,CAN,24237173,,109757.227,
Canada,1980,CAN,24533779,,110528.969,
Canada,1981,CAN,24844977,,108503.625,
Canada,1982,CAN,25140164,,104002.023,
Canada,1983,CAN,25412605,,102323.438,
Canada,1984,CAN,25670376,,107756.992,
Canada,1985,CAN,25927463,,110202.641,6.808
Canada,1986,CAN,26211036,,110065.242,6.886
Canada,1987,CAN,26540913,,112189.555,6.159
Canada,1988,CAN,26927938,,115004.945,9.432
Canada,1989,CAN,27366046,,114280.016,14.835
Canada,1990,CAN,27789437,,108263.508,9.654
Canada,1991,CAN,28157154,,107284.562,8.622
Canada,1992,CAN,28500066,,108832.219,13.122
Canada,1993,CAN,28830635,,110299.57,15.299
Canada,1994,CAN,29147383,,113257.367,15.437
Canada,1995,CAN,29459138,,114799.25,19.975
Canada,1996,CAN,29767210,,116706.812,18.622
Canada,1997,CAN,30059088,,116146.086,22.826
Canada,1998,CAN,30329971,,113457.711,26.424
Canada,1999,CAN,30599458,,116044.836,27.875
Canada,2000,CAN,30891800,8.92,118073.062,35.83
Canada,2001,CAN,31213578,9.67,114440.516,42.29
Canada,2002,CAN,31535579,10.05,117118.281,38.83
Canada,2003,CAN,31836483,9.42,116565.047,38.73
Canada,2004,CAN,32132680,9.8,117265.898,40.44
Canada,2005,CAN,32440172,9.16,117037.102,36.88
Canada,2006,CAN,32759174,8.94,112017.781,40.42
Canada,2007,CAN,33092171,8.99,118416.227,43.01
Canada,2008,CAN,33449088,7.98,115754.156,39.63
Canada,2009,CAN,33826370,8.94,109988.281,45.27
Canada,2010,CAN,34196900,10.3,109967.695,52.78
Canada,2011,CAN,34555449,10.21,112865.477,62.53
Canada,2012,CAN,34922513,10.91,111724.289,63.24
Canada,2013,CAN,35293421,11.04,113458.836,60.29
Canada,2014,CAN,35634265,9.8,112508.438,65.05
Canada,2015,CAN,35962236,9.99,111824.336,67.98
Canada,2016,CAN,36353345,11.36,109289.445,65.82
Canada,2017,CAN,36808498,11.15,109394.164,61.46
Canada,2018,CAN,37294996,10.54,109464.797,70.74
Canada,2019,CAN,37782934,10.31,107455.625,72.94
Canada,2020,CAN,38171903,10.41,100465.109,75.59
Canada,2021,CAN,38454058,10.55,100431.008,83.6
Canada,2022,CAN,38821259,9.52,102122.422,90.44
Canada,2023,CAN,39299098,9.8,98930.016,102.88
Canada,2024,CAN,39742429,9.83,97784.539,109.6
Cape Verde,1980,CPV,323310,,3711.401,
Cape Verde,1981,CPV,327859,,3649.906,
Cape Verde,1982,CPV,332729,,1541.35,
Cape Verde,1983,CPV,337661,,1518.837,
Cape Verde,1984,CPV,342511,,1835.084,
Cape Verde,1985,CPV,347370,,1804.471,
Cape Verde,1986,CPV,352321,,546.172,
Cape Verde,1987,CPV,357308,,571.836,
Cape Verde,1988,CPV,362339,,778.756,
Cape Verde,1989,CPV,367820,,934.826,
Cape Verde,1990,CPV,375437,,915.859,
Cape Verde,1991,CPV,384603,,894.032,
Cape Verde,1992,CPV,393426,,1034.849,
Cape Verde,1993,CPV,401977,,1015.377,
Cape Verde,1994,CPV,410230,,1170.553,
Cape Verde,1995,CPV,418116,,1119.823,
Cape Verde,1996,CPV,425592,,1239.749,
Cape Verde,1997,CPV,432803,,1216.2,
Cape Verde,1998,CPV,439789,,1199.155,
Cape Verde,1999,CPV,446528,,1181.072,
Cape Verde,2000,CPV,453335,0,2978.757,0
Cape Verde,2001,CPV,460300,0,3277.761,0
Cape Verde,2002,CPV,467056,0,3513.47,0
Cape Verde,2003,CPV,473384,0,3449.694,0
Cape Verde,2004,CPV,479377,0,3723.338,0
Cape Verde,2005,CPV,485128,0,5751.812,0
Cape Verde,2006,CPV,490728,0,6039.814,0
Cape Verde,2007,CPV,496196,0,6660.378,0
Cape Verde,2008,CPV,501362,0,6684.652,0
Cape Verde,2009,CPV,506148,0,6267.305,0
Cape Verde,2010,CPV,509793,0,6674.801,0
Cape Verde,2011,CPV,511453,0,7844.374,0
Cape Verde,2012,CPV,511966,0,6863.855,0
Cape Verde,2013,CPV,512231,0,6704.588,0
Cape Verde,2014,CPV,512334,0,7229.522,0
Cape Verde,2015,CPV,512405,0,7164.889,0
Cape Verde,2016,CPV,512556,0,7504.737,0
Cape Verde,2017,CPV,512899,0,8000.856,0
Cape Verde,2018,CPV,513418,0,6599.902,0
Cape Verde,2019,CPV,514116,0,7017.119,0
Cape Verde,2020,CPV,514683,0,5224.511,0
Cape Verde,2021,CPV,516655,0,5425.338,0
Cape Verde,2022,CPV,519750,0,5740.389,0
Cape Verde,2023,CPV,522335,,5861.125,
Cayman Islands,1980,CYM,17102,,24171.502,
Cayman Islands,1981,CYM,17924,,26285.688,
Cayman Islands,1982,CYM,18776,,25092.92,
Cayman Islands,1983,CYM,19620,,21011.805,
Cayman Islands,1984,CYM,20480,,23068.139,
Cayman Islands,1985,CYM,21349,,22068.699,
Cayman Islands,1986,CYM,22221,,20040.771,
Cayman Islands,1987,CYM,23095,,20365.4,
Cayman Islands,1988,CYM,23969,,47787.074,
Cayman Islands,1989,CYM,24901,,45878.496,
Cayman Islands,1990,CYM,26023,,46662.969,
Cayman Islands,1991,CYM,27316,,44000.887,
Cayman Islands,1992,CYM,28642,,42564.152,
Cayman Islands,1993,CYM,29999,,38511.812,
Cayman Islands,1994,CYM,31379,,42474.672,
Cayman Islands,1995,CYM,32764,,43582,
Cayman Islands,1996,CYM,34168,,41905.664,
Cayman Islands,1997,CYM,35568,,40153.461,
Cayman Islands,1998,CYM,36949,,38652.691,
Cayman Islands,1999,CYM,38305,,37284.539,
Cayman Islands,2000,CYM,39699,0,52464.555,0
Cayman Islands,2001,CYM,41109,0,51305.059,0
Cayman Islands,2002,CYM,42534,0,51401.34,0
Cayman Islands,2003,CYM,43952,0,50385.984,0
Cayman Islands,2004,CYM,45372,0,46133.875,0
Cayman Islands,2005,CYM,46809,0,46034.41,0
Cayman Islands,2006,CYM,48252,0,45294.719,0
Cayman Islands,2007,CYM,49709,0,52547.551,0
Cayman Islands,2008,CYM,51175,0,52415.633,0
Cayman Islands,2009,CYM,52639,0,47285.652,0
Cayman Islands,2010,CYM,54120,0,46205,0
Cayman Islands,2011,CYM,55630,0,47323.504,0
Cayman Islands,2012,CYM,57155,0,42555.242,0
Cayman Islands,2013,CYM,58678,0,40917.316,0
Cayman Islands,2014,CYM,60179,0,40569.422,0
Cayman Islands,2015,CYM,61665,0,41878.969,0
Cayman Islands,2016,CYM,63121,0,40308.766,0
Cayman Islands,2017,CYM,64561,0,45538.055,0
Cayman Islands,2018,CYM,65962,0,46780.305,0
Cayman Islands,2019,CYM,67346,0,50321.785,0
Cayman Islands,2020,CYM,68703,0,42662.512,0
Cayman Islands,2021,CYM,70126,0,40276.633,0
Cayman Islands,2022,CYM,71610,0,43462.996,0
Cayman Islands,2023,CYM,73055,0,41943.16,0
Central African Republic,1980,CAF,2450537,,273.166,
Central African Republic,1981,CAF,2478413,,341.865,
Central African Republic,1982,CAF,2507374,,363.112,
Central African Republic,1983,CAF,2537407,,380.953,
Central African Republic,1984,CAF,2568610,,355.743,
Central African Republic,1985,CAF,2600939,,346.974,
Central African Republic,1986,CAF,2634262,,417.189,
Central African Republic,1987,CAF,2669154,,379.463,
Central African Republic,1988,CAF,2713967,,374.482,
Central African Republic,1989,CAF,2783977,,364.172,
Central African Republic,1990,CAF,2871915,,377.557,
Central African Republic,1991,CAF,2963195,,386.617,
Central African Republic,1992,CAF,3058837,,357.676,
Central African Republic,1993,CAF,3157842,,382.626,
Central African Republic,1994,CAF,3257956,,390.099,
Central African Republic,1995,CAF,3348062,,379.859,
Central African Republic,1996,CAF,3435973,,389.566,
Central African Republic,1997,CAF,3531700,,378.638,
Central African Republic,1998,CAF,3628833,,367.952,
Central African Republic,1999,CAF,3729452,,358.026,
Central African Republic,2000,CAF,3833421,0,334.19,0
Central African Republic,2001,CAF,3919498,0,336.546,0
Central African Republic,2002,CAF,4006079,0,325.995,0
Central African Republic,2003,CAF,4103092,0,296.659,0
Central African Republic,2004,CAF,4192828,0,295.438,0
Central African Republic,2005,CAF,4288814,0,285.68,0
Central African Republic,2006,CAF,4377582,0,290.687,0
Central African Republic,2007,CAF,4462777,0,284.676,0
Central African Republic,2008,CAF,4558989,0,214.714,0
Central African Republic,2009,CAF,4529051,0,207.184,0
Central African Republic,2010,CAF,4493003,0,214.196,0
Central African Republic,2011,CAF,4565023,0,230.498,0
Central African Republic,2012,CAF,4610848,0,234.505,0
Central African Republic,2013,CAF,4642423,0,160.76,0
Central African Republic,2014,CAF,4623187,0,182.189,0
Central African Republic,2015,CAF,4629322,0,246.222,0
Central African Republic,2016,CAF,4713663,0,258.429,0
Central African Republic,2017,CAF,4793512,0,261.116,0
Central African Republic,2018,CAF,4878663,0,263.475,0
Central African Republic,2019,CAF,4944708,0,270.234,0
Central African Republic,2020,CAF,5026629,0,278.651,0
Central African Republic,2021,CAF,5112103,0,278.974,0
Central African Republic,2022,CAF,5098038,0,275.471,0
Central African Republic,2023,CAF,5152415,,279.59,
Central America (EI),1965,,,,,
Central America (EI),1966,,,,,
Central America (EI),1967,,,,,
Central America (EI),1968,,,,,
Central America (EI),1969,,,,,
Central America (EI),1970,,,,,
Central America (EI),1971,,,,,
Central America (EI),1972,,,,,
Central America (EI),1973,,,,,
Central America (EI),1974,,,,,
Central America (EI),1975,,,,,
Central America (EI),1976,,,,,
Central America (EI),1977,,,,,
Central America (EI),1978,,,,,
Central America (EI),1979,,,,,
Central America (EI),1980,,,,,
Central America (EI),1981,,,,,
Central America (EI),1982,,,,,
Central America (EI),1983,,,,,
Central America (EI),1984,,,,,
Central America (EI),1985,,,,,
Central America (EI),1986,,,,,
Central America (EI),1987,,,,,
Central America (EI),1988,,,,,
Central America (EI),1989,,,,,
Central America (EI),1990,,,,,
Central America (EI),1991,,,,,
Central America (EI),1992,,,,,
Central America (EI),1993,,,,,
Central America (EI),1994,,,,,
Central America (EI),1995,,,,,
Central America (EI),1996,,,,,
Central America (EI),1997,,,,,
Central America (EI),1998,,,,,
Central America (EI),1999,,,,,
Central America (EI),2000,,,,,
Central America (EI),2001,,,,,
Central America (EI),2002,,,,,
Central America (EI),2003,,,,,
Central America (EI),2004,,,,,
Central America (EI),2005,,,,,
Central America (EI),2006,,,,,
Central America (EI),2007,,,,,
Central America (EI),2008,,,,,
Central America (EI),2009,,,,,
Central America (EI),2010,,,,,
Central America (EI),2011,,,,,
Central America (EI),2012,,,,,
Central America (EI),2013,,,,,
Central America (EI),2014,,,,,
Central America (EI),2015,,,,,
Central America (EI),2016,,,,,
Central America (EI),2017,,,,,
Central America (EI),2018,,,,,
Central America (EI),2019,,,,,
Central America (EI),2020,,,,,
Central America (EI),2021,,,,,
Central America (EI),2022,,,,,
Central America (EI),2023,,,,,
Central America (EI),2024,,,,,
Central and South America (EIA),1980,,,,,
Central and South America (EIA),1981,,,,,
Central and South America (EIA),1982,,,,,
Central and South America (EIA),1983,,,,,
Central and South America (EIA),1984,,,,,
Central and South America (EIA),1985,,,,,
Central and South America (EIA),1986,,,,,
Central and South America (EIA),1987,,,,,
Central and South America (EIA),1988,,,,,
Central and South America (EIA),1989,,,,,
Central and South America (EIA),1990,,,,,
Central and South America (EIA),1991,,,,,
Central and South America (EIA),1992,,,,,
Central and South America (EIA),1993,,,,,
Central and South America (EIA),1994,,,,,
Central and South America (EIA),1995,,,,,
Central and South America (EIA),1996,,,,,
Central and South America (EIA),1997,,,,,
Central and South America (EIA),1998,,,,,
Central and South America (EIA),1999,,,,,
Central and South America (EIA),2000,,,,,
Central and South America (EIA),2001,,,,,
Central and South America (EIA),2002,,,,,
Central and South America (EIA),2003,,,,,
Central and South America (EIA),2004,,,,,
Central and South America (EIA),2005,,,,,
Central and South America (EIA),2006,,,,,
Central and South America (EIA),2007,,,,,
Central and South America (EIA),2008,,,,,
Central and South America (EIA),2009,,,,,
Central and South America (EIA),2010,,,,,
Central and South America (EIA),2011,,,,,
Central and South America (EIA),2012,,,,,
Central and South America (EIA),2013,,,,,
Central and South America (EIA),2014,,,,,
Central and South America (EIA),2015,,,,,
Central and South America (EIA),2016,,,,,
Central and South America (EIA),2017,,,,,
Central and South America (EIA),2018,,,,,
Central and South America (EIA),2019,,,,,
Central and South America (EIA),2020,,,,,
Central and South America (EIA),2021,,,,,
Central and South America (EIA),2022,,,,,
Central and South America (EIA),2023,,,,,
Central and South America (Shift),1900,,,,,
Central and South America (Shift),1901,,,,,
Central and South America (Shift),1902,,,,,
Central and South America (Shift),1903,,,,,
Central and South America (Shift),1904,,,,,
Central and South America (Shift),1905,,,,,
Central and South America (Shift),1906,,,,,
Central and South America (Shift),1907,,,,,
Central and South America (Shift),1908,,,,,
Central and South America (Shift),1909,,,,,
Central and South America (Shift),1910,,,,,
Central and South America (Shift),1911,,,,,
Central and South America (Shift),1912,,,,,
Central and South America (Shift),1913,,,,,
Central and South America (Shift),1914,,,,,
Central and South America (Shift),1915,,,,,
Central and South America (Shift),1916,,,,,
Central and South America (Shift),1917,,,,,
Central and South America (Shift),1918,,,,,
Central and South America (Shift),1919,,,,,
Central and South America (Shift),1920,,,,,
Central and South America (Shift),1921,,,,,
Central and South America (Shift),1922,,,,,
Central and South America (Shift),1923,,,,,
Central and South America (Shift),1924,,,,,
Central and South America (Shift),1925,,,,,
Central and South America (Shift),1926,,,,,
Central and South America (Shift),1927,,,,,
Central and South America (Shift),1928,,,,,
Central and South America (Shift),1929,,,,,
Central and South America (Shift),1930,,,,,
Central and South America (Shift),1931,,,,,
Central and South America (Shift),1932,,,,,
Central and South America (Shift),1933,,,,,
Central and South America (Shift),1934,,,,,
Central and South America (Shift),1935,,,,,
Central and South America (Shift),1936,,,,,
Central and South America (Shift),1937,,,,,
Central and South America (Shift),1938,,,,,
Central and South America (Shift),1939,,,,,
Central and South America (Shift),1940,,,,,
Central and South America (Shift),1941,,,,,
Central and South America (Shift),1942,,,,,
Central and South America (Shift),1943,,,,,
Central and South America (Shift),1944,,,,,
Central and South America (Shift),1945,,,,,
Central and South America (Shift),1946,,,,,
Central and South America (Shift),1947,,,,,
Central and South America (Shift),1948,,,,,
Central and South America (Shift),1949,,,,,
Central and South America (Shift),1950,,,,,
Central and South America (Shift),1951,,,,,
Central and South America (Shift),1952,,,,,
Central and South America (Shift),1953,,,,,
Central and South America (Shift),1954,,,,,
Central and South America (Shift),1955,,,,,
Central and South America (Shift),1956,,,,,
Central and South America (Shift),1957,,,,,
Central and South America (Shift),1958,,,,,
Central and South America (Shift),1959,,,,,
Central and South America (Shift),1960,,,,,
Central and South America (Shift),1961,,,,,
Central and South America (Shift),1962,,,,,
Central and South America (Shift),1963,,,,,
Central and South America (Shift),1964,,,,,
Central and South America (Shift),1965,,,,,
Central and South America (Shift),1966,,,,,
Central and South America (Shift),1967,,,,,
Central and South America (Shift),1968,,,,,
Central and South America (Shift),1969,,,,,
Central and South America (Shift),1970,,,,,
Central and South America (Shift),1971,,,,,
Central and South America (Shift),1972,,,,,
Central and South America (Shift),1973,,,,,
Central and South America (Shift),1974,,,,,
Central and South America (Shift),1975,,,,,
Central and South America (Shift),1976,,,,,
Central and South America (Shift),1977,,,,,
Central and South America (Shift),1978,,,,,
Central and South America (Shift),1979,,,,,
Central and South America (Shift),1980,,,,,
Central and South America (Shift),1981,,,,,
Central and South America (Shift),1982,,,,,
Central and South America (Shift),1983,,,,,
Central and South America (Shift),1984,,,,,
Central and South America (Shift),1985,,,,,
Central and South America (Shift),1986,,,,,
Central and South America (Shift),1987,,,,,
Central and South America (Shift),1988,,,,,
Central and South America (Shift),1989,,,,,
Central and South America (Shift),1990,,,,,
Central and South America (Shift),1991,,,,,
Central and South America (Shift),1992,,,,,
Central and South America (Shift),1993,,,,,
Central and South America (Shift),1994,,,,,
Central and South America (Shift),1995,,,,,
Central and South America (Shift),1996,,,,,
Central and South America (Shift),1997,,,,,
Central and South America (Shift),1998,,,,,
Central and South America (Shift),1999,,,,,
Central and South America (Shift),2000,,,,,
Central and South America (Shift),2001,,,,,
Central and South America (Shift),2002,,,,,
Central and South America (Shift),2003,,,,,
Central and South America (Shift),2004,,,,,
Central and South America (Shift),2005,,,,,
Central and South America (Shift),2006,,,,,
Central and South America (Shift),2007,,,,,
Central and South America (Shift),2008,,,,,
Central and South America (Shift),2009,,,,,
Central and South America (Shift),2010,,,,,
Central and South America (Shift),2011,,,,,
Central and South America (Shift),2012,,,,,
Central and South America (Shift),2013,,,,,
Central and South America (Shift),2014,,,,,
Central and South America (Shift),2015,,,,,
Central and South America (Shift),2016,,,,,
Chad,1965,TCD,3374220,,,
Chad,1966,TCD,3440907,,,
Chad,1967,TCD,3508513,,,
Chad,1968,TCD,3578228,,,
Chad,1969,TCD,3651121,,,
Chad,1970,TCD,3727834,,,
Chad,1971,TCD,3807326,,,
Chad,1972,TCD,3893253,,,
Chad,1973,TCD,3985914,,,
Chad,1974,TCD,4078363,,,
Chad,1975,TCD,4167237,,,
Chad,1976,TCD,4251299,,,
Chad,1977,TCD,4331668,,,
Chad,1978,TCD,4411370,,,
Chad,1979,TCD,4505384,,,
Chad,1980,TCD,4515461,,267.529,
Chad,1981,TCD,4520965,,253.15,
Chad,1982,TCD,4738486,,241.529,
Chad,1983,TCD,4979137,,229.856,
Chad,1984,TCD,5045152,,107.749,
Chad,1985,TCD,5096274,,130.016,
Chad,1986,TCD,5251074,,217.952,
Chad,1987,TCD,5438311,,186.919,
Chad,1988,TCD,5625601,,109.771,
Chad,1989,TCD,5819588,,116.358,
Chad,1990,TCD,5982838,,237.199,
Chad,1991,TCD,6205688,,223.602,
Chad,1992,TCD,6474651,,214.901,
Chad,1993,TCD,6629147,,100.717,
Chad,1994,TCD,6783456,,107.612,
Chad,1995,TCD,7089063,,102.973,
Chad,1996,TCD,7410107,,98.781,
Chad,1997,TCD,7670371,,103.076,
Chad,1998,TCD,7938841,,99.59,
Chad,1999,TCD,8222710,,96.152,
Chad,2000,TCD,8512092,0,121.253,0
Chad,2001,TCD,8804122,0,112.519,0
Chad,2002,TCD,9116195,0,107.27,0
Chad,2003,TCD,9487830,0,101.881,0
Chad,2004,TCD,9920036,0,102.662,0
Chad,2005,TCD,10328094,0,106.128,0
Chad,2006,TCD,10706426,0,103.925,0
Chad,2007,TCD,11081667,0,110.805,0
Chad,2008,TCD,11476299,0,112.199,0
Chad,2009,TCD,11893753,0,118.031,0
Chad,2010,TCD,12312580,0,126.467,0
Chad,2011,TCD,12755004,0,174.731,0
Chad,2012,TCD,13211006,0.01,292.125,0
Chad,2013,TCD,13691081,0.01,292.356,0
Chad,2014,TCD,14188680,0.01,293.203,0
Chad,2015,TCD,14647626,0.01,287.977,0
Chad,2016,TCD,15114652,0.01,275.642,0
Chad,2017,TCD,15622756,0.01,429.908,0
Chad,2018,TCD,16156535,0.01,425.102,0
Chad,2019,TCD,16685223,0.01,421.295,0
Chad,2020,TCD,17224686,0.01,429.683,0
Chad,2021,TCD,17828274,0.01,462.586,0
Chad,2022,TCD,18455319,0.01,448.069,0
Chad,2023,TCD,19319075,,440.093,
Chad,2024,TCD,20299131,,,
Chile,1900,CHL,3144546,,,
Chile,1901,CHL,3185985,,,
Chile,1902,CHL,3227194,,,
Chile,1903,CHL,3268159,,,
Chile,1904,CHL,3309640,,,
Chile,1905,CHL,3351643,,,
Chile,1906,CHL,3394174,,,
Chile,1907,CHL,3437240,,,
Chile,1908,CHL,3480848,,,
Chile,1909,CHL,3525079,,,
Chile,1910,CHL,3569943,,,
Chile,1911,CHL,3615449,,,
Chile,1912,CHL,3661606,,,
Chile,1913,CHL,3708422,,,
Chile,1914,CHL,3755832,,,
Chile,1915,CHL,3803843,,,
Chile,1916,CHL,3852462,,,
Chile,1917,CHL,3901698,,,
Chile,1918,CHL,3946949,,,
Chile,1919,CHL,3994434,,,
Chile,1920,CHL,4044201,,,
Chile,1921,CHL,4096300,,,
Chile,1922,CHL,4150784,,,
Chile,1923,CHL,4207703,,,
Chile,1924,CHL,4265403,,,
Chile,1925,CHL,4323894,,,
Chile,1926,CHL,4383188,,,
Chile,1927,CHL,4443294,,,
Chile,1928,CHL,4504225,,,
Chile,1929,CHL,4569171,,,
Chile,1930,CHL,4638243,,,
Chile,1931,CHL,4711552,,,
Chile,1932,CHL,4789213,,,
Chile,1933,CHL,4871343,,,
Chile,1934,CHL,4954882,,,
Chile,1935,CHL,5039853,,,
Chile,1936,CHL,5126282,,,
Chile,1937,CHL,5214192,,,
Chile,1938,CHL,5303610,,,
Chile,1939,CHL,5396359,,,
Chile,1940,CHL,5492530,,,
Chile,1941,CHL,5592215,,,
Chile,1942,CHL,5695510,,,
Chile,1943,CHL,5802513,,,
Chile,1944,CHL,5911526,,,
Chile,1945,CHL,6022587,,,
Chile,1946,CHL,6135735,,,
Chile,1947,CHL,6251009,,,
Chile,1948,CHL,6368448,,,
Chile,1949,CHL,6492585,,,
Chile,1950,CHL,6628577,,,
Chile,1951,CHL,6756666,,,
Chile,1952,CHL,6891992,,,
Chile,1953,CHL,7033534,,,
Chile,1954,CHL,7180570,,,
Chile,1955,CHL,7332311,,,
Chile,1956,CHL,7489537,,,
Chile,1957,CHL,7651307,,,
Chile,1958,CHL,7815995,,,
Chile,1959,CHL,7983432,,,
Chile,1960,CHL,8153356,,,
Chile,1961,CHL,8324802,,,
Chile,1962,CHL,8497068,,,
Chile,1963,CHL,8670148,,,
Chile,1964,CHL,8842536,,,
Chile,1965,CHL,9012944,,8036.534,
Chile,1966,CHL,9181729,,8459.756,
Chile,1967,CHL,9348941,,8470.294,
Chile,1968,CHL,9514712,,8288.102,
Chile,1969,CHL,9680281,,8780.365,
Chile,1970,CHL,9845347,,9115.36,
Chile,1971,CHL,10009698,,9701.524,
Chile,1972,CHL,10174678,,9724.64,
Chile,1973,CHL,10340367,,9259.043,
Chile,1974,CHL,10505817,,9130.87,
Chile,1975,CHL,10671567,,8136.395,
Chile,1976,CHL,10838255,,8319.034,
Chile,1977,CHL,11005518,,8575.519,
Chile,1978,CHL,11172698,,8780.61,
Chile,1979,CHL,11339778,,9133.908,
Chile,1980,CHL,11508553,,9295.389,
Chile,1981,CHL,11678714,,9211.863,
Chile,1982,CHL,11850214,,8491.929,
Chile,1983,CHL,12026139,,8692.854,
Chile,1984,CHL,12207731,,8889.823,
Chile,1985,CHL,12395277,,8866.271,
Chile,1986,CHL,12588923,,9068.701,
Chile,1987,CHL,12790156,,9369.136,
Chile,1988,CHL,12999426,,10286.36,
Chile,1989,CHL,13215015,,11185.941,
Chile,1990,CHL,13437181,,11585.809,
Chile,1991,CHL,13662482,,12806.18,
Chile,1992,CHL,13884579,,13986.307,
Chile,1993,CHL,14102276,,14552.833,
Chile,1994,CHL,14316263,,15051.502,
Chile,1995,CHL,14527382,,15986.057,
Chile,1996,CHL,14734049,,16685.5,
Chile,1997,CHL,14932436,,18822.027,
Chile,1998,CHL,15127799,,18606.529,
Chile,1999,CHL,15319311,,19133.707,
Chile,2000,CHL,15503638,0.94,19827.041,10.45
Chile,2001,CHL,15683852,2.07,19978.824,13.34
Chile,2002,CHL,15857926,1.94,20229.719,12.92
Chile,2003,CHL,16024755,1.81,20124.473,16.58
Chile,2004,CHL,16187324,2.03,21269.668,16.64
Chile,2005,CHL,16348780,1.79,21856.49,13.6
Chile,2006,CHL,16509195,1.43,22392.51,11.44
Chile,2007,CHL,16671571,2.7,22151.396,4.63
Chile,2008,CHL,16838987,3.08,21931.584,2.19
Chile,2009,CHL,17009730,4.27,20833.512,3.93
Chile,2010,CHL,17181463,2.25,21182.576,10.69
Chile,2011,CHL,17351810,4.67,22228.908,13.72
Chile,2012,CHL,17519116,4.85,22988.977,12.85
Chile,2013,CHL,17687006,5.76,23393.406,11.15
Chile,2014,CHL,17864192,5.33,22924.852,10.21
Chile,2015,CHL,18047630,5.61,22952.033,11.36
Chile,2016,CHL,18267225,5.96,23753.109,11.85
Chile,2017,CHL,18558868,6.06,24265.859,13.35
Chile,2018,CHL,18893185,5.69,24785.533,13.08
Chile,2019,CHL,19197748,5.39,24689.287,15.87
Chile,2020,CHL,19370621,5.24,22842.719,15.29
Chile,2021,CHL,19456323,5.61,24509.102,15.9
Chile,2022,CHL,19553033,4.64,25750.754,16.09
Chile,2023,CHL,19658833,5.2,25306.361,13.49
Chile,2024,CHL,19764774,5.17,26245.264,10.35
China,1900,CHN,395929430,,,
China,1901,CHN,397991980,,,
China,1902,CHN,400101986,,,
China,1903,CHN,402259874,,,
China,1904,CHN,404429383,,,
China,1905,CHN,406610574,,,
China,1906,CHN,408803510,,,
China,1907,CHN,411008255,,,
China,1908,CHN,413224872,,,
China,1909,CHN,415905832,,,
China,1910,CHN,419058430,,,
China,1911,CHN,422690056,,,
China,1912,CHN,426808190,,,
China,1913,CHN,431420404,,,
China,1914,CHN,436082439,,,
China,1915,CHN,440794834,,,
China,1916,CHN,445558131,,,
China,1917,CHN,450372881,,,
China,1918,CHN,455336427,,,
China,1919,CHN,459658818,,,
China,1920,CHN,463330522,,,
China,1921,CHN,466341893,,,
China,1922,CHN,468683169,,,
China,1923,CHN,470344471,,,
China,1924,CHN,472011663,,,
China,1925,CHN,473684764,,,
China,1926,CHN,475363795,,,
China,1927,CHN,477048778,,,
China,1928,CHN,478739734,,,
China,1929,CHN,480666438,,,
China,1930,CHN,482831090,,,
China,1931,CHN,485235901,,,
China,1932,CHN,487883101,,,
China,1933,CHN,490774936,,,
China,1934,CHN,493683911,,,
China,1935,CHN,496610129,,,
China,1936,CHN,499553692,,,
China,1937,CHN,502514702,,,
China,1938,CHN,505493263,,,
China,1939,CHN,508423146,,,
China,1940,CHN,511303712,,,
China,1941,CHN,514134316,,,
China,1942,CHN,516914309,,,
China,1943,CHN,519643036,,,
China,1944,CHN,522386167,,,
China,1945,CHN,525143778,,,
China,1946,CHN,527915947,,,
China,1947,CHN,530702750,,,
China,1948,CHN,533504263,,,
China,1949,CHN,537916245,,,
China,1950,CHN,544044355,,,
China,1951,CHN,553758251,,,
China,1952,CHN,565131435,,,
China,1953,CHN,577557140,,,
China,1954,CHN,590113859,,,
China,1955,CHN,603547014,,,
China,1956,CHN,616558585,,,
China,1957,CHN,630356210,,,
China,1958,CHN,644219478,,,
China,1959,CHN,652708211,,,
China,1960,CHN,654802068,,,
China,1961,CHN,655773484,,,
China,1962,CHN,665073690,,,
China,1963,CHN,684552646,,,
China,1964,CHN,704798263,,,
China,1965,CHN,723415737,,2123.529,
China,1966,CHN,742402206,,2248.522,
China,1967,CHN,761026025,,1972.427,
China,1968,CHN,781011030,,1941.965,
China,1969,CHN,802140341,,2300.328,
China,1970,CHN,823308964,,2868.545,
China,1971,CHN,844069870,,3317.408,
China,1972,CHN,863677810,,3495.327,
China,1973,CHN,882576945,,3610.895,
China,1974,CHN,900307580,,3650.71,
China,1975,CHN,916116796,,4017.437,
China,1976,CHN,930372293,,4164.813,
China,1977,CHN,943546374,,4477.948,
China,1978,CHN,956161482,,4844.404,
China,1979,CHN,969288071,,4923.021,
China,1980,CHN,983163540,,4910.204,
China,1981,CHN,997721072,,4774.731,
China,1982,CHN,1013588177,,4910.15,
China,1983,CHN,1029064952,,5148.07,
China,1984,CHN,1043849645,,5446.325,
China,1985,CHN,1059807818,,5803.289,0.972
China,1986,CHN,1077233607,,5982.088,1.693
China,1987,CHN,1096217445,,6340.201,2.737
China,1988,CHN,1115244168,,6695.495,2.053
China,1989,CHN,1133991006,,6910.493,3.709
China,1990,CHN,1153582725,,6881.387,2.771
China,1991,CHN,1170788533,,7121.363,2.429
China,1992,CHN,1184574236,,7406.634,2.467
China,1993,CHN,1197308574,,7899.078,3.124
China,1994,CHN,1209003099,,8311.651,3.154
China,1995,CHN,1220133929,,8484.854,2.999
China,1996,CHN,1230944809,,8861.039,2.828
China,1997,CHN,1241139623,,8847.622,8.077
China,1998,CHN,1250847122,,8794.493,6.092
China,1999,CHN,1260176650,,9035.296,4.813
China,2000,CHN,1269581174,2.54,9294.628,5.77
China,2001,CHN,1278725061,2.55,9751.95,4.93
China,2002,CHN,1286866835,2.55,10553.145,4.19
China,2003,CHN,1294517323,2.54,12219.811,5.16
China,2004,CHN,1302100316,2.53,14214.832,7.46
China,2005,CHN,1310027135,5.32,16050.938,12.14
China,2006,CHN,1318054030,7.13,17486.639,23.82
China,2007,CHN,1325813576,9.86,18893.74,33.91
China,2008,CHN,1333821011,14.87,19508.211,34.57
China,2009,CHN,1342522717,20.86,20229.75,56.56
China,2010,CHN,1351561505,24.9,21497.809,77.73
China,2011,CHN,1360250658,27.63,23037.326,108.77
China,2012,CHN,1369520866,30.13,23821.602,110.25
China,2013,CHN,1379008040,37.13,24548.49,116.39
China,2014,CHN,1387951970,46.27,25021.807,133.28
China,2015,CHN,1396134171,54.07,25166.627,166.91
China,2016,CHN,1404052628,62.13,25125.633,188.28
China,2017,CHN,1412354730,79.6,25949.135,203.2
China,2018,CHN,1419008954,93.8,27068.061,215.5
China,2019,CHN,1423520357,112.8,28231.928,232.5
China,2020,CHN,1426106093,135.7,29095.936,252.5
China,2021,CHN,1426437269,166,30738.947,287.1
China,2022,CHN,1425179562,182.6,31235.707,275.62
China,2023,CHN,1422584930,198.2,33089.07,297.8
China,2024,CHN,1419321284,208.5,34514.457,320.72
Colombia,1900,COL,4034733,,,
Colombia,1901,COL,4112556,,,
Colombia,1902,COL,4194368,,,
Colombia,1903,COL,4280293,,,
Colombia,1904,COL,4367979,,,
Colombia,1905,COL,4457462,,,
Colombia,1906,COL,4548777,,,
Colombia,1907,COL,4641963,,,
Colombia,1908,COL,4737057,,,
Colombia,1909,COL,4837936,,,
Colombia,1910,COL,4944811,,,
Colombia,1911,COL,5057903,,,
Colombia,1912,COL,5177435,,,
Colombia,1913,COL,5303643,,,
Colombia,1914,COL,5432927,,,
Colombia,1915,COL,5565363,,,
Colombia,1916,COL,5701026,,,
Colombia,1917,COL,5839997,,,
Colombia,1918,COL,5981524,,,
Colombia,1919,COL,6126807,,,
Colombia,1920,COL,6275946,,,
Colombia,1921,COL,6429040,,,
Colombia,1922,COL,6586195,,,
Colombia,1923,COL,6747518,,,
Colombia,1924,COL,6912793,,,
Colombia,1925,COL,7082116,,,
Colombia,1926,COL,7255586,,,
Colombia,1927,COL,7433305,,,
Colombia,1928,COL,7615377,,,
Colombia,1929,COL,7786555,,,
Colombia,1930,COL,7946343,,,
Colombia,1931,COL,8094230,,,
Colombia,1932,COL,8229689,,,
Colombia,1933,COL,8352177,,,
Colombia,1934,COL,8476488,,,
Colombia,1935,COL,8602649,,,
Colombia,1936,COL,8730688,,,
Colombia,1937,COL,8860633,,,
Colombia,1938,COL,8992512,,,
Colombia,1939,COL,9142620,,,
Colombia,1940,COL,9311615,,,
Colombia,1941,COL,9500171,,,
Colombia,1942,COL,9708983,,,
Colombia,1943,COL,9938765,,,
Colombia,1944,COL,10173986,,,
Colombia,1945,COL,10414773,,,
Colombia,1946,COL,10661259,,,
Colombia,1947,COL,10913579,,,
Colombia,1948,COL,11171870,,,
Colombia,1949,COL,11456827,,,
Colombia,1950,COL,11766991,,,
Colombia,1951,COL,12078813,,,
Colombia,1952,COL,12405851,,,
Colombia,1953,COL,12746037,,,
Colombia,1954,COL,13100844,,,
Colombia,1955,COL,13473060,,,
Colombia,1956,COL,13861805,,,
Colombia,1957,COL,14270276,,,
Colombia,1958,COL,14693292,,,
Colombia,1959,COL,15136219,,,
Colombia,1960,COL,15606209,,,
Colombia,1961,COL,16095207,,,
Colombia,1962,COL,16599031,,,
Colombia,1963,COL,17113824,,,
Colombia,1964,COL,17637416,,,
Colombia,1965,COL,18169053,,5375.81,
Colombia,1966,COL,18702693,,5877.615,
Colombia,1967,COL,19235624,,6023.253,
Colombia,1968,COL,19766802,,6085.219,
Colombia,1969,COL,20291937,,6001.523,
Colombia,1970,COL,20811790,,6411.41,
Colombia,1971,COL,21319099,,6192.232,
Colombia,1972,COL,21819572,,6975.084,
Colombia,1973,COL,22325375,,6593.237,
Colombia,1974,COL,22833475,,7211.356,
Colombia,1975,COL,23344650,,6666.832,
Colombia,1976,COL,23858815,,6800.741,
Colombia,1977,COL,24393499,,6872.882,
Colombia,1978,COL,24950342,,7061.499,
Colombia,1979,COL,25515627,,7184.95,
Colombia,1980,COL,26104503,,7306.572,
Colombia,1981,COL,26713267,,7241.573,
Colombia,1982,COL,27338334,,7280.557,
Colombia,1983,COL,27988176,,7489.578,
Colombia,1984,COL,28642690,,7414.757,
Colombia,1985,COL,29268470,,7497.94,
Colombia,1986,COL,29879114,,7696.458,
Colombia,1987,COL,30499471,,8238.534,
Colombia,1988,COL,31130530,,8065.788,
Colombia,1989,COL,31776280,,8323.355,
Colombia,1990,COL,32440064,,7783.004,
Colombia,1991,COL,33098373,,7830.261,
Colombia,1992,COL,33760571,,7953.24,
Colombia,1993,COL,34441479,,8483.56,
Colombia,1994,COL,35127408,,9006.918,
Colombia,1995,COL,35804670,,9041.412,
Colombia,1996,COL,36462740,,9231.311,
Colombia,1997,COL,37121155,,9217.649,
Colombia,1998,COL,37792169,,9169.126,
Colombia,1999,COL,38454861,,8396.195,
Colombia,2000,COL,39089939,0.5,8037.474,8.25
Colombia,2001,COL,39709263,0.5,7979.616,8.69
Colombia,2002,COL,40324684,0.49,7859.605,8.18
Colombia,2003,COL,40937426,0.5,7886.754,6.83
Colombia,2004,COL,41543177,0.47,8172.958,7.01
Colombia,2005,COL,42128978,0.5,7935.191,7.4
Colombia,2006,COL,42691081,0.53,9041.391,7.38
Colombia,2007,COL,43235374,0.53,9072.923,6.57
Colombia,2008,COL,43758805,0.54,9334.807,5.76
Colombia,2009,COL,44271543,0.54,9120.582,10.94
Colombia,2010,COL,44777325,2.42,9482.501,11.97
Colombia,2011,COL,45259614,2,9805.576,7.64
Colombia,2012,COL,45715807,1.95,10323.192,8.99
Colombia,2013,COL,46151583,1.05,10509.707,15.36
Colombia,2014,COL,46565426,1.35,10964.914,14.24
Colombia,2015,COL,46969938,1.37,10738.822,17.95
Colombia,2016,COL,47437513,1.46,11569.512,15.9
Colombia,2017,COL,48131076,1.42,11535.692,11.01
Colombia,2018,COL,49024463,1.45,11652.967,11.62
Colombia,2019,COL,49907987,1.57,11495.876,13.16
Colombia,2020,COL,50629997,2.15,10227.39,15.19
Colombia,2021,COL,51188174,2.24,11053.629,13.76
Colombia,2022,COL,51737944,2.18,12123.15,13.49
Colombia,2023,COL,52321152,2.27,11760.209,16.2
Colombia,2024,COL,52886360,2.27,11645.494,14.73
Comoros,1980,COM,337728,,555.199,
Comoros,1981,COM,347393,,538.293,
Comoros,1982,COM,357150,,523.588,
Comoros,1983,COM,367241,,509.201,
Comoros,1984,COM,377644,,496.516,
Comoros,1985,COM,388357,,481.514,
Comoros,1986,COM,399328,,257.54,
Comoros,1987,COM,410445,,539.117,
Comoros,1988,COM,421697,,525.543,
Comoros,1989,COM,433110,,510.905,
Comoros,1990,COM,444601,,590.396,
Comoros,1991,COM,455563,,555.833,
Comoros,1992,COM,465118,,545.515,
Comoros,1993,COM,473681,,534.572,
Comoros,1994,COM,482148,,525.185,
Comoros,1995,COM,490594,,515.785,
Comoros,1996,COM,499113,,508.359,
Comoros,1997,COM,507779,,498.675,
Comoros,1998,COM,516606,,598.926,
Comoros,1999,COM,525894,,588.358,
Comoros,2000,COM,536084,0,810.312,0
Comoros,2001,COM,547221,0,828.73,0
Comoros,2002,COM,558927,0,813.162,0
Comoros,2003,COM,569808,0,1018.931,0
Comoros,2004,COM,580711,0,1095.823,0
Comoros,2005,COM,592679,0,1030.72,0
Comoros,2006,COM,604752,0,1178.431,0
Comoros,2007,COM,616935,0,758.175,0
Comoros,2008,COM,629314,0,758.058,0
Comoros,2009,COM,641949,0,909.78,0
Comoros,2010,COM,654846,0,1061.946,0
Comoros,2011,COM,668064,0,933.801,0
Comoros,2012,COM,681637,0,957.635,0
Comoros,2013,COM,696203,0,1122.823,0
Comoros,2014,COM,711512,0,980.851,0
Comoros,2015,COM,726685,0,1036.657,0
Comoros,2016,COM,741745,0,1191.659,0
Comoros,2017,COM,756672,0,1501.447,0
Comoros,2018,COM,771597,0,1068.264,0
Comoros,2019,COM,786582,0,1154.261,0
Comoros,2020,COM,802172,0,1334.557,0
Comoros,2021,COM,818178,0,1966.552,0
Comoros,2022,COM,834191,0,2068.179,0
Comoros,2023,COM,850390,0,2092.154,0
Congo,1900,COG,607115,,,
Congo,1901,COG,602542,,,
Congo,1902,COG,597397,,,
Congo,1903,COG,591689,,,
Congo,1904,COG,586035,,,
Congo,1905,COG,580436,,,
Congo,1906,COG,574889,,,
Congo,1907,COG,569396,,,
Congo,1908,COG,563954,,,
Congo,1909,COG,559008,,,
Congo,1910,COG,554548,,,
Congo,1911,COG,550569,,,
Congo,1912,COG,547063,,,
Congo,1913,COG,544024,,,
Congo,1914,COG,541001,,,
Congo,1915,COG,537996,,,
Congo,1916,COG,535007,,,
Congo,1917,COG,532034,,,
Congo,1918,COG,528842,,,
Congo,1919,COG,527863,,,
Congo,1920,COG,529118,,,
Congo,1921,COG,532626,,,
Congo,1922,COG,538408,,,
Congo,1923,COG,546484,,,
Congo,1924,COG,554681,,,
Congo,1925,COG,563001,,,
Congo,1926,COG,571446,,,
Congo,1927,COG,580018,,,
Congo,1928,COG,588718,,,
Congo,1929,COG,597428,,,
Congo,1930,COG,606145,,,
Congo,1931,COG,614868,,,
Congo,1932,COG,623596,,,
Congo,1933,COG,632326,,,
Congo,1934,COG,641179,,,
Congo,1935,COG,650155,,,
Congo,1936,COG,659258,,,
Congo,1937,COG,668487,,,
Congo,1938,COG,677846,,,
Congo,1939,COG,687893,,,
Congo,1940,COG,698649,,,
Congo,1941,COG,710132,,,
Congo,1942,COG,722365,,,
Congo,1943,COG,735368,,,
Congo,1944,COG,748604,,,
Congo,1945,COG,762079,,,
Congo,1946,COG,775797,,,
Congo,1947,COG,789761,,,
Congo,1948,COG,803977,,,
Congo,1949,COG,819090,,,
Congo,1950,COG,835269,,,
Congo,1951,COG,853643,,,
Congo,1952,COG,872684,,,
Congo,1953,COG,892461,,,
Congo,1954,COG,913023,,,
Congo,1955,COG,934435,,,
Congo,1956,COG,956825,,,
Congo,1957,COG,980204,,,
Congo,1958,COG,1004629,,,
Congo,1959,COG,1030164,,,
Congo,1960,COG,1056738,,,
Congo,1961,COG,1084392,,,
Congo,1962,COG,1113180,,,
Congo,1963,COG,1143269,,,
Congo,1964,COG,1174823,,,
Congo,1965,COG,1207886,,,
Congo,1966,COG,1242544,,,
Congo,1967,COG,1278697,,,
Congo,1968,COG,1316525,,,
Congo,1969,COG,1356188,,,
Congo,1970,COG,1397640,,,
Congo,1971,COG,1441047,,,
Congo,1972,COG,1486478,,,
Congo,1973,COG,1533685,,,
Congo,1974,COG,1582304,,,
Congo,1975,COG,1627033,,,
Congo,1976,COG,1667233,,,
Congo,1977,COG,1707572,,,
Congo,1978,COG,1748098,,,
Congo,1979,COG,1788523,,,
Congo,1980,COG,1828991,,1709.197,
Congo,1981,COG,1869764,,2017.607,
Congo,1982,COG,1910429,,1713.52,
Congo,1983,COG,1950328,,1441.989,
Congo,1984,COG,1999533,,1430.676,
Congo,1985,COG,2059317,,2078.195,
Congo,1986,COG,2120604,,1852.427,
Congo,1987,COG,2183478,,2222.74,
Congo,1988,COG,2247653,,1692.593,
Congo,1989,COG,2313562,,1845.906,
Congo,1990,COG,2380562,,1953.634,
Congo,1991,COG,2449235,,1709.668,
Congo,1992,COG,2519467,,1620.822,
Congo,1993,COG,2595127,,1438.404,
Congo,1994,COG,2673147,,1337.183,
Congo,1995,COG,2749464,,1312.997,
Congo,1996,COG,2826786,,1298.5,
Congo,1997,COG,2887862,,1241.374,
Congo,1998,COG,2952062,,1183.603,
Congo,1999,COG,3032876,,985.42,
Congo,2000,COG,3151349,0,1037.026,0
Congo,2001,COG,3272542,0,1252.23,0
Congo,2002,COG,3350770,0,1061.703,0
Congo,2003,COG,3445758,0,1256.683,0.06
Congo,2004,COG,3565565,0,1309.18,0.07
Congo,2005,COG,3696399,0,1755.228,0.08
Congo,2006,COG,3837411,0,2043.876,0.08
Congo,2007,COG,3980430,0,2483.396,0.07
Congo,2008,COG,4113514,0,2739.223,0.09
Congo,2009,COG,4281218,0,3250.688,0.19
Congo,2010,COG,4462304,0,4258.119,0.34
Congo,2011,COG,4609728,0,4844.21,0.49
Congo,2012,COG,4740457,0,4776.098,0.71
Congo,2013,COG,4857104,0,5992.234,0.74
Congo,2014,COG,4975887,0,5556.356,0.79
Congo,2015,COG,5097583,0,5433.539,1.43
Congo,2016,COG,5222545,0,5047.901,1.64
Congo,2017,COG,5351013,0,3577.699,1.65
Congo,2018,COG,5483128,0,3243.997,1.87
Congo,2019,COG,5616656,0,2574.936,2.63
Congo,2020,COG,5752792,0,2075.075,2.74
Congo,2021,COG,5892187,0,2078.873,2.83
Congo,2022,COG,6035104,0,2162.773,3.6
Congo,2023,COG,6182890,0.01,2154.287,3.81
Congo,2024,COG,6332969,,,
Cook Islands,1980,COK,17719,,6927.354,
Cook Islands,1981,COK,17623,,13892.12,
Cook Islands,1982,COK,17498,,13991.361,
Cook Islands,1983,COK,17304,,14148.222,
Cook Islands,1984,COK,17085,,14368.836,
Cook Islands,1985,COK,16853,,14526.84,
Cook Islands,1986,COK,16626,,11043.885,
Cook Islands,1987,COK,16601,,11060.516,
Cook Islands,1988,COK,16771,,10978.396,
Cook Islands,1989,COK,16958,,10827.67,
Cook Islands,1990,COK,17146,,10708.948,
Cook Islands,1991,COK,17329,,7287.099,
Cook Islands,1992,COK,17495,,10529.79,
Cook Islands,1993,COK,17615,,10429.498,
Cook Islands,1994,COK,17710,,10373.553,
Cook Islands,1995,COK,17801,,10320.522,
Cook Islands,1996,COK,17880,,10303.058,
Cook Islands,1997,COK,17648,,10409.996,
Cook Islands,1998,COK,17102,,10742.347,
Cook Islands,1999,COK,16508,,11128.884,
Cook Islands,2000,COK,15876,0,17236.658,0
Cook Islands,2001,COK,15259,0,17105.523,0
Cook Islands,2002,COK,14994,0,9426.237,0
Cook Islands,2003,COK,15049,0,8661.503,0
Cook Islands,2004,COK,15103,0,14648.089,0
Cook Islands,2005,COK,15153,0,23379.414,0
Cook Islands,2006,COK,15233,0,24780.537,0
Cook Islands,2007,COK,15519,0,20521.449,0
Cook Islands,2008,COK,16003,0,20446.494,0
Cook Islands,2009,COK,16497,0,18272.609,0
Cook Islands,2010,COK,17000,0,21064.637,0
Cook Islands,2011,COK,17480,0,22989.076,0
Cook Islands,2012,COK,17690,0,24084.77,0
Cook Islands,2013,COK,17629,0,24076.594,0
Cook Islands,2014,COK,17556,0,25530.701,0
Cook Islands,2015,COK,17471,0,23831.498,0
Cook Islands,2016,COK,17360,0,24900.26,0
Cook Islands,2017,COK,17066,0,27071.768,0
Cook Islands,2018,COK,16623,0,28354.258,0
Cook Islands,2019,COK,16151,0,29256.52,0
Cook Islands,2020,COK,15664,0,21013.738,0
Cook Islands,2021,COK,15205,0,22827.029,0
Cook Islands,2022,COK,14747,0,28099.07,0
Cook Islands,2023,COK,14244,,30723.822,
Costa Rica,1980,CRI,2390641,,4973.329,
Costa Rica,1981,CRI,2456643,,4895.272,
Costa Rica,1982,CRI,2524811,,4519.517,
Costa Rica,1983,CRI,2595155,,4656.814,
Costa Rica,1984,CRI,2667597,,4164.137,
Costa Rica,1985,CRI,2741903,,4320.322,
Costa Rica,1986,CRI,2817219,,3970.357,
Costa Rica,1987,CRI,2892698,,4425.896,
Costa Rica,1988,CRI,2968102,,4829.873,
Costa Rica,1989,CRI,3043826,,5084.04,
Costa Rica,1990,CRI,3121707,,4780.386,
Costa Rica,1991,CRI,3202182,,4934.007,
Costa Rica,1992,CRI,3284261,,5877.006,
Costa Rica,1993,CRI,3367436,,6238.651,
Costa Rica,1994,CRI,3451122,,6205.497,
Costa Rica,1995,CRI,3535179,,6421.889,
Costa Rica,1996,CRI,3619012,,6168.313,
Costa Rica,1997,CRI,3701713,,6520.789,
Costa Rica,1998,CRI,3782840,,6881.35,
Costa Rica,1999,CRI,3862103,,7539.751,
Costa Rica,2000,CRI,3937737,0.02,7388.234,0
Costa Rica,2001,CRI,4008951,0.02,7386.503,0
Costa Rica,2002,CRI,4075710,0.05,7551.25,0
Costa Rica,2003,CRI,4138791,0.05,7776.174,0
Costa Rica,2004,CRI,4200079,0.02,7672.902,0
Costa Rica,2005,CRI,4261240,0.07,8036.141,0
Costa Rica,2006,CRI,4321337,0.07,8383.152,0
Costa Rica,2007,CRI,4380250,0.08,8884.348,0
Costa Rica,2008,CRI,4440058,0.08,8737.468,0
Costa Rica,2009,CRI,4499788,0.12,8330.891,0
Costa Rica,2010,CRI,4555965,0.14,8397.651,0
Costa Rica,2011,CRI,4609834,0.14,8370.705,0
Costa Rica,2012,CRI,4663930,0.18,8368.356,0
Costa Rica,2013,CRI,4716153,0.18,8453.235,0
Costa Rica,2014,CRI,4767126,0.18,8564.41,0
Costa Rica,2015,CRI,4818045,0.18,8542.498,0
Costa Rica,2016,CRI,4867003,0.2,8940.282,0
Costa Rica,2017,CRI,4913177,0.2,9141.534,0
Costa Rica,2018,CRI,4957813,0.19,9304.228,0
Costa Rica,2019,CRI,4999549,0.19,9256.251,0
Costa Rica,2020,CRI,5034323,0.19,8050.522,0
Costa Rica,2021,CRI,5059991,0.19,8936.604,0
Costa Rica,2022,CRI,5081764,0.06,9135.139,0
Costa Rica,2023,CRI,5105526,0.06,9004.632,0
Costa Rica,2024,CRI,5129909,0.06,,0
Cote d'Ivoire,1900,CIV,1505099,,,
Cote d'Ivoire,1901,CIV,1514625,,,
Cote d'Ivoire,1902,CIV,1523307,,,
Cote d'Ivoire,1903,CIV,1531131,,,
Cote d'Ivoire,1904,CIV,1538993,,,
Cote d'Ivoire,1905,CIV,1546894,,,
Cote d'Ivoire,1906,CIV,1554833,,,
Cote d'Ivoire,1907,CIV,1562811,,,
Cote d'Ivoire,1908,CIV,1570828,,,
Cote d'Ivoire,1909,CIV,1579518,,,
Cote d'Ivoire,1910,CIV,1588890,,,
Cote d'Ivoire,1911,CIV,1598952,,,
Cote d'Ivoire,1912,CIV,1609714,,,
Cote d'Ivoire,1913,CIV,1621185,,,
Cote d'Ivoire,1914,CIV,1632735,,,
Cote d'Ivoire,1915,CIV,1644365,,,
Cote d'Ivoire,1916,CIV,1656077,,,
Cote d'Ivoire,1917,CIV,1667869,,,
Cote d'Ivoire,1918,CIV,1677876,,,
Cote d'Ivoire,1919,CIV,1691000,,,
Cote d'Ivoire,1920,CIV,1707305,,,
Cote d'Ivoire,1921,CIV,1726856,,,
Cote d'Ivoire,1922,CIV,1749721,,,
Cote d'Ivoire,1923,CIV,1775966,,,
Cote d'Ivoire,1924,CIV,1802606,,,
Cote d'Ivoire,1925,CIV,1829645,,,
Cote d'Ivoire,1926,CIV,1857089,,,
Cote d'Ivoire,1927,CIV,1884946,,,
Cote d'Ivoire,1928,CIV,1913220,,,
Cote d'Ivoire,1929,CIV,1941524,,,
Cote d'Ivoire,1930,CIV,1969853,,,
Cote d'Ivoire,1931,CIV,1998202,,,
Cote d'Ivoire,1932,CIV,2026565,,,
Cote d'Ivoire,1933,CIV,2054937,,,
Cote d'Ivoire,1934,CIV,2083706,,,
Cote d'Ivoire,1935,CIV,2112878,,,
Cote d'Ivoire,1936,CIV,2142458,,,
Cote d'Ivoire,1937,CIV,2172453,,,
Cote d'Ivoire,1938,CIV,2202867,,,
Cote d'Ivoire,1939,CIV,2235519,,,
Cote d'Ivoire,1940,CIV,2270472,,,
Cote d'Ivoire,1941,CIV,2307792,,,
Cote d'Ivoire,1942,CIV,2347546,,,
Cote d'Ivoire,1943,CIV,2389801,,,
Cote d'Ivoire,1944,CIV,2432818,,,
Cote d'Ivoire,1945,CIV,2476609,,,
Cote d'Ivoire,1946,CIV,2521188,,,
Cote d'Ivoire,1947,CIV,2566569,,,
Cote d'Ivoire,1948,CIV,2612767,,,
Cote d'Ivoire,1949,CIV,2669371,,,
Cote d'Ivoire,1950,CIV,2735187,,,
Cote d'Ivoire,1951,CIV,2809368,,,
Cote d'Ivoire,1952,CIV,2885718,,,
Cote d'Ivoire,1953,CIV,2965133,,,
Cote d'Ivoire,1954,CIV,3048539,,,
Cote d'Ivoire,1955,CIV,3136631,,,
Cote d'Ivoire,1956,CIV,3230013,,,
Cote d'Ivoire,1957,CIV,3329283,,,
Cote d'Ivoire,1958,CIV,3435088,,,
Cote d'Ivoire,1959,CIV,3548954,,,
Cote d'Ivoire,1960,CIV,3673672,,,
Cote d'Ivoire,1961,CIV,3810152,,,
Cote d'Ivoire,1962,CIV,3956950,,,
Cote d'Ivoire,1963,CIV,4112070,,,
Cote d'Ivoire,1964,CIV,4273955,,,
Cote d'Ivoire,1965,CIV,4442384,,,
Cote d'Ivoire,1966,CIV,4617522,,,
Cote d'Ivoire,1967,CIV,4799743,,,
Cote d'Ivoire,1968,CIV,4990023,,,
Cote d'Ivoire,1969,CIV,5192227,,,
Cote d'Ivoire,1970,CIV,5411573,,,
Cote d'Ivoire,1971,CIV,5650875,,,
Cote d'Ivoire,1972,CIV,5909721,,,
Cote d'Ivoire,1973,CIV,6184949,,,
Cote d'Ivoire,1974,CIV,6474062,,,
Cote d'Ivoire,1975,CIV,6776303,,,
Cote d'Ivoire,1976,CIV,7057963,,,
Cote d'Ivoire,1977,CIV,7321955,,,
Cote d'Ivoire,1978,CIV,7603134,,,
Cote d'Ivoire,1979,CIV,7902266,,,
Cote d'Ivoire,1980,CIV,8220717,,2272.253,
Cote d'Ivoire,1981,CIV,8556600,,2366.359,
Cote d'Ivoire,1982,CIV,8907942,,2134.97,
Cote d'Ivoire,1983,CIV,9272742,,2112.535,
Cote d'Ivoire,1984,CIV,9650523,,1898.616,
Cote d'Ivoire,1985,CIV,10040486,,1978.588,
Cote d'Ivoire,1986,CIV,10440924,,1975.6,
Cote d'Ivoire,1987,CIV,10851481,,2102.535,
Cote d'Ivoire,1988,CIV,11275194,,2109.115,
Cote d'Ivoire,1989,CIV,11719774,,2028.762,
Cote d'Ivoire,1990,CIV,12189780,,1642.761,
Cote d'Ivoire,1991,CIV,12683875,,1312.042,
Cote d'Ivoire,1992,CIV,13200313,,1252.47,
Cote d'Ivoire,1993,CIV,13735955,,1365.727,
Cote d'Ivoire,1994,CIV,14287211,,1348.722,
Cote d'Ivoire,1995,CIV,14855566,,1347.566,
Cote d'Ivoire,1996,CIV,15442322,,1545.159,
Cote d'Ivoire,1997,CIV,16047178,,1514.514,
Cote d'Ivoire,1998,CIV,16663948,,1534.13,
Cote d'Ivoire,1999,CIV,17215937,,1921.492,
Cote d'Ivoire,2000,CIV,17699007,0,1880.609,3.04
Cote d'Ivoire,2001,CIV,18178920,0,1804.471,3.09
Cote d'Ivoire,2002,CIV,18654772,0,1715.691,3.57
Cote d'Ivoire,2003,CIV,19125546,0,1482.016,3.26
Cote d'Ivoire,2004,CIV,19594997,0.11,1587.285,3.65
Cote d'Ivoire,2005,CIV,20068468,0.11,1768.738,4.13
Cote d'Ivoire,2006,CIV,20546808,0.1,1450.859,4.02
Cote d'Ivoire,2007,CIV,21030558,0.12,1502.957,3.7
Cote d'Ivoire,2008,CIV,21514446,0.12,1622.628,3.78
Cote d'Ivoire,2009,CIV,21997936,0.07,1522.432,3.66
Cote d'Ivoire,2010,CIV,22488068,0.07,1568.466,4.19
Cote d'Ivoire,2011,CIV,22982003,0.06,1407.574,4.23
Cote d'Ivoire,2012,CIV,23467083,0.07,1713.841,4.73
Cote d'Ivoire,2013,CIV,23939775,0.07,1887.155,5.77
Cote d'Ivoire,2014,CIV,24527393,0.07,1930.718,5.8
Cote d'Ivoire,2015,CIV,25246347,0.1,1909.726,6.8
Cote d'Ivoire,2016,CIV,25989404,0.17,2114.603,8.48
Cote d'Ivoire,2017,CIV,26733376,0.11,2008.135,7.89
Cote d'Ivoire,2018,CIV,27464175,0.06,1962.942,7.03
Cote d'Ivoire,2019,CIV,28193014,0.07,2037.24,7.12
Cote d'Ivoire,2020,CIV,28915452,0.07,1926.697,7.8
Cote d'Ivoire,2021,CIV,29639737,0.08,2234.778,8.62
Cote d'Ivoire,2022,CIV,30395004,0.08,2575.372,9.14
Cote d'Ivoire,2023,CIV,31165653,0.09,2488.01,7.65
Croatia,1990,HRV,4835067,0.01,20851.836,1.36
Croatia,1991,HRV,4825159,0.01,17365.137,0.74
Croatia,1992,HRV,4782235,0.01,16838.043,1.37
Croatia,1993,HRV,4729734,0.02,17761.256,1.82
Croatia,1994,HRV,4675517,0.01,18150.568,1.84
Croatia,1995,HRV,4619362,0.01,19017.701,0.88
Croatia,1996,HRV,4562290,0.01,20656.52,1.31
Croatia,1997,HRV,4504627,0,20725.064,1.17
Croatia,1998,HRV,4445669,0.01,22208.432,1.34
Croatia,1999,HRV,4385823,0.01,23282.852,1.23
Croatia,2000,HRV,4326105,0,22317.953,1.57
Croatia,2001,HRV,4301079,0,23602.438,1.83
Croatia,2002,HRV,4305783,0,23601.307,2.53
Croatia,2003,HRV,4306683,0,24687.121,2.06
Croatia,2004,HRV,4310050,0,25647.283,2.46
Croatia,2005,HRV,4313946,0.01,25332.936,1.82
Croatia,2006,HRV,4315802,0.01,25012.688,2.06
Croatia,2007,HRV,4315959,0.01,25128.795,3.07
Croatia,2008,HRV,4314635,0.02,24999.676,2.46
Croatia,2009,HRV,4310537,0.02,24704.299,2.21
Croatia,2010,HRV,4301150,0.03,25170.996,2.55
Croatia,2011,HRV,4280827,0.05,22063.092,2.62
Croatia,2012,HRV,4259233,0.09,20565.84,2.51
Croatia,2013,HRV,4242403,0.13,22645.891,2.02
Croatia,2014,HRV,4219485,0.16,22753.666,1
Croatia,2015,HRV,4183732,0.27,21755.668,1.2
Croatia,2016,HRV,4136438,0.43,22901.484,1.59
Croatia,2017,HRV,4079198,0.53,23235.795,3.09
Croatia,2018,HRV,4024868,0.67,24388.486,2.25
Croatia,2019,HRV,3986338,0.88,24035.391,2.63
Croatia,2020,HRV,3953956,0.98,23110.643,3.44
Croatia,2021,HRV,3924607,1.1,25050.172,3.1
Croatia,2022,HRV,3907031,1.13,23846.066,3.51
Croatia,2023,HRV,3896023,1.05,26982.51,3.86
Croatia,2024,HRV,3875325,1.04,26615.488,3.25
Cuba,1900,CUB,1719649,,,
Cuba,1901,CUB,1752299,,,
Cuba,1902,CUB,1795364,,,
Cuba,1903,CUB,1849179,,,
Cuba,1904,CUB,1904606,,,
Cuba,1905,CUB,1961695,,,
Cuba,1906,CUB,2020494,,,
Cuba,1907,CUB,2081056,,,
Cuba,1908,CUB,2143432,,,
Cuba,1909,CUB,2208104,,,
Cuba,1910,CUB,2275154,,,
Cuba,1911,CUB,2344667,,,
Cuba,1912,CUB,2416730,,,
Cuba,1913,CUB,2491434,,,
Cuba,1914,CUB,2568448,,,
Cuba,1915,CUB,2647842,,,
Cuba,1916,CUB,2729689,,,
Cuba,1917,CUB,2814066,,,
Cuba,1918,CUB,2899928,,,
Cuba,1919,CUB,2985028,,,
Cuba,1920,CUB,3069258,,,
Cuba,1921,CUB,3152504,,,
Cuba,1922,CUB,3234648,,,
Cuba,1923,CUB,3315565,,,
Cuba,1924,CUB,3398506,,,
Cuba,1925,CUB,3483522,,,
Cuba,1926,CUB,3570664,,,
Cuba,1927,CUB,3659987,,,
Cuba,1928,CUB,3751544,,,
Cuba,1929,CUB,3839507,,,
Cuba,1930,CUB,3923683,,,
Cuba,1931,CUB,4003873,,,
Cuba,1932,CUB,4079868,,,
Cuba,1933,CUB,4151457,,,
Cuba,1934,CUB,4224302,,,
Cuba,1935,CUB,4298425,,,
Cuba,1936,CUB,4373849,,,
Cuba,1937,CUB,4450596,,,
Cuba,1938,CUB,4528690,,,
Cuba,1939,CUB,4614150,,,
Cuba,1940,CUB,4707248,,,
Cuba,1941,CUB,4808265,,,
Cuba,1942,CUB,4917491,,,
Cuba,1943,CUB,5035224,,,
Cuba,1944,CUB,5155776,,,
Cuba,1945,CUB,5279214,,,
Cuba,1946,CUB,5405607,,,
Cuba,1947,CUB,5535026,,,
Cuba,1948,CUB,5667544,,,
Cuba,1949,CUB,5798132,,,
Cuba,1950,CUB,5924519,,,
Cuba,1951,CUB,6042205,,,
Cuba,1952,CUB,6162183,,,
Cuba,1953,CUB,6285749,,,
Cuba,1954,CUB,6412849,,,
Cuba,1955,CUB,6543104,,,
Cuba,1956,CUB,6676062,,,
Cuba,1957,CUB,6811726,,,
Cuba,1958,CUB,6950291,,,
Cuba,1959,CUB,7092337,,,
Cuba,1960,CUB,7238083,,,
Cuba,1961,CUB,7387120,,,
Cuba,1962,CUB,7541103,,,
Cuba,1963,CUB,7701665,,,
Cuba,1964,CUB,7866016,,,
Cuba,1965,CUB,8030806,,,
Cuba,1966,CUB,8193453,,,
Cuba,1967,CUB,8352627,,,
Cuba,1968,CUB,8509522,,,
Cuba,1969,CUB,8666638,,,
Cuba,1970,CUB,8824389,,,
Cuba,1971,CUB,8979089,,,
Cuba,1972,CUB,9123895,,,
Cuba,1973,CUB,9255332,,,
Cuba,1974,CUB,9374184,,,
Cuba,1975,CUB,9479729,,,
Cuba,1976,CUB,9571240,,,
Cuba,1977,CUB,9648443,,,
Cuba,1978,CUB,9711985,,,
Cuba,1979,CUB,9763358,,,
Cuba,1980,CUB,9804798,,13585.013,
Cuba,1981,CUB,9849325,,13752.267,
Cuba,1982,CUB,9912681,,14794.88,
Cuba,1983,CUB,9991027,,13507.265,
Cuba,1984,CUB,10073306,,13880.552,
Cuba,1985,CUB,10157229,,13999.875,
Cuba,1986,CUB,10244250,,14244.851,
Cuba,1987,CUB,10335337,,13910.086,
Cuba,1988,CUB,10432590,,13974.234,
Cuba,1989,CUB,10533249,,14112.1,
Cuba,1990,CUB,10631796,,13684.609,
Cuba,1991,CUB,10717640,,12630.26,
Cuba,1992,CUB,10785807,,11170.141,
Cuba,1993,CUB,10841040,,10860.575,
Cuba,1994,CUB,10886022,,10939.621,
Cuba,1995,CUB,10925362,,11108.557,
Cuba,1996,CUB,10962009,,11413.409,
Cuba,1997,CUB,10997933,,12515.4,
Cuba,1998,CUB,11034716,,11870.953,
Cuba,1999,CUB,11072230,,10232.663,
Cuba,2000,CUB,11109112,0.94,9865.099,1.31
Cuba,2001,CUB,11144134,0.93,9057.511,1.26
Cuba,2002,CUB,11177422,0.94,9133.567,1.22
Cuba,2003,CUB,11209379,0.72,9241.056,1.61
Cuba,2004,CUB,11238756,0.79,9339.649,1.87
Cuba,2005,CUB,11262553,0.42,9173.879,1.94
Cuba,2006,CUB,11278550,0.41,8924.525,2.23
Cuba,2007,CUB,11287274,0.41,9002.153,2.49
Cuba,2008,CUB,11291764,0.55,10292.886,2.54
Cuba,2009,CUB,11294719,0.54,10366.752,2.38
Cuba,2010,CUB,11297414,0.46,11787.549,2.27
Cuba,2011,CUB,11301578,0.45,10581.127,2.05
Cuba,2012,CUB,11303172,0.55,11512.604,2.09
Cuba,2013,CUB,11298163,0.68,11051.086,1.99
Cuba,2014,CUB,11285780,0.64,11269.271,2.79
Cuba,2015,CUB,11275069,0.7,11314.926,2.95
Cuba,2016,CUB,11265615,0.69,8825.617,2.92
Cuba,2017,CUB,11247824,0.62,9404.827,2.8
Cuba,2018,CUB,11227116,0.44,9396.204,2.64
Cuba,2019,CUB,11202847,0.52,8404.184,2.45
Cuba,2020,CUB,11176349,0.55,7528.675,2.01
Cuba,2021,CUB,11122169,0.43,6848.439,1.58
Cuba,2022,CUB,11059822,0.28,7764.905,1.95
Cuba,2023,CUB,11019932,0.33,7640.304,2.02
Cuba,2024,CUB,10979781,,,
Curacao,1965,CUW,142471,,,
Curacao,1966,CUW,144331,,,
Curacao,1967,CUW,146110,,,
Curacao,1968,CUW,147813,,,
Curacao,1969,CUW,149407,,,
Curacao,1970,CUW,150885,,,
Curacao,1971,CUW,152199,,,
Curacao,1972,CUW,153294,,,
Curacao,1973,CUW,154096,,,
Curacao,1974,CUW,154689,,,
Curacao,1975,CUW,155208,,,
Curacao,1976,CUW,155635,,,
Curacao,1977,CUW,155980,,,
Curacao,1978,CUW,156265,,,
Curacao,1979,CUW,156492,,,
Curacao,1980,CUW,156665,,,
Curacao,1981,CUW,156805,,,
Curacao,1982,CUW,156850,,,
Curacao,1983,CUW,156837,,,
Curacao,1984,CUW,156797,,,
Curacao,1985,CUW,156713,,,
Curacao,1986,CUW,156598,,,
Curacao,1987,CUW,156456,,,
Curacao,1988,CUW,156259,,,
Curacao,1989,CUW,156031,,,
Curacao,1990,CUW,155750,,,
Curacao,1991,CUW,155455,,,
Curacao,1992,CUW,155101,,,
Curacao,1993,CUW,154504,,,
Curacao,1994,CUW,153677,,,
Curacao,1995,CUW,152705,,,
Curacao,1996,CUW,151582,,,
Curacao,1997,CUW,150316,,,
Curacao,1998,CUW,148874,,,
Curacao,1999,CUW,147276,,,
Curacao,2000,CUW,145540,,,
Curacao,2001,CUW,144758,,,
Curacao,2002,CUW,145911,,,
Curacao,2003,CUW,147923,,,
Curacao,2004,CUW,149805,,,
Curacao,2005,CUW,151324,,,
Curacao,2006,CUW,152516,,,
Curacao,2007,CUW,153672,,,
Curacao,2008,CUW,154784,,,
Curacao,2009,CUW,155832,,,
Curacao,2010,CUW,156881,,,
Curacao,2011,CUW,158572,,,
Curacao,2012,CUW,160904,,,
Curacao,2013,CUW,163122,,,
Curacao,2014,CUW,165041,,,
Curacao,2015,CUW,166621,,,
Curacao,2016,CUW,167787,,,
Curacao,2017,CUW,168525,,,
Curacao,2018,CUW,181590,,,
Curacao,2019,CUW,189555,,,
Curacao,2020,CUW,185029,,,
Curacao,2021,CUW,185324,,,
Curacao,2022,CUW,185350,,,
Curacao,2023,CUW,185437,,,
Curacao,2024,CUW,185482,,,
Cyprus,1965,CYP,617743,,7576.371,
Cyprus,1966,CYP,623394,,8563.817,
Cyprus,1967,CYP,629255,,9196.994,
Cyprus,1968,CYP,635164,,10119.043,
Cyprus,1969,CYP,641196,,11836.933,
Cyprus,1970,CYP,647443,,12363.76,
Cyprus,1971,CYP,654058,,14598.88,
Cyprus,1972,CYP,661067,,16241.959,
Cyprus,1973,CYP,665946,,17297.453,
Cyprus,1974,CYP,663265,,15398.195,
Cyprus,1975,CYP,659408,,12936.193,
Cyprus,1976,CYP,662045,,13100.408,
Cyprus,1977,CYP,667104,,14685.842,
Cyprus,1978,CYP,672259,,14941.394,
Cyprus,1979,CYP,677552,,15043.617,
Cyprus,1980,CYP,683082,,15047.482,
Cyprus,1981,CYP,688895,,14307.252,
Cyprus,1982,CYP,696503,,16961.58,
Cyprus,1983,CYP,707224,,17576.723,
Cyprus,1984,CYP,719345,,17533.297,
Cyprus,1985,CYP,731290,,18549.932,
Cyprus,1986,CYP,743116,,19032.611,
Cyprus,1987,CYP,754796,,22894.695,
Cyprus,1988,CYP,766238,,23289.115,
Cyprus,1989,CYP,777429,,23554.605,
Cyprus,1990,CYP,788355,0,24449.057,0
Cyprus,1991,CYP,798950,0,24422.248,0
Cyprus,1992,CYP,810344,0,28132.1,0
Cyprus,1993,CYP,826042,0,28679.145,0
Cyprus,1994,CYP,844669,0,28096.639,0
Cyprus,1995,CYP,862698,0,29246.24,0
Cyprus,1996,CYP,880295,0,29086.635,0
Cyprus,1997,CYP,897574,0,28801.662,0
Cyprus,1998,CYP,914552,0,30010.984,0
Cyprus,1999,CYP,931235,0,31013.311,0
Cyprus,2000,CYP,947667,0,31932.213,0
Cyprus,2001,CYP,964129,0,31748.504,0
Cyprus,2002,CYP,981443,0,30756.688,0
Cyprus,2003,CYP,999600,0,32101.143,0
Cyprus,2004,CYP,1017875,0,30679.959,0
Cyprus,2005,CYP,1036156,0,33771.734,0
Cyprus,2006,CYP,1054424,0,32635.766,0
Cyprus,2007,CYP,1072727,0,32614.639,0
Cyprus,2008,CYP,1091029,0.01,32863.738,0
Cyprus,2009,CYP,1109377,0.03,31552.451,0
Cyprus,2010,CYP,1127826,0.04,30196.178,0
Cyprus,2011,CYP,1146493,0.05,29415.918,0
Cyprus,2012,CYP,1165403,0.05,27119.346,0
Cyprus,2013,CYP,1183899,0.05,23885.867,0
Cyprus,2014,CYP,1201806,0.05,23543.232,0
Cyprus,2015,CYP,1219504,0.05,23931.43,0
Cyprus,2016,CYP,1237114,0.05,25654.014,0
Cyprus,2017,CYP,1254274,0.05,25987.689,0
Cyprus,2018,CYP,1270743,0.06,25545.797,0
Cyprus,2019,CYP,1286669,0.06,25253.969,0
Cyprus,2020,CYP,1302250,0.06,21717.27,0
Cyprus,2021,CYP,1317311,0.06,22653.711,0
Cyprus,2022,CYP,1331376,0.06,23790.744,0
Cyprus,2023,CYP,1344981,0.05,23877.699,0
Cyprus,2024,CYP,1358287,0,24551.195,0
Czechia,1965,CZE,9706844,,48293.57,
Czechia,1966,CZE,9736244,,48507.875,
Czechia,1967,CZE,9758984,,47642.266,
Czechia,1968,CZE,9775112,,49604.77,
Czechia,1969,CZE,9787790,,51649.352,
Czechia,1970,CZE,9801253,,53755.527,
Czechia,1971,CZE,9822783,,56369.074,
Czechia,1972,CZE,9858071,,56486.242,
Czechia,1973,CZE,9906214,,56546.789,
Czechia,1974,CZE,9965950,,56810.586,
Czechia,1975,CZE,10030787,,58749.09,
Czechia,1976,CZE,10092941,,60015.082,
Czechia,1977,CZE,10149369,,61644.078,
Czechia,1978,CZE,10200753,,62191.742,
Czechia,1979,CZE,10246154,,62570.734,
Czechia,1980,CZE,10275404,,60419.594,
Czechia,1981,CZE,10289518,,59888.645,
Czechia,1982,CZE,10299006,,59132.363,
Czechia,1983,CZE,10302947,,59204.168,
Czechia,1984,CZE,10303816,,61171.719,
Czechia,1985,CZE,10305141,,61281.047,
Czechia,1986,CZE,10304374,,61969.156,
Czechia,1987,CZE,10303422,,63401.766,
Czechia,1988,CZE,10305448,,63666.672,
Czechia,1989,CZE,10305609,,61713.973,
Czechia,1990,CZE,10301989,0,53071.695,0.38
Czechia,1991,CZE,10304420,0,48293.75,0.38
Czechia,1992,CZE,10312449,0,46834.602,0.38
Czechia,1993,CZE,10320404,0.16,46406.059,0.4
Czechia,1994,CZE,10322332,0.32,45194.73,0.39
Czechia,1995,CZE,10312041,0.41,47150.117,0.48
Czechia,1996,CZE,10296140,0.29,48845.676,1.04
Czechia,1997,CZE,10280049,0.49,46918.055,1.15
Czechia,1998,CZE,10265430,0.59,45616.305,1.29
Czechia,1999,CZE,10251385,0.68,43797.691,1.73
Czechia,2000,CZE,10236809,0.52,46352.703,1.69
Czechia,2001,CZE,10231942,0.52,47427.164,1.58
Czechia,2002,CZE,10239474,0.5,47537.262,1.61
Czechia,2003,CZE,10248907,0.49,50205.371,1.58
Czechia,2004,CZE,10261453,0.71,51437.602,1.54
Czechia,2005,CZE,10280155,0.73,50547.094,1.47
Czechia,2006,CZE,10304592,0.92,51380.527,1.57
Czechia,2007,CZE,10337539,1.2,50660.535,1.37
Czechia,2008,CZE,10378298,1.45,49489.691,1.02
Czechia,2009,CZE,10420985,1.85,47290.25,0.98
Czechia,2010,CZE,10464035,2.16,49087.086,1.38
Czechia,2011,CZE,10495508,2.7,47827.676,1.41
Czechia,2012,CZE,10507339,3.37,47532.332,1.49
Czechia,2013,CZE,10511164,4.06,46638.129,2.04
Czechia,2014,CZE,10517223,4.66,45633.422,1.82
Czechia,2015,CZE,10524418,4.79,44726.094,2.28
Czechia,2016,CZE,10531946,4.76,44091.977,3.73
Czechia,2017,CZE,10541343,4.97,46538.844,3.7
Czechia,2018,CZE,10548934,4.83,46357.695,3.77
Czechia,2019,CZE,10554872,5.03,45278.137,5.81
Czechia,2020,CZE,10550129,5.21,41949.023,6.87
Czechia,2021,CZE,10530683,5.38,44290.191,7.31
Czechia,2022,CZE,10673216,5.41,42043.363,4.33
Czechia,2023,CZE,10809722,5.19,38043.734,3.68
Czechia,2024,CZE,10735857,5.38,36589.773,3.79
Czechoslovakia,1900,,12140000,,,
Czechoslovakia,1901,,,,,
Czechoslovakia,1902,,,,,
Czechoslovakia,1903,,,,,
Czechoslovakia,1904,,,,,
Czechoslovakia,1905,,,,,
Czechoslovakia,1906,,,,,
Czechoslovakia,1907,,,,,
Czechoslovakia,1908,,,,,
Czechoslovakia,1909,,,,,
Czechoslovakia,1910,,12980000,,,
Czechoslovakia,1911,,,,,
Czechoslovakia,1912,,,,,
Czechoslovakia,1913,,13240000,,,
Czechoslovakia,1914,,,,,
Czechoslovakia,1915,,,,,
Czechoslovakia,1916,,,,,
Czechoslovakia,1917,,,,,
Czechoslovakia,1918,,,,,
Czechoslovakia,1919,,,,,
Czechoslovakia,1920,,12980000,,,
Czechoslovakia,1921,,13010000,,,
Czechoslovakia,1922,,13160000,,,
Czechoslovakia,1923,,13290000,,,
Czechoslovakia,1924,,13410000,,,
Czechoslovakia,1925,,13540000,,,
Czechoslovakia,1926,,13640000,,,
Czechoslovakia,1927,,13730000,,,
Czechoslovakia,1928,,13810000,,,
Czechoslovakia,1929,,13880000,,,
Czechoslovakia,1930,,13960000,,,
Czechoslovakia,1931,,14050000,,,
Czechoslovakia,1932,,14140000,,,
Czechoslovakia,1933,,14220000,,,
Czechoslovakia,1934,,14280000,,,
Czechoslovakia,1935,,14340000,,,
Czechoslovakia,1936,,14390000,,,
Czechoslovakia,1937,,14430000,,,
Czechoslovakia,1938,,14600000,,,
Czechoslovakia,1939,,14680000,,,
Czechoslovakia,1940,,14710000,,,
Czechoslovakia,1941,,14670000,,,
Czechoslovakia,1942,,14580000,,,
Czechoslovakia,1943,,14540000,,,
Czechoslovakia,1944,,14590000,,,
Czechoslovakia,1945,,14150000,,,
Czechoslovakia,1946,,12920000,,,
Czechoslovakia,1947,,12160000,,,
Czechoslovakia,1948,,12340000,,,
Czechoslovakia,1949,,12340000,,,
Czechoslovakia,1950,,12390000,,,
Czechoslovakia,1951,,12530000,,,
Czechoslovakia,1952,,12680000,,,
Czechoslovakia,1953,,12820000,,,
Czechoslovakia,1954,,12950000,,,
Czechoslovakia,1955,,13090000,,,
Czechoslovakia,1956,,13230000,,,
Czechoslovakia,1957,,13360000,,,
Czechoslovakia,1958,,13470000,,,
Czechoslovakia,1959,,13560000,,,
Czechoslovakia,1960,,13650000,,,
Czechoslovakia,1961,,13780000,,,
Czechoslovakia,1962,,13860000,,,
Czechoslovakia,1963,,13950000,,,
Czechoslovakia,1964,,14050000,,,
Czechoslovakia,1965,,14150000,,,
Czechoslovakia,1966,,14220000,,,
Czechoslovakia,1967,,14280000,,,
Czechoslovakia,1968,,14320000,,,
Czechoslovakia,1969,,14280000,,,
Czechoslovakia,1970,,14320000,,,
Czechoslovakia,1971,,14380000,,,
Czechoslovakia,1972,,14460000,,,
Czechoslovakia,1973,,14550000,,,
Czechoslovakia,1974,,14660000,,,
Czechoslovakia,1975,,14770000,,,
Czechoslovakia,1976,,14880000,,,
Czechoslovakia,1977,,14990000,,,
Czechoslovakia,1978,,15090000,,,
Czechoslovakia,1979,,15180000,,,
Czechoslovakia,1980,,15250000,,59324.938,
Czechoslovakia,1981,,15310000,,58768.555,
Czechoslovakia,1982,,15350000,,59143.164,
Czechoslovakia,1983,,15390000,,59385.523,
Czechoslovakia,1984,,15420000,,59841.566,
Czechoslovakia,1985,,15450000,,60133.555,
Czechoslovakia,1986,,15480000,,60864.902,
Czechoslovakia,1987,,15510000,,62303.324,
Czechoslovakia,1988,,15540000,,60871.758,
Czechoslovakia,1989,,15560000,,60503.754,
Czechoslovakia,1990,,15570000,,60430.977,
Czechoslovakia,1991,,15590000,,54612.066,
Czechoslovakia,1992,,15620000,,49049.102,
Democratic Republic of Congo,1900,COD,9451620,,,
Democratic Republic of Congo,1901,COD,9376230,,,
Democratic Republic of Congo,1902,COD,9292290,,,
Democratic Republic of Congo,1903,COD,9199934,,,
Democratic Republic of Congo,1904,COD,9108496,,,
Democratic Republic of Congo,1905,COD,9017966,,,
Democratic Republic of Congo,1906,COD,8928336,,,
Democratic Republic of Congo,1907,COD,8839597,,,
Democratic Republic of Congo,1908,COD,8751740,,,
Democratic Republic of Congo,1909,COD,8671803,,,
Democratic Republic of Congo,1910,COD,8599666,,,
Democratic Republic of Congo,1911,COD,8535211,,,
Democratic Republic of Congo,1912,COD,8478321,,,
Democratic Republic of Congo,1913,COD,8428883,,,
Democratic Republic of Congo,1914,COD,8379733,,,
Democratic Republic of Congo,1915,COD,8330869,,,
Democratic Republic of Congo,1916,COD,8282290,,,
Democratic Republic of Congo,1917,COD,8233995,,,
Democratic Republic of Congo,1918,COD,8185477,,,
Democratic Republic of Congo,1919,COD,8168162,,,
Democratic Republic of Congo,1920,COD,8182274,,,
Democratic Republic of Congo,1921,COD,8228044,,,
Democratic Republic of Congo,1922,COD,8305702,,,
Democratic Republic of Congo,1923,COD,8415487,,,
Democratic Republic of Congo,1924,COD,8526723,,,
Democratic Republic of Congo,1925,COD,8639430,,,
Democratic Republic of Congo,1926,COD,8753626,,,
Democratic Republic of Congo,1927,COD,8869332,,,
Democratic Republic of Congo,1928,COD,8986567,,,
Democratic Republic of Congo,1929,COD,9103514,,,
Democratic Republic of Congo,1930,COD,9220147,,,
Democratic Republic of Congo,1931,COD,9336439,,,
Democratic Republic of Congo,1932,COD,9452362,,,
Democratic Republic of Congo,1933,COD,9567888,,,
Democratic Republic of Congo,1934,COD,9684826,,,
Democratic Republic of Congo,1935,COD,9803193,,,
Democratic Republic of Congo,1936,COD,9923007,,,
Democratic Republic of Congo,1937,COD,10044285,,,
Democratic Republic of Congo,1938,COD,10167045,,,
Democratic Republic of Congo,1939,COD,10299646,,,
Democratic Republic of Congo,1940,COD,10442344,,,
Democratic Republic of Congo,1941,COD,10595400,,,
Democratic Republic of Congo,1942,COD,10759079,,,
Democratic Republic of Congo,1943,COD,10933654,,,
Democratic Republic of Congo,1944,COD,11111061,,,
Democratic Republic of Congo,1945,COD,11291347,,,
Democratic Republic of Congo,1946,COD,11474559,,,
Democratic Republic of Congo,1947,COD,11660743,,,
Democratic Republic of Congo,1948,COD,11849948,,,
Democratic Republic of Congo,1949,COD,12061342,,,
Democratic Republic of Congo,1950,COD,12294293,,,
Democratic Republic of Congo,1951,COD,12542651,,,
Democratic Republic of Congo,1952,COD,12803638,,,
Democratic Republic of Congo,1953,COD,13069453,,,
Democratic Republic of Congo,1954,COD,13343040,,,
Democratic Republic of Congo,1955,COD,13630350,,,
Democratic Republic of Congo,1956,COD,13929950,,,
Democratic Republic of Congo,1957,COD,14242284,,,
Democratic Republic of Congo,1958,COD,14557795,,,
Democratic Republic of Congo,1959,COD,14891587,,,
Democratic Republic of Congo,1960,COD,15264853,,,
Democratic Republic of Congo,1961,COD,15662373,,,
Democratic Republic of Congo,1962,COD,16075729,,,
Democratic Republic of Congo,1963,COD,16507610,,,
Democratic Republic of Congo,1964,COD,16955329,,,
Democratic Republic of Congo,1965,COD,17427807,,,
Democratic Republic of Congo,1966,COD,17931933,,,
Democratic Republic of Congo,1967,COD,18462787,,,
Democratic Republic of Congo,1968,COD,19012194,,,
Democratic Republic of Congo,1969,COD,19570447,,,
Democratic Republic of Congo,1970,COD,20137442,,,
Democratic Republic of Congo,1971,COD,20695568,,,
Democratic Republic of Congo,1972,COD,21251166,,,
Democratic Republic of Congo,1973,COD,21827663,,,
Democratic Republic of Congo,1974,COD,22418883,,,
Democratic Republic of Congo,1975,COD,23021102,,,
Democratic Republic of Congo,1976,COD,23624035,,,
Democratic Republic of Congo,1977,COD,24229060,,,
Democratic Republic of Congo,1978,COD,24992694,,,
Democratic Republic of Congo,1979,COD,25886782,,,
Democratic Republic of Congo,1980,COD,26711098,,661.587,
Democratic Republic of Congo,1981,COD,27500518,,661.008,
Democratic Republic of Congo,1982,COD,28338193,,658.424,
Democratic Republic of Congo,1983,COD,29250969,,647.446,
Democratic Republic of Congo,1984,COD,30245088,,610.594,
Democratic Republic of Congo,1985,COD,31264819,,583.266,
Democratic Republic of Congo,1986,COD,32265200,,600.694,
Democratic Republic of Congo,1987,COD,33298910,,541.198,
Democratic Republic of Congo,1988,COD,34382756,,608.579,
Democratic Republic of Congo,1989,COD,35486863,,579.85,
Democratic Republic of Congo,1990,COD,36684065,,539.134,
Democratic Republic of Congo,1991,COD,37925828,,480.604,
Democratic Republic of Congo,1992,COD,39228908,,503.619,
Democratic Republic of Congo,1993,COD,40656338,,483.297,
Democratic Republic of Congo,1994,COD,42626873,,381.959,
Democratic Republic of Congo,1995,COD,44433718,,384.43,
Democratic Republic of Congo,1996,COD,45296125,,393.99,
Democratic Republic of Congo,1997,COD,46029907,,372.767,
Democratic Republic of Congo,1998,COD,47297595,,343.645,
Democratic Republic of Congo,1999,COD,48912972,,352.612,
Democratic Republic of Congo,2000,COD,50507445,0,187.429,0
Democratic Republic of Congo,2001,COD,52132646,0,172.268,0
Democratic Republic of Congo,2002,COD,53750529,0,178.125,0
Democratic Republic of Congo,2003,COD,55343873,0,188.633,0
Democratic Republic of Congo,2004,COD,56997740,0,208.237,0
Democratic Republic of Congo,2005,COD,58775726,0,229.068,0
Democratic Republic of Congo,2006,COD,60615909,0,246.067,0.04
Democratic Republic of Congo,2007,COD,62477753,0,245.084,0.08
Democratic Republic of Congo,2008,COD,64390658,0,223.665,0.08
Democratic Republic of Congo,2009,COD,66412038,0,201.906,0.08
Democratic Republic of Congo,2010,COD,68563038,0,238.127,0.08
Democratic Republic of Congo,2011,COD,70849311,0,267.556,0.08
Democratic Republic of Congo,2012,COD,73254623,0.15,268.875,0
Democratic Republic of Congo,2013,COD,75789397,0.16,334.18,0
Democratic Republic of Congo,2014,COD,78403248,0.16,410.672,0.01
Democratic Republic of Congo,2015,COD,81035532,0.17,285.715,0
Democratic Republic of Congo,2016,COD,83956416,0.17,236.785,0
Democratic Republic of Congo,2017,COD,87083400,0.17,243.267,0
Democratic Republic of Congo,2018,COD,90047647,0.26,289.71,0
Democratic Republic of Congo,2019,COD,92947450,0.25,307.072,0
Democratic Republic of Congo,2020,COD,95990000,0.03,303.349,0
Democratic Republic of Congo,2021,COD,99148930,0.03,311.07,0
Democratic Republic of Congo,2022,COD,102396974,0.03,363.371,0
Democratic Republic of Congo,2023,COD,105789733,0.03,382.476,0
Democratic Republic of Congo,2024,COD,109276264,,,
Denmark,1900,DNK,2565333,,,
Denmark,1901,DNK,2595047,,,
Denmark,1902,DNK,2625520,,,
Denmark,1903,DNK,2656765,,,
Denmark,1904,DNK,2688382,,,
Denmark,1905,DNK,2720375,,,
Denmark,1906,DNK,2752749,,,
Denmark,1907,DNK,2785508,,,
Denmark,1908,DNK,2818657,,,
Denmark,1909,DNK,2852179,,,
Denmark,1910,DNK,2886076,,,
Denmark,1911,DNK,2920355,,,
Denmark,1912,DNK,2955018,,,
Denmark,1913,DNK,2990070,,,
Denmark,1914,DNK,3025539,,,
Denmark,1915,DNK,3061428,,,
Denmark,1916,DNK,3097742,,,
Denmark,1917,DNK,3134488,,,
Denmark,1918,DNK,3171600,,,
Denmark,1919,DNK,3207237,,,
Denmark,1920,DNK,3241362,,,
Denmark,1921,DNK,3273940,,,
Denmark,1922,DNK,3304937,,,
Denmark,1923,DNK,3334316,,,
Denmark,1924,DNK,3363956,,,
Denmark,1925,DNK,3393860,,,
Denmark,1926,DNK,3424029,,,
Denmark,1927,DNK,3454467,,,
Denmark,1928,DNK,3485175,,,
Denmark,1929,DNK,3515454,,,
Denmark,1930,DNK,3545296,,,
Denmark,1931,DNK,3574690,,,
Denmark,1932,DNK,3603628,,,
Denmark,1933,DNK,3632099,,,
Denmark,1934,DNK,3660794,,,
Denmark,1935,DNK,3689717,,,
Denmark,1936,DNK,3718868,,,
Denmark,1937,DNK,3748249,,,
Denmark,1938,DNK,3777862,,,
Denmark,1939,DNK,3810015,,,
Denmark,1940,DNK,3844754,,,
Denmark,1941,DNK,3882124,,,
Denmark,1942,DNK,3922171,,,
Denmark,1943,DNK,3964943,,,
Denmark,1944,DNK,4008181,,,
Denmark,1945,DNK,4051891,,,
Denmark,1946,DNK,4096077,,,
Denmark,1947,DNK,4140745,,,
Denmark,1948,DNK,4185901,,,
Denmark,1949,DNK,4228235,,,
Denmark,1950,DNK,4268408,,,
Denmark,1951,DNK,4300262,,,
Denmark,1952,DNK,4332237,,,
Denmark,1953,DNK,4369107,,,
Denmark,1954,DNK,4406404,,,
Denmark,1955,DNK,4438843,,,
Denmark,1956,DNK,4466342,,,
Denmark,1957,DNK,4489659,,,
Denmark,1958,DNK,4516072,,,
Denmark,1959,DNK,4548480,,,
Denmark,1960,DNK,4579347,,,
Denmark,1961,DNK,4611358,,,
Denmark,1962,DNK,4647466,,,
Denmark,1963,DNK,4684268,,,
Denmark,1964,DNK,4721889,,,
Denmark,1965,DNK,4758837,,34926.238,
Denmark,1966,DNK,4797199,,39410.375,
Denmark,1967,DNK,4835223,,39320.52,
Denmark,1968,DNK,4864801,,40837.613,
Denmark,1969,DNK,4891798,,46618.156,
Denmark,1970,DNK,4928674,,49301.176,
Denmark,1971,DNK,4963064,,46268.828,
Denmark,1972,DNK,4991569,,48550.32,
Denmark,1973,DNK,5021765,,46690.672,
Denmark,1974,DNK,5045639,,42276.887,
Denmark,1975,DNK,5060403,,41545.992,
Denmark,1976,DNK,5072803,,45624.316,
Denmark,1977,DNK,5088571,,46415.641,
Denmark,1978,DNK,5104341,,46944.078,
Denmark,1979,DNK,5116862,,46735.41,
Denmark,1980,DNK,5123079,,45472.828,
Denmark,1981,DNK,5121628,,40855.637,
Denmark,1982,DNK,5117897,,39077.453,
Denmark,1983,DNK,5114468,,37171.727,
Denmark,1984,DNK,5111831,,37812.809,
Denmark,1985,DNK,5113878,,42593.059,
Denmark,1986,DNK,5120691,,43479.188,
Denmark,1987,DNK,5127134,,41863.688,
Denmark,1988,DNK,5129650,,41388.055,
Denmark,1989,DNK,5132717,,38150.27,
Denmark,1990,DNK,5141024,0.19,39284.199,0.69
Denmark,1991,DNK,5154346,0.29,45176.191,0.83
Denmark,1992,DNK,5171372,0.41,42181.609,1.08
Denmark,1993,DNK,5188638,0.55,44578.895,1.59
Denmark,1994,DNK,5206188,0.57,47646.367,2.28
Denmark,1995,DNK,5233364,0.65,46551.258,3.63
Denmark,1996,DNK,5263071,0.83,55079.805,5.68
Denmark,1997,DNK,5285041,0.98,49762.707,6.78
Denmark,1998,DNK,5304263,1.08,47827.82,8.13
Denmark,1999,DNK,5321814,1.32,46234.027,9.06
Denmark,2000,DNK,5339659,1.3,44294.852,8.77
Denmark,2001,DNK,5358825,1.51,44266.516,9.27
Denmark,2002,DNK,5375967,1.88,44039.605,9.59
Denmark,2003,DNK,5390621,2.49,47347.523,9.76
Denmark,2004,DNK,5404594,2.91,44712.285,9.94
Denmark,2005,DNK,5419550,3.17,43106.32,8.78
Denmark,2006,DNK,5437425,3.07,46985.727,9.4
Denmark,2007,DNK,5461604,3.1,44565.855,7.04
Denmark,2008,DNK,5493762,3.14,42752.508,7.08
Denmark,2009,DNK,5523169,3.32,39978.305,6.67
Denmark,2010,DNK,5547865,4.59,42534.68,7.91
Denmark,2011,DNK,5570848,4.37,39666.25,5.84
Denmark,2012,DNK,5591911,4.45,36703.641,4.19
Denmark,2013,DNK,5615333,4.31,37700.766,3.42
Denmark,2014,DNK,5643795,4.29,36068.551,2.1
Denmark,2015,DNK,5683698,4.18,35007.945,1.82
Denmark,2016,DNK,5728196,4.85,35194.582,2.26
Denmark,2017,DNK,5765164,6.25,35208.766,2.02
Denmark,2018,DNK,5793824,5.89,34539.766,2.07
Denmark,2019,DNK,5814618,5.94,37285.684,2.1
Denmark,2020,DNK,5831529,5.92,32952.969,1.18
Denmark,2021,DNK,5856774,8.72,32756.869,1.54
Denmark,2022,DNK,5902901,7.02,32903.926,1.02
Denmark,2023,DNK,5948134,6.21,32816.66,1
Denmark,2024,DNK,5977417,7.06,32832.465,0.91
Djibouti,1980,DJI,325822,,19474.848,
Djibouti,1981,DJI,343056,,14756.767,
Djibouti,1982,DJI,356887,,14184.875,
Djibouti,1983,DJI,369558,,10273.89,
Djibouti,1984,DJI,384072,,8260.604,
Djibouti,1985,DJI,402691,,7857.137,
Djibouti,1986,DJI,426345,,6679.095,
Djibouti,1987,DJI,454409,,6403.134,
Djibouti,1988,DJI,484531,,5882.34,
Djibouti,1989,DJI,523362,,12798.733,
Djibouti,1990,DJI,579544,,11874.829,
Djibouti,1991,DJI,631096,,10904.816,
Djibouti,1992,DJI,626016,,11131.149,
Djibouti,1993,DJI,614247,,11414.435,
Djibouti,1994,DJI,626717,,11490.828,
Djibouti,1995,DJI,633075,,11269.194,
Djibouti,1996,DJI,648354,,11033.772,
Djibouti,1997,DJI,671826,,10719.29,
Djibouti,1998,DJI,699355,,10297.342,
Djibouti,1999,DJI,724228,,9943.688,
Djibouti,2000,DJI,747326,0,4728.524,0
Djibouti,2001,DJI,771311,0,4564.458,0
Djibouti,2002,DJI,795576,0,4438.19,0
Djibouti,2003,DJI,813528,0,4502.232,0
Djibouti,2004,DJI,826133,0,4312.189,0
Djibouti,2005,DJI,839174,0,4014.401,0
Djibouti,2006,DJI,855767,0,3678.689,0
Djibouti,2007,DJI,874530,0,3746.957,0
Djibouti,2008,DJI,892739,0,4104.582,0
Djibouti,2009,DJI,911524,0,3490.794,0
Djibouti,2010,DJI,930252,0,3895.346,0
Djibouti,2011,DJI,948565,0,2885.701,0
Djibouti,2012,DJI,966754,0,3735.174,0
Djibouti,2013,DJI,984833,0,3784.87,0
Djibouti,2014,DJI,1002720,0,4126.212,0
Djibouti,2015,DJI,1020316,0,3576.172,0
Djibouti,2016,DJI,1037660,0,3361.599,0
Djibouti,2017,DJI,1054844,0,2993.303,0
Djibouti,2018,DJI,1071886,0,2898.561,0
Djibouti,2019,DJI,1088710,0,3235.807,0
Djibouti,2020,DJI,1105193,0,2837.718,0
Djibouti,2021,DJI,1121251,0,2955.828,0
Djibouti,2022,DJI,1137101,0,2925.735,0
Djibouti,2023,DJI,1152951,0,3056.166,0
Dominica,1980,DMA,73102,,1765.878,
Dominica,1981,DMA,73004,,2597.688,
Dominica,1982,DMA,72704,,2594.652,
Dominica,1983,DMA,72385,,2688.977,
Dominica,1984,DMA,72075,,2721.246,
Dominica,1985,DMA,71768,,2698.161,
Dominica,1986,DMA,71426,,2246.714,
Dominica,1987,DMA,71044,,3063.814,
Dominica,1988,DMA,70628,,3261.075,
Dominica,1989,DMA,70171,,3275.446,
Dominica,1990,DMA,69644,,3300.232,
Dominica,1991,DMA,69321,,3315.609,
Dominica,1992,DMA,69344,,3321.458,
Dominica,1993,DMA,69453,,3309.308,
Dominica,1994,DMA,69493,,4315.246,
Dominica,1995,DMA,69490,,5423.222,
Dominica,1996,DMA,69422,,5442.657,
Dominica,1997,DMA,69315,,5453.887,
Dominica,1998,DMA,69144,,5568.613,
Dominica,1999,DMA,68883,,5662.406,
Dominica,2000,DMA,68527,0,6794.599,0
Dominica,2001,DMA,68299,0,7494.75,0
Dominica,2002,DMA,68385,0,6939.536,0
Dominica,2003,DMA,68552,0,7858.104,0
Dominica,2004,DMA,68664,0,9320.358,0
Dominica,2005,DMA,68750,0,9073.677,0
Dominica,2006,DMA,68823,0,9045.517,0
Dominica,2007,DMA,68862,0,11245.616,0
Dominica,2008,DMA,68866,0,10095.776,0
Dominica,2009,DMA,68879,0,10169.305,0
Dominica,2010,DMA,68872,0,10666.588,0
Dominica,2011,DMA,69073,0,10466.034,0
Dominica,2012,DMA,69138,0,10275.347,0
Dominica,2013,DMA,69733,0,9915.615,0
Dominica,2014,DMA,70387,0,10325.731,0
Dominica,2015,DMA,70429,0,10921.842,0
Dominica,2016,DMA,69627,0,11295.757,0
Dominica,2017,DMA,68514,0,10885.662,0
Dominica,2018,DMA,68195,0,10637.567,0
Dominica,2019,DMA,67901,0,11136.957,0
Dominica,2020,DMA,67588,0,10187.698,0
Dominica,2021,DMA,67222,0,10379.506,0
Dominica,2022,DMA,66847,0,10770.691,0
Dominica,2023,DMA,66531,0,10662.959,0
Dominican Republic,1980,DOM,5729043,,4208.721,
Dominican Republic,1981,DOM,5868459,,4034.242,
Dominican Republic,1982,DOM,6007115,,4138.934,
Dominican Republic,1983,DOM,6147244,,4857.171,
Dominican Republic,1984,DOM,6289048,,4158.18,
Dominican Republic,1985,DOM,6430404,,4202.956,
Dominican Republic,1986,DOM,6571213,,4563.897,
Dominican Republic,1987,DOM,6712519,,4920.676,
Dominican Republic,1988,DOM,6855737,,5402.433,
Dominican Republic,1989,DOM,7002300,,5207.909,
Dominican Republic,1990,DOM,7151165,,5573.618,
Dominican Republic,1991,DOM,7299849,,5228.107,
Dominican Republic,1992,DOM,7447476,,5499.075,
Dominican Republic,1993,DOM,7594567,,4891.755,
Dominican Republic,1994,DOM,7741694,,5400.124,
Dominican Republic,1995,DOM,7888120,,5713.62,
Dominican Republic,1996,DOM,8032895,,6045.41,
Dominican Republic,1997,DOM,8174081,,6347.613,
Dominican Republic,1998,DOM,8310369,,6452.449,
Dominican Republic,1999,DOM,8446207,,7147.488,
Dominican Republic,2000,DOM,8584196,0.16,9897.71,0
Dominican Republic,2001,DOM,8720287,0.16,9479.191,0
Dominican Republic,2002,DOM,8852231,0.17,9836.001,0
Dominican Republic,2003,DOM,8980626,0.17,8811.658,0.91
Dominican Republic,2004,DOM,9104889,0.14,7985.057,0.74
Dominican Republic,2005,DOM,9225035,0.15,8632.461,1.11
Dominican Republic,2006,DOM,9341187,0.16,8546.778,1.73
Dominican Republic,2007,DOM,9455663,0.16,8700.519,2.33
Dominican Republic,2008,DOM,9573135,0.16,8607.035,2.45
Dominican Republic,2009,DOM,9695270,0.16,8380.905,2.26
Dominican Republic,2010,DOM,9820180,0.16,8694.755,3.37
Dominican Republic,2011,DOM,9945623,0.16,8425.691,3.46
Dominican Republic,2012,DOM,10070409,0.17,9214.968,3.56
Dominican Republic,2013,DOM,10193838,0.18,8620.207,4.45
Dominican Republic,2014,DOM,10315523,0.17,8261.616,4.28
Dominican Republic,2015,DOM,10434826,0.17,9146.428,4.28
Dominican Republic,2016,DOM,10551430,0.18,9531.96,3.82
Dominican Republic,2017,DOM,10666846,0.34,9189.017,5.5
Dominican Republic,2018,DOM,10782048,0.21,10097.055,4.74
Dominican Republic,2019,DOM,10894043,0.21,11349.343,5.55
Dominican Republic,2020,DOM,11008298,0.19,9261.561,6.25
Dominican Republic,2021,DOM,11123480,0.24,10724.289,7.71
Dominican Republic,2022,DOM,11230734,0.21,11799.487,5.55
Dominican Republic,2023,DOM,11331269,0.21,11526.293,7.3
Dominican Republic,2024,DOM,11427558,0.22,,8.3
EU (Ember),1990,,,13.75,,183.02
EU (Ember),1991,,,14.44,,182.78
EU (Ember),1992,,,15.07,,172.81
EU (Ember),1993,,,16.45,,177.43
EU (Ember),1994,,,17.53,,187.77
EU (Ember),1995,,,19.82,,202.71
EU (Ember),1996,,,19.4,,228.12
EU (Ember),1997,,,23.76,,249.2
EU (Ember),1998,,,26.49,,272.12
EU (Ember),1999,,,27.1,,310.65
EU (Ember),2000,,,30.11,,328.19
EU (Ember),2001,,,31.9,,351.41
EU (Ember),2002,,,36.8,,374.6
EU (Ember),2003,,,43.16,,418.9
EU (Ember),2004,,,52.76,,458.48
EU (Ember),2005,,,61,,512.54
EU (Ember),2006,,,69.86,,540.05
EU (Ember),2007,,,78.43,,571.96
EU (Ember),2008,,,88.09,,611.65
EU (Ember),2009,,,97.24,,564.03
EU (Ember),2010,,,111.47,,587.36
EU (Ember),2011,,,118.98,,556.85
EU (Ember),2012,,,132.87,,482.7
EU (Ember),2013,,,139.13,,413.43
EU (Ember),2014,,,144.25,,355.41
EU (Ember),2015,,,149.37,,394.92
EU (Ember),2016,,,151.09,,464.78
EU (Ember),2017,,,153.64,,523.62
EU (Ember),2018,,,155.46,,488.95
EU (Ember),2019,,,159.65,,568.62
EU (Ember),2020,,,162.59,,559.7
EU (Ember),2021,,,171.56,,547.04
EU (Ember),2022,,,165.27,,533.96
EU (Ember),2023,,,157.38,,454.83
EU (Ember),2024,,,157.65,,432.25
EU28 (Shift),1900,,,,,
EU28 (Shift),1901,,,,,
EU28 (Shift),1902,,,,,
EU28 (Shift),1903,,,,,
EU28 (Shift),1904,,,,,
EU28 (Shift),1905,,,,,
EU28 (Shift),1906,,,,,
EU28 (Shift),1907,,,,,
EU28 (Shift),1908,,,,,
EU28 (Shift),1909,,,,,
EU28 (Shift),1910,,,,,
EU28 (Shift),1911,,,,,
EU28 (Shift),1912,,,,,
EU28 (Shift),1913,,,,,
EU28 (Shift),1914,,,,,
EU28 (Shift),1915,,,,,
EU28 (Shift),1916,,,,,
EU28 (Shift),1917,,,,,
EU28 (Shift),1918,,,,,
EU28 (Shift),1919,,,,,
EU28 (Shift),1920,,,,,
EU28 (Shift),1921,,,,,
EU28 (Shift),1922,,,,,
EU28 (Shift),1923,,,,,
EU28 (Shift),1924,,,,,
EU28 (Shift),1925,,,,,
EU28 (Shift),1926,,,,,
EU28 (Shift),1927,,,,,
EU28 (Shift),1928,,,,,
EU28 (Shift),1929,,,,,
EU28 (Shift),1930,,,,,
EU28 (Shift),1931,,,,,
EU28 (Shift),1932,,,,,
EU28 (Shift),1933,,,,,
EU28 (Shift),1934,,,,,
EU28 (Shift),1935,,,,,
EU28 (Shift),1936,,,,,
EU28 (Shift),1937,,,,,
EU28 (Shift),1938,,,,,
EU28 (Shift),1939,,,,,
EU28 (Shift),1940,,,,,
EU28 (Shift),1941,,,,,
EU28 (Shift),1942,,,,,
EU28 (Shift),1943,,,,,
EU28 (Shift),1944,,,,,
EU28 (Shift),1945,,,,,
EU28 (Shift),1946,,,,,
EU28 (Shift),1947,,,,,
EU28 (Shift),1948,,,,,
EU28 (Shift),1949,,,,,
EU28 (Shift),1950,,,,,
EU28 (Shift),1951,,,,,
EU28 (Shift),1952,,,,,
EU28 (Shift),1953,,,,,
EU28 (Shift),1954,,,,,
EU28 (Shift),1955,,,,,
EU28 (Shift),1956,,,,,
EU28 (Shift),1957,,,,,
EU28 (Shift),1958,,,,,
EU28 (Shift),1959,,,,,
EU28 (Shift),1960,,,,,
EU28 (Shift),1961,,,,,
EU28 (Shift),1962,,,,,
EU28 (Shift),1963,,,,,
EU28 (Shift),1964,,,,,
EU28 (Shift),1965,,,,,
EU28 (Shift),1966,,,,,
EU28 (Shift),1967,,,,,
EU28 (Shift),1968,,,,,
EU28 (Shift),1969,,,,,
EU28 (Shift),1970,,,,,
EU28 (Shift),1971,,,,,
EU28 (Shift),1972,,,,,
EU28 (Shift),1973,,,,,
EU28 (Shift),1974,,,,,
EU28 (Shift),1975,,,,,
EU28 (Shift),1976,,,,,
EU28 (Shift),1977,,,,,
EU28 (Shift),1978,,,,,
EU28 (Shift),1979,,,,,
EU28 (Shift),1980,,,,,
EU28 (Shift),1981,,,,,
EU28 (Shift),1982,,,,,
EU28 (Shift),1983,,,,,
EU28 (Shift),1984,,,,,
EU28 (Shift),1985,,,,,
EU28 (Shift),1986,,,,,
EU28 (Shift),1987,,,,,
EU28 (Shift),1988,,,,,
EU28 (Shift),1989,,,,,
EU28 (Shift),1990,,,,,
EU28 (Shift),1991,,,,,
EU28 (Shift),1992,,,,,
EU28 (Shift),1993,,,,,
EU28 (Shift),1994,,,,,
EU28 (Shift),1995,,,,,
EU28 (Shift),1996,,,,,
EU28 (Shift),1997,,,,,
EU28 (Shift),1998,,,,,
EU28 (Shift),1999,,,,,
EU28 (Shift),2000,,,,,
EU28 (Shift),2001,,,,,
EU28 (Shift),2002,,,,,
EU28 (Shift),2003,,,,,
EU28 (Shift),2004,,,,,
EU28 (Shift),2005,,,,,
EU28 (Shift),2006,,,,,
EU28 (Shift),2007,,,,,
EU28 (Shift),2008,,,,,
EU28 (Shift),2009,,,,,
EU28 (Shift),2010,,,,,
EU28 (Shift),2011,,,,,
EU28 (Shift),2012,,,,,
EU28 (Shift),2013,,,,,
EU28 (Shift),2014,,,,,
EU28 (Shift),2015,,,,,
EU28 (Shift),2016,,,,,
East Germany,1980,,,,,
East Germany,1981,,,,,
East Germany,1982,,,,,
East Germany,1983,,,,,
East Germany,1984,,,,,
East Germany,1985,,,,,
East Germany,1986,,,,,
East Germany,1987,,,,,
East Germany,1988,,,,,
East Germany,1989,,,,,
East Germany,1990,,16110000,,94590.039,
East Timor,2003,TLS,916876,0,762.503,0
East Timor,2004,TLS,929081,0,814.81,0
East Timor,2005,TLS,948310,0,801.067,0
East Timor,2006,TLS,976610,0,793.593,0
East Timor,2007,TLS,1004898,0,798.306,0
East Timor,2008,TLS,1032431,0,853.965,0
East Timor,2009,TLS,1058783,0,931.8,0
East Timor,2010,TLS,1084688,0,946.715,0
East Timor,2011,TLS,1110212,0,959.721,0
East Timor,2012,TLS,1134891,0,1111.077,0
East Timor,2013,TLS,1158697,0,1638.827,0
East Timor,2014,TLS,1181913,0,1843.689,0
East Timor,2015,TLS,1205133,0,1772.924,0
East Timor,2016,TLS,1228314,0,1701.149,0
East Timor,2017,TLS,1251711,0,1702.687,0
East Timor,2018,TLS,1275962,0,1759.182,0
East Timor,2019,TLS,1300946,0,2086.275,0
East Timor,2020,TLS,1326051,0,1961.227,0
East Timor,2021,TLS,1350142,0,1886.52,0
East Timor,2022,TLS,1369299,0,1917.651,0
East Timor,2023,TLS,1384292,0,2000.235,0
Eastern Africa (EI),1965,,,,,
Eastern Africa (EI),1966,,,,,
Eastern Africa (EI),1967,,,,,
Eastern Africa (EI),1968,,,,,
Eastern Africa (EI),1969,,,,,
Eastern Africa (EI),1970,,,,,
Eastern Africa (EI),1971,,,,,
Eastern Africa (EI),1972,,,,,
Eastern Africa (EI),1973,,,,,
Eastern Africa (EI),1974,,,,,
Eastern Africa (EI),1975,,,,,
Eastern Africa (EI),1976,,,,,
Eastern Africa (EI),1977,,,,,
Eastern Africa (EI),1978,,,,,
Eastern Africa (EI),1979,,,,,
Eastern Africa (EI),1980,,,,,
Eastern Africa (EI),1981,,,,,
Eastern Africa (EI),1982,,,,,
Eastern Africa (EI),1983,,,,,
Eastern Africa (EI),1984,,,,,
Eastern Africa (EI),1985,,,,,
Eastern Africa (EI),1986,,,,,
Eastern Africa (EI),1987,,,,,
Eastern Africa (EI),1988,,,,,
Eastern Africa (EI),1989,,,,,
Eastern Africa (EI),1990,,,,,
Eastern Africa (EI),1991,,,,,
Eastern Africa (EI),1992,,,,,
Eastern Africa (EI),1993,,,,,
Eastern Africa (EI),1994,,,,,
Eastern Africa (EI),1995,,,,,
Eastern Africa (EI),1996,,,,,
Eastern Africa (EI),1997,,,,,
Eastern Africa (EI),1998,,,,,
Eastern Africa (EI),1999,,,,,
Eastern Africa (EI),2000,,,,,
Eastern Africa (EI),2001,,,,,
Eastern Africa (EI),2002,,,,,
Eastern Africa (EI),2003,,,,,
Eastern Africa (EI),2004,,,,,
Eastern Africa (EI),2005,,,,,
Eastern Africa (EI),2006,,,,,
Eastern Africa (EI),2007,,,,,
Eastern Africa (EI),2008,,,,,
Eastern Africa (EI),2009,,,,,
Eastern Africa (EI),2010,,,,,
Eastern Africa (EI),2011,,,,,
Eastern Africa (EI),2012,,,,,
Eastern Africa (EI),2013,,,,,
Eastern Africa (EI),2014,,,,,
Eastern Africa (EI),2015,,,,,
Eastern Africa (EI),2016,,,,,
Eastern Africa (EI),2017,,,,,
Eastern Africa (EI),2018,,,,,
Eastern Africa (EI),2019,,,,,
Eastern Africa (EI),2020,,,,,
Eastern Africa (EI),2021,,,,,
Eastern Africa (EI),2022,,,,,
Eastern Africa (EI),2023,,,,,
Eastern Africa (EI),2024,,,,,
Eastern Europe and Eurasia (EIA),1980,,,,,
Eastern Europe and Eurasia (EIA),1981,,,,,
Eastern Europe and Eurasia (EIA),1982,,,,,
Eastern Europe and Eurasia (EIA),1983,,,,,
Eastern Europe and Eurasia (EIA),1984,,,,,
Eastern Europe and Eurasia (EIA),1985,,,,,
Eastern Europe and Eurasia (EIA),1986,,,,,
Eastern Europe and Eurasia (EIA),1987,,,,,
Eastern Europe and Eurasia (EIA),1988,,,,,
Eastern Europe and Eurasia (EIA),1989,,,,,
Eastern Europe and Eurasia (EIA),1990,,,,,
Eastern Europe and Eurasia (EIA),1991,,,,,
Eastern Europe and Eurasia (EIA),1992,,,,,
Eastern Europe and Eurasia (EIA),1993,,,,,
Eastern Europe and Eurasia (EIA),1994,,,,,
Eastern Europe and Eurasia (EIA),1995,,,,,
Eastern Europe and Eurasia (EIA),1996,,,,,
Eastern Europe and Eurasia (EIA),1997,,,,,
Eastern Europe and Eurasia (EIA),1998,,,,,
Eastern Europe and Eurasia (EIA),1999,,,,,
Eastern Europe and Eurasia (EIA),2000,,,,,
Eastern Europe and Eurasia (EIA),2001,,,,,
Eastern Europe and Eurasia (EIA),2002,,,,,
Eastern Europe and Eurasia (EIA),2003,,,,,
Eastern Europe and Eurasia (EIA),2004,,,,,
Eastern Europe and Eurasia (EIA),2005,,,,,
Eastern Europe and Eurasia (EIA),2006,,,,,
Eastern Europe and Eurasia (EIA),2007,,,,,
Eastern Europe and Eurasia (EIA),2008,,,,,
Eastern Europe and Eurasia (EIA),2009,,,,,
Eastern Europe and Eurasia (EIA),2010,,,,,
Eastern Europe and Eurasia (EIA),2011,,,,,
Eastern Europe and Eurasia (EIA),2012,,,,,
Eastern Europe and Eurasia (EIA),2013,,,,,
Eastern Europe and Eurasia (EIA),2014,,,,,
Eastern Europe and Eurasia (EIA),2015,,,,,
Eastern Europe and Eurasia (EIA),2016,,,,,
Eastern Europe and Eurasia (EIA),2017,,,,,
Eastern Europe and Eurasia (EIA),2018,,,,,
Eastern Europe and Eurasia (EIA),2019,,,,,
Eastern Europe and Eurasia (EIA),2020,,,,,
Eastern Europe and Eurasia (EIA),2021,,,,,
Eastern Europe and Eurasia (EIA),2022,,,,,
Eastern Europe and Eurasia (EIA),2023,,,,,
Ecuador,1900,ECU,1451333,,,
Ecuador,1901,ECU,1471280,,,
Ecuador,1902,ECU,1492569,,,
Ecuador,1903,ECU,1515235,,,
Ecuador,1904,ECU,1538243,,,
Ecuador,1905,ECU,1561601,,,
Ecuador,1906,ECU,1585312,,,
Ecuador,1907,ECU,1609383,,,
Ecuador,1908,ECU,1633819,,,
Ecuador,1909,ECU,1657178,,,
Ecuador,1910,ECU,1679429,,,
Ecuador,1911,ECU,1700537,,,
Ecuador,1912,ECU,1720468,,,
Ecuador,1913,ECU,1739186,,,
Ecuador,1914,ECU,1758108,,,
Ecuador,1915,ECU,1777234,,,
Ecuador,1916,ECU,1796568,,,
Ecuador,1917,ECU,1816111,,,
Ecuador,1918,ECU,1834665,,,
Ecuador,1919,ECU,1852686,,,
Ecuador,1920,ECU,1870163,,,
Ecuador,1921,ECU,1887084,,,
Ecuador,1922,ECU,1903438,,,
Ecuador,1923,ECU,1919212,,,
Ecuador,1924,ECU,1935118,,,
Ecuador,1925,ECU,1951155,,,
Ecuador,1926,ECU,1967325,,,
Ecuador,1927,ECU,1983629,,,
Ecuador,1928,ECU,2000068,,,
Ecuador,1929,ECU,2023061,,,
Ecuador,1930,ECU,2052817,,,
Ecuador,1931,ECU,2089550,,,
Ecuador,1932,ECU,2133481,,,
Ecuador,1933,ECU,2184834,,,
Ecuador,1934,ECU,2237423,,,
Ecuador,1935,ECU,2291278,,,
Ecuador,1936,ECU,2346429,,,
Ecuador,1937,ECU,2402908,,,
Ecuador,1938,ECU,2460746,,,
Ecuador,1939,ECU,2523924,,,
Ecuador,1940,ECU,2592696,,,
Ecuador,1941,ECU,2667325,,,
Ecuador,1942,ECU,2748086,,,
Ecuador,1943,ECU,2835263,,,
Ecuador,1944,ECU,2925206,,,
Ecuador,1945,ECU,3018002,,,
Ecuador,1946,ECU,3113742,,,
Ecuador,1947,ECU,3212519,,,
Ecuador,1948,ECU,3314430,,,
Ecuador,1949,ECU,3416527,,,
Ecuador,1950,ECU,3516791,,,
Ecuador,1951,ECU,3607837,,,
Ecuador,1952,ECU,3702403,,,
Ecuador,1953,ECU,3800296,,,
Ecuador,1954,ECU,3901514,,,
Ecuador,1955,ECU,4006189,,,
Ecuador,1956,ECU,4114537,,,
Ecuador,1957,ECU,4226856,,,
Ecuador,1958,ECU,4343499,,,
Ecuador,1959,ECU,4464761,,,
Ecuador,1960,ECU,4590893,,,
Ecuador,1961,ECU,4722334,,,
Ecuador,1962,ECU,4859272,,,
Ecuador,1963,ECU,5001721,,,
Ecuador,1964,ECU,5149925,,,
Ecuador,1965,ECU,5303960,,1632.163,
Ecuador,1966,ECU,5463749,,1667.809,
Ecuador,1967,ECU,5629060,,1751.561,
Ecuador,1968,ECU,5799683,,2007.357,
Ecuador,1969,ECU,5975234,,2070.111,
Ecuador,1970,ECU,6155392,,2400.014,
Ecuador,1971,ECU,6340056,,2560.128,
Ecuador,1972,ECU,6529040,,2597.506,
Ecuador,1973,ECU,6722036,,2700.366,
Ecuador,1974,ECU,6918571,,3062.45,
Ecuador,1975,ECU,7118258,,3014.544,
Ecuador,1976,ECU,7320913,,3227.021,
Ecuador,1977,ECU,7526826,,3732.44,
Ecuador,1978,ECU,7736176,,3798.254,
Ecuador,1979,ECU,7948871,,3849.357,
Ecuador,1980,ECU,8165882,,4753.697,
Ecuador,1981,ECU,8386913,,5133.6,
Ecuador,1982,ECU,8611296,,5494.224,
Ecuador,1983,ECU,8840424,,5241.693,
Ecuador,1984,ECU,9074783,,5682.862,
Ecuador,1985,ECU,9311152,,6547.877,
Ecuador,1986,ECU,9545999,,6694.515,
Ecuador,1987,ECU,9779290,,6735.193,
Ecuador,1988,ECU,10010804,,7598.915,
Ecuador,1989,ECU,10241859,,7659.501,
Ecuador,1990,ECU,10473674,,7731.968,
Ecuador,1991,ECU,10702377,,8356.9,
Ecuador,1992,ECU,10930128,,8140.747,
Ecuador,1993,ECU,11154283,,8268.7,
Ecuador,1994,ECU,11372197,,8821.755,
Ecuador,1995,ECU,11590519,,8180.669,
Ecuador,1996,ECU,11810954,,9136.731,
Ecuador,1997,ECU,12031129,,9992.515,
Ecuador,1998,ECU,12251188,,9863.863,
Ecuador,1999,ECU,12470800,,8839.105,
Ecuador,2000,ECU,12689215,0,8206.088,0
Ecuador,2001,ECU,12910736,0,8170.174,0
Ecuador,2002,ECU,13138473,0,7924.009,0.48
Ecuador,2003,ECU,13372304,0,7972.256,0.94
Ecuador,2004,ECU,13608700,0,8381.104,1.24
Ecuador,2005,ECU,13846162,0.02,8719.008,1.48
Ecuador,2006,ECU,14086138,0.02,9064.634,1.79
Ecuador,2007,ECU,14328783,0.02,9369.433,2.01
Ecuador,2008,ECU,14575201,0.02,9830.746,1.72
Ecuador,2009,ECU,14825960,0.02,9429.752,1.9
Ecuador,2010,ECU,15076697,0.02,10293.648,2.19
Ecuador,2011,ECU,15326232,0.01,10742.646,1.94
Ecuador,2012,ECU,15572195,0.02,11169.487,2.34
Ecuador,2013,ECU,15807132,0.04,11356.213,2.83
Ecuador,2014,ECU,16035127,0.06,11759.381,2.91
Ecuador,2015,ECU,16266229,0.09,11560.524,2.81
Ecuador,2016,ECU,16505142,0.49,11354.271,2.02
Ecuador,2017,ECU,16759515,0.46,11641.728,1.73
Ecuador,2018,ECU,17049542,0.43,12104.737,1.53
Ecuador,2019,ECU,17340017,0.45,12187.595,1.39
Ecuador,2020,ECU,17546058,0.47,10421.851,1.15
Ecuador,2021,ECU,17682454,0.41,12023.042,1.13
Ecuador,2022,ECU,17823900,0.39,12495.487,1.04
Ecuador,2023,ECU,17980079,0.39,12916.207,1.02
Ecuador,2024,ECU,18135478,0.52,12722.083,1.01
Egypt,1900,EGY,9940289,,,
Egypt,1901,EGY,10077437,,,
Egypt,1902,EGY,10215268,,,
Egypt,1903,EGY,10353774,,,
Egypt,1904,EGY,10494157,,,
Egypt,1905,EGY,10636440,,,
Egypt,1906,EGY,10780650,,,
Egypt,1907,EGY,10926812,,,
Egypt,1908,EGY,11074954,,,
Egypt,1909,EGY,11219744,,,
Egypt,1910,EGY,11361079,,,
Egypt,1911,EGY,11498855,,,
Egypt,1912,EGY,11632963,,,
Egypt,1913,EGY,11763295,,,
Egypt,1914,EGY,11895084,,,
Egypt,1915,EGY,12028348,,,
Egypt,1916,EGY,12163101,,,
Egypt,1917,EGY,12299362,,,
Egypt,1918,EGY,12443062,,,
Egypt,1919,EGY,12587076,,,
Egypt,1920,EGY,12731391,,,
Egypt,1921,EGY,12875995,,,
Egypt,1922,EGY,13020877,,,
Egypt,1923,EGY,13166025,,,
Egypt,1924,EGY,13312790,,,
Egypt,1925,EGY,13461191,,,
Egypt,1926,EGY,13611246,,,
Egypt,1927,EGY,13762974,,,
Egypt,1928,EGY,13916394,,,
Egypt,1929,EGY,14078659,,,
Egypt,1930,EGY,14249967,,,
Egypt,1931,EGY,14430516,,,
Egypt,1932,EGY,14620510,,,
Egypt,1933,EGY,14820156,,,
Egypt,1934,EGY,15022528,,,
Egypt,1935,EGY,15227663,,,
Egypt,1936,EGY,15435599,,,
Egypt,1937,EGY,15646375,,,
Egypt,1938,EGY,15860029,,,
Egypt,1939,EGY,16118395,,,
Egypt,1940,EGY,16423191,,,
Egypt,1941,EGY,16776186,,,
Egypt,1942,EGY,17179205,,,
Egypt,1943,EGY,17634128,,,
Egypt,1944,EGY,18101098,,,
Egypt,1945,EGY,18580434,,,
Egypt,1946,EGY,19072463,,,
Egypt,1947,EGY,19577521,,,
Egypt,1948,EGY,20095954,,,
Egypt,1949,EGY,20620147,,,
Egypt,1950,EGY,21148168,,,
Egypt,1951,EGY,21605922,,,
Egypt,1952,EGY,22104946,,,
Egypt,1953,EGY,22644148,,,
Egypt,1954,EGY,23212564,,,
Egypt,1955,EGY,23795234,,,
Egypt,1956,EGY,24387350,,,
Egypt,1957,EGY,24994417,,,
Egypt,1958,EGY,25600327,,,
Egypt,1959,EGY,26226866,,,
Egypt,1960,EGY,26896480,,,
Egypt,1961,EGY,27600903,,,
Egypt,1962,EGY,28337017,,,
Egypt,1963,EGY,29091868,,,
Egypt,1964,EGY,29858925,,,
Egypt,1965,EGY,30629174,,2993.062,
Egypt,1966,EGY,31406543,,3071.422,
Egypt,1967,EGY,32196366,,2565.035,
Egypt,1968,EGY,32998322,,2700.67,
Egypt,1969,EGY,33811619,,2170.117,
Egypt,1970,EGY,34623990,,2640.702,
Egypt,1971,EGY,35433370,,2652.595,
Egypt,1972,EGY,36258327,,2876.305,
Egypt,1973,EGY,37102044,,2656.801,
Egypt,1974,EGY,37969667,,2950.706,
Egypt,1975,EGY,38875326,,3197.098,
Egypt,1976,EGY,39795558,,3734.689,
Egypt,1977,EGY,40748878,,3957.69,
Egypt,1978,EGY,41761437,,4079.214,
Egypt,1979,EGY,42818635,,4345.811,
Egypt,1980,EGY,43950413,,4815.932,
Egypt,1981,EGY,45147226,,5340.203,
Egypt,1982,EGY,46407612,,5796.433,
Egypt,1983,EGY,47786401,,6085.674,
Egypt,1984,EGY,49247336,,6439.177,
Egypt,1985,EGY,50734974,,6481.711,9.236
Egypt,1986,EGY,52206296,,6442.069,10.289
Egypt,1987,EGY,53674436,,6644.321,11.716
Egypt,1988,EGY,55187680,,6557.203,13.156
Egypt,1989,EGY,56710641,,6726.564,13.715
Egypt,1990,EGY,58396625,,6701.131,16.446
Egypt,1991,EGY,60029001,,6604.019,20.406
Egypt,1992,EGY,61480663,,6386.172,22.944
Egypt,1993,EGY,62915681,,6245.07,26.173
Egypt,1994,EGY,64285596,,6427.995,29.292
Egypt,1995,EGY,65652621,,6668.746,30.45
Egypt,1996,EGY,67028045,,6881.848,31.514
Egypt,1997,EGY,68431738,,7021.602,32.68
Egypt,1998,EGY,69943297,,7153.041,32.529
Egypt,1999,EGY,71520953,,7506.734,37.227
Egypt,2000,EGY,73083287,0,7779.254,42.19
Egypt,2001,EGY,74652035,0,7947.725,48.47
Egypt,2002,EGY,76239140,0,8004.338,57.45
Egypt,2003,EGY,77853548,0,8297.523,64.02
Egypt,2004,EGY,79477441,0,8581.729,74.45
Egypt,2005,EGY,81101012,0,8624.019,76.79
Egypt,2006,EGY,82700404,0,8907.385,83.06
Egypt,2007,EGY,84276224,0,9309.617,89.21
Egypt,2008,EGY,85864791,0,9687.769,94.86
Egypt,2009,EGY,87501635,0,9847.488,98.74
Egypt,2010,EGY,89196073,0,10035.327,110.1
Egypt,2011,EGY,91093066,0,10336.393,117.46
Egypt,2012,EGY,93161000,0,10518.4,126.56
Egypt,2013,EGY,95333551,0,10209.089,123.17
Egypt,2014,EGY,97528655,0,9863.477,124.64
Egypt,2015,EGY,99597334,0,9800.544,129.81
Egypt,2016,EGY,101644583,0,10135.914,138.47
Egypt,2017,EGY,103696055,0,10325.806,151.93
Egypt,2018,EGY,105682092,0,10137.438,167.18
Egypt,2019,EGY,107553159,0,9749.406,171.82
Egypt,2020,EGY,109315118,0,9028.072,166.86
Egypt,2021,EGY,110957005,0,9564.884,179.45
Egypt,2022,EGY,112618252,0,9857.579,183.07
Egypt,2023,EGY,114535772,0,9566.154,179.37
Egypt,2024,EGY,116538256,0,9660.864,192.98
El Salvador,1980,SLV,4540377,,2224.909,
El Salvador,1981,SLV,4570602,,1947.302,
El Salvador,1982,SLV,4622478,,1948.948,
El Salvador,1983,SLV,4707368,,2006.782,
El Salvador,1984,SLV,4798003,,2021.178,
El Salvador,1985,SLV,4894703,,2077.305,
El Salvador,1986,SLV,4992772,,2168.1,
El Salvador,1987,SLV,5092443,,2073.657,
El Salvador,1988,SLV,5195828,,2218.028,
El Salvador,1989,SLV,5298977,,2144.943,
El Salvador,1990,SLV,5399728,,2210.895,
El Salvador,1991,SLV,5495081,,2354.288,
El Salvador,1992,SLV,5585611,,2651.586,
El Salvador,1993,SLV,5659959,,2670.243,
El Salvador,1994,SLV,5714138,,2925.279,
El Salvador,1995,SLV,5762135,,3643.881,
El Salvador,1996,SLV,5805286,,3573.513,
El Salvador,1997,SLV,5844578,,3666.203,
El Salvador,1998,SLV,5880786,,4211.862,
El Salvador,1999,SLV,5913908,,4341.954,
El Salvador,2000,SLV,5943363,0.34,4442.162,0
El Salvador,2001,SLV,5968058,0.2,4427.587,0
El Salvador,2002,SLV,5986629,0.2,4612.663,0
El Salvador,2003,SLV,5998597,0.21,4833.146,0
El Salvador,2004,SLV,6004673,0.22,4849.703,0
El Salvador,2005,SLV,6005583,0.22,4925.601,0
El Salvador,2006,SLV,6002321,0.26,5134.85,0
El Salvador,2007,SLV,6009820,0.17,5342.946,0
El Salvador,2008,SLV,6029302,0.17,5063.321,0
El Salvador,2009,SLV,6048284,0.23,5005.614,0
El Salvador,2010,SLV,6068253,0.28,5024.517,0
El Salvador,2011,SLV,6090128,0.28,5032.225,0
El Salvador,2012,SLV,6113977,0.38,5140.093,0
El Salvador,2013,SLV,6138845,0.44,4971.976,0
El Salvador,2014,SLV,6162952,0.43,5116.345,0
El Salvador,2015,SLV,6183675,0.56,5442.877,0
El Salvador,2016,SLV,6200808,0.63,5503.396,0
El Salvador,2017,SLV,6213538,0.71,5317.579,0
El Salvador,2018,SLV,6219803,0.74,5810.084,0
El Salvador,2019,SLV,6222316,0.83,6477.021,0
El Salvador,2020,SLV,6234679,0.81,5385.433,0
El Salvador,2021,SLV,6255780,0.9,6263.183,0
El Salvador,2022,SLV,6280316,0.81,6867.604,0
El Salvador,2023,SLV,6309629,0.91,7157.062,0
El Salvador,2024,SLV,6338197,0.94,,0
Equatorial Guinea,1965,GNQ,298248,,,
Equatorial Guinea,1966,GNQ,304868,,,
Equatorial Guinea,1967,GNQ,311814,,,
Equatorial Guinea,1968,GNQ,318853,,,
Equatorial Guinea,1969,GNQ,322525,,,
Equatorial Guinea,1970,GNQ,320815,,,
Equatorial Guinea,1971,GNQ,315946,,,
Equatorial Guinea,1972,GNQ,309474,,,
Equatorial Guinea,1973,GNQ,302293,,,
Equatorial Guinea,1974,GNQ,294957,,,
Equatorial Guinea,1975,GNQ,287912,,,
Equatorial Guinea,1976,GNQ,281042,,,
Equatorial Guinea,1977,GNQ,276784,,,
Equatorial Guinea,1978,GNQ,276534,,,
Equatorial Guinea,1979,GNQ,279848,,,
Equatorial Guinea,1980,GNQ,288652,,851.152,
Equatorial Guinea,1981,GNQ,303262,,807.951,
Equatorial Guinea,1982,GNQ,322226,,948.949,
Equatorial Guinea,1983,GNQ,343429,,890.362,
Equatorial Guinea,1984,GNQ,364905,,840.242,
Equatorial Guinea,1985,GNQ,385553,,950.664,
Equatorial Guinea,1986,GNQ,404740,,755.488,
Equatorial Guinea,1987,GNQ,422529,,751.829,
Equatorial Guinea,1988,GNQ,439659,,724.433,
Equatorial Guinea,1989,GNQ,456821,,1104.593,
Equatorial Guinea,1990,GNQ,474289,,1063.911,
Equatorial Guinea,1991,GNQ,492220,,1025.154,
Equatorial Guinea,1992,GNQ,510775,,990.548,
Equatorial Guinea,1993,GNQ,530030,,952.024,
Equatorial Guinea,1994,GNQ,550148,,917.21,
Equatorial Guinea,1995,GNQ,571274,,883.237,
Equatorial Guinea,1996,GNQ,593496,,852.487,
Equatorial Guinea,1997,GNQ,616897,,920.595,
Equatorial Guinea,1998,GNQ,641478,,1223.171,
Equatorial Guinea,1999,GNQ,667222,,1175.983,
Equatorial Guinea,2000,GNQ,703287,0,4588.026,0.03
Equatorial Guinea,2001,GNQ,749836,0,2431.702,0.04
Equatorial Guinea,2002,GNQ,797968,0,35377.777,0.05
Equatorial Guinea,2003,GNQ,847867,0,36078.625,0.05
Equatorial Guinea,2004,GNQ,899924,0,6878.594,0.07
Equatorial Guinea,2005,GNQ,947370,0,23845.182,0.08
Equatorial Guinea,2006,GNQ,990349,0,27874.07,0.09
Equatorial Guinea,2007,GNQ,1036053,0,29474.863,0.11
Equatorial Guinea,2008,GNQ,1084538,0,27828.389,0.14
Equatorial Guinea,2009,GNQ,1135683,0,28164,0.16
Equatorial Guinea,2010,GNQ,1189097,0,25870.34,0.18
Equatorial Guinea,2011,GNQ,1241843,0,26635.107,0.26
Equatorial Guinea,2012,GNQ,1293485,0,24796.076,0.45
Equatorial Guinea,2013,GNQ,1346220,0,24355.91,0.59
Equatorial Guinea,2014,GNQ,1399829,0,21868.369,0.7
Equatorial Guinea,2015,GNQ,1453925,0,18663.375,0.82
Equatorial Guinea,2016,GNQ,1508192,0,17766.676,0.92
Equatorial Guinea,2017,GNQ,1562401,0,19361.629,0.89
Equatorial Guinea,2018,GNQ,1616425,0,12356.137,0.9
Equatorial Guinea,2019,GNQ,1670184,0,11941.993,0.94
Equatorial Guinea,2020,GNQ,1716479,0,13696.714,0.91
Equatorial Guinea,2021,GNQ,1758796,0,15327.771,0.95
Equatorial Guinea,2022,GNQ,1803549,0,15718.9,1.02
Equatorial Guinea,2023,GNQ,1847556,0,15974.835,1.07
Equatorial Guinea,2024,GNQ,1892523,,,
Eritrea,1994,ERI,1913919,,2029.208,
Eritrea,1995,ERI,2025273,,2196.818,
Eritrea,1996,ERI,2128464,,2136.523,
Eritrea,1997,ERI,2152146,,2135.258,
Eritrea,1998,ERI,2180423,,2238.139,
Eritrea,1999,ERI,2212785,,2289.135,
Eritrea,2000,ERI,2247036,0,1155.856,0
Eritrea,2001,ERI,2312083,0,1230.658,0
Eritrea,2002,ERI,2392981,0,1084.119,0
Eritrea,2003,ERI,2493906,0,1246.978,0
Eritrea,2004,ERI,2598288,0,1303.522,0
Eritrea,2005,ERI,2661215,0,1273.509,0
Eritrea,2006,ERI,2703501,0,861.288,0
Eritrea,2007,ERI,2743226,0,871.684,0
Eritrea,2008,ERI,2816331,0,604.969,0
Eritrea,2009,ERI,2887887,0,713.438,0
Eritrea,2010,ERI,2945184,0,697.403,0
Eritrea,2011,ERI,2998493,0,697.969,0
Eritrea,2012,ERI,3036998,0,732.57,0
Eritrea,2013,ERI,3074367,0,738.286,0
Eritrea,2014,ERI,3095168,0,765.92,0
Eritrea,2015,ERI,3105554,0,757.379,0
Eritrea,2016,ERI,3124700,0,766.268,0
Eritrea,2017,ERI,3150350,0,834.887,0
Eritrea,2018,ERI,3192763,0,819.977,0
Eritrea,2019,ERI,3240194,0,798.517,0
Eritrea,2020,ERI,3291277,0,770.878,0
Eritrea,2021,ERI,3350185,0,801.942,0
Eritrea,2022,ERI,3409450,0,864.744,0
Eritrea,2023,ERI,3470391,0,872.543,0
Estonia,1985,EST,1525281,,77659.539,
Estonia,1986,EST,1535594,,76766.938,
Estonia,1987,EST,1547258,,77340.914,
Estonia,1988,EST,1559101,,75449.164,
Estonia,1989,EST,1567590,,77332.117,
Estonia,1990,EST,1570309,0,81248.344,0.96
Estonia,1991,EST,1565380,0,74582.453,0.97
Estonia,1992,EST,1540214,0,52778.336,0.29
Estonia,1993,EST,1504344,0,44911.559,0.13
Estonia,1994,EST,1475716,0,46444.621,0.22
Estonia,1995,EST,1452774,0.01,42790.797,0.26
Estonia,1996,EST,1434655,0,46012.625,0.29
Estonia,1997,EST,1421494,0.01,45745.91,0.26
Estonia,1998,EST,1411206,0.01,41336.574,0.27
Estonia,1999,EST,1403578,0.01,38286.332,0.23
Estonia,2000,EST,1397001,0.01,39725.285,0.6
Estonia,2001,EST,1388174,0.01,41670.422,0.6
Estonia,2002,EST,1379438,0.02,41761.258,0.53
Estonia,2003,EST,1370849,0.03,45822.414,0.5
Estonia,2004,EST,1362682,0.03,47044.355,0.49
Estonia,2005,EST,1354847,0.04,47580.188,0.54
Estonia,2006,EST,1346885,0.04,47279.691,0.54
Estonia,2007,EST,1340709,0.03,55004.875,0.34
Estonia,2008,EST,1337078,0.04,50749.477,0.42
Estonia,2009,EST,1334528,0.31,44005.977,0.11
Estonia,2010,EST,1331450,0.74,54937.555,0.3
Estonia,2011,EST,1327366,0.78,54968.051,0.25
Estonia,2012,EST,1322615,1,55562.555,0.13
Estonia,2013,EST,1317920,0.67,58776.996,0.09
Estonia,2014,EST,1314457,0.76,56419.855,0.07
Estonia,2015,EST,1314580,0.82,52204.055,0.06
Estonia,2016,EST,1315850,0.95,53777.426,0.07
Estonia,2017,EST,1317430,1.1,59573.93,0.06
Estonia,2018,EST,1321972,1.31,58911.23,0.06
Estonia,2019,EST,1326822,1.36,47301.492,0.04
Estonia,2020,EST,1329675,1.85,44171.176,0.03
Estonia,2021,EST,1331750,1.77,46137.703,0.04
Estonia,2022,EST,1350093,1.57,46890.336,0.06
Estonia,2023,EST,1367195,1.38,41162.695,0.02
Estonia,2024,EST,1360548,1.4,40986.305,0.13
Eswatini,1900,SWZ,109096,,,
Eswatini,1901,SWZ,110604,,,
Eswatini,1902,SWZ,112272,,,
Eswatini,1903,SWZ,114104,,,
Eswatini,1904,SWZ,115966,,,
Eswatini,1905,SWZ,117859,,,
Eswatini,1906,SWZ,119782,,,
Eswatini,1907,SWZ,121736,,,
Eswatini,1908,SWZ,123723,,,
Eswatini,1909,SWZ,125718,,,
Eswatini,1910,SWZ,127720,,,
Eswatini,1911,SWZ,129731,,,
Eswatini,1912,SWZ,131749,,,
Eswatini,1913,SWZ,133775,,,
Eswatini,1914,SWZ,135832,,,
Eswatini,1915,SWZ,137920,,,
Eswatini,1916,SWZ,140041,,,
Eswatini,1917,SWZ,142194,,,
Eswatini,1918,SWZ,144399,,,
Eswatini,1919,SWZ,146801,,,
Eswatini,1920,SWZ,149409,,,
Eswatini,1921,SWZ,152228,,,
Eswatini,1922,SWZ,155266,,,
Eswatini,1923,SWZ,158529,,,
Eswatini,1924,SWZ,161861,,,
Eswatini,1925,SWZ,165263,,,
Eswatini,1926,SWZ,168736,,,
Eswatini,1927,SWZ,172282,,,
Eswatini,1928,SWZ,175903,,,
Eswatini,1929,SWZ,179570,,,
Eswatini,1930,SWZ,183282,,,
Eswatini,1931,SWZ,187040,,,
Eswatini,1932,SWZ,190846,,,
Eswatini,1933,SWZ,194698,,,
Eswatini,1934,SWZ,198628,,,
Eswatini,1935,SWZ,202637,,,
Eswatini,1936,SWZ,206727,,,
Eswatini,1937,SWZ,210900,,,
Eswatini,1938,SWZ,215157,,,
Eswatini,1939,SWZ,219455,,,
Eswatini,1940,SWZ,223795,,,
Eswatini,1941,SWZ,228176,,,
Eswatini,1942,SWZ,232598,,,
Eswatini,1943,SWZ,237062,,,
Eswatini,1944,SWZ,241611,,,
Eswatini,1945,SWZ,246248,,,
Eswatini,1946,SWZ,250973,,,
Eswatini,1947,SWZ,255790,,,
Eswatini,1948,SWZ,260698,,,
Eswatini,1949,SWZ,265978,,,
Eswatini,1950,SWZ,271670,,,
Eswatini,1951,SWZ,278618,,,
Eswatini,1952,SWZ,285637,,,
Eswatini,1953,SWZ,292742,,,
Eswatini,1954,SWZ,299943,,,
Eswatini,1955,SWZ,307222,,,
Eswatini,1956,SWZ,314620,,,
Eswatini,1957,SWZ,322131,,,
Eswatini,1958,SWZ,329770,,,
Eswatini,1959,SWZ,337521,,,
Eswatini,1960,SWZ,345339,,,
Eswatini,1961,SWZ,353265,,,
Eswatini,1962,SWZ,361376,,,
Eswatini,1963,SWZ,369768,,,
Eswatini,1964,SWZ,378660,,,
Eswatini,1965,SWZ,388342,,,
Eswatini,1966,SWZ,398773,,,
Eswatini,1967,SWZ,409044,,,
Eswatini,1968,SWZ,419154,,,
Eswatini,1969,SWZ,429884,,,
Eswatini,1970,SWZ,441223,,,
Eswatini,1971,SWZ,453192,,,
Eswatini,1972,SWZ,465791,,,
Eswatini,1973,SWZ,479043,,,
Eswatini,1974,SWZ,493004,,,
Eswatini,1975,SWZ,507675,,,
Eswatini,1976,SWZ,523339,,,
Eswatini,1977,SWZ,540353,,,
Eswatini,1978,SWZ,558446,,,
Eswatini,1979,SWZ,577208,,,
Eswatini,1980,SWZ,596657,,4241.058,
Eswatini,1981,SWZ,616816,,3967.81,
Eswatini,1982,SWZ,637656,,3447.811,
Eswatini,1983,SWZ,658958,,2967.756,
Eswatini,1984,SWZ,680790,,3204.471,
Eswatini,1985,SWZ,706204,,3816.512,
Eswatini,1986,SWZ,734736,,3601.117,
Eswatini,1987,SWZ,763812,,3797.22,
Eswatini,1988,SWZ,799806,,3648.87,
Eswatini,1989,SWZ,837810,,3710.241,
Eswatini,1990,SWZ,872436,,3596.085,
Eswatini,1991,SWZ,908193,,3426.701,
Eswatini,1992,SWZ,943426,,3226.84,
Eswatini,1993,SWZ,971327,,3123.902,
Eswatini,1994,SWZ,971221,,4168.957,
Eswatini,1995,SWZ,970439,,4064.329,
Eswatini,1996,SWZ,989847,,3789.51,
Eswatini,1997,SWZ,1006647,,3845.313,
Eswatini,1998,SWZ,1019657,,4801.696,
Eswatini,1999,SWZ,1030785,,4856.928,
Eswatini,2000,SWZ,1041428,0.46,6508.233,0
Eswatini,2001,SWZ,1051066,0.5,6569.679,0
Eswatini,2002,SWZ,1059456,0.49,6589.496,0
Eswatini,2003,SWZ,1066706,0.49,6225.074,0
Eswatini,2004,SWZ,1073170,0.45,5916.697,0
Eswatini,2005,SWZ,1079022,0.44,5940.479,0
Eswatini,2006,SWZ,1084442,0.52,6252.654,0
Eswatini,2007,SWZ,1090713,0.52,6405.87,0
Eswatini,2008,SWZ,1098098,0.51,6189.895,0
Eswatini,2009,SWZ,1105158,0.44,5810.702,0
Eswatini,2010,SWZ,1111651,0.48,5578.974,0
Eswatini,2011,SWZ,1117845,0.28,5094.847,0
Eswatini,2012,SWZ,1123870,0.24,4890.275,0
Eswatini,2013,SWZ,1130000,0.25,4697.807,0
Eswatini,2014,SWZ,1136305,0.23,4833.424,0
Eswatini,2015,SWZ,1142822,0.24,4938.754,0
Eswatini,2016,SWZ,1149516,0.21,5110.425,0
Eswatini,2017,SWZ,1158198,0.2,5259.742,0
Eswatini,2018,SWZ,1168933,0.2,5461.989,0
Eswatini,2019,SWZ,1179885,0.22,5847.509,0
Eswatini,2020,SWZ,1192734,0.24,5728.297,0
Eswatini,2021,SWZ,1206598,0.2,5502.061,0
Eswatini,2022,SWZ,1218921,0.2,5134.687,0
Eswatini,2023,SWZ,1230507,0.21,5516.521,0
Ethiopia,1980,ETH,34428515,,228.44,
Ethiopia,1981,ETH,35304010,,223.025,
Ethiopia,1982,ETH,36701293,,233.234,
Ethiopia,1983,ETH,37740821,,260.662,
Ethiopia,1984,ETH,38735728,,256.167,
Ethiopia,1985,ETH,39842136,,296.282,
Ethiopia,1986,ETH,41037658,,277.478,
Ethiopia,1987,ETH,42460039,,303.285,
Ethiopia,1988,ETH,44150834,,282.859,
Ethiopia,1989,ETH,45879686,,286.041,
Ethiopia,1990,ETH,47609760,,278.254,
Ethiopia,1991,ETH,49717203,,224.466,
Ethiopia,1992,ETH,51853756,,303.965,
Ethiopia,1993,ETH,53708892,,274.483,
Ethiopia,1994,ETH,55611514,,183.879,
Ethiopia,1995,ETH,57537340,,191.527,
Ethiopia,1996,ETH,59467640,,144.92,
Ethiopia,1997,ETH,61404541,,140.928,
Ethiopia,1998,ETH,63363523,,191.173,
Ethiopia,1999,ETH,65374561,,227.92,
Ethiopia,2000,ETH,67411496,0.04,237.98,0
Ethiopia,2001,ETH,69487767,0.05,244.971,0
Ethiopia,2002,ETH,71635521,0.04,246.018,0
Ethiopia,2003,ETH,73832664,0.05,256.372,0
Ethiopia,2004,ETH,76077211,0.05,264.853,0
Ethiopia,2005,ETH,78367476,0.06,297.265,0
Ethiopia,2006,ETH,80703495,0.06,313.911,0
Ethiopia,2007,ETH,83103218,0.04,342.712,0
Ethiopia,2008,ETH,85543670,0.05,353.999,0
Ethiopia,2009,ETH,88007641,0.05,354.188,0
Ethiopia,2010,ETH,90538518,0.06,360.906,0
Ethiopia,2011,ETH,93149977,0.05,383.195,0
Ethiopia,2012,ETH,95798771,0.04,408.92,0
Ethiopia,2013,ETH,98438752,0.03,466.467,0
Ethiopia,2014,ETH,101115615,0.03,521.377,0
Ethiopia,2015,ETH,103867140,0.03,533.245,0
Ethiopia,2016,ETH,106718163,0.03,597.668,0
Ethiopia,2017,ETH,109666482,0.02,581.11,0
Ethiopia,2018,ETH,112664157,0.03,614.368,0
Ethiopia,2019,ETH,115737384,0.03,688.227,0
Ethiopia,2020,ETH,118917670,0.03,576.793,0
Ethiopia,2021,ETH,122138588,0.02,585.118,0
Ethiopia,2022,ETH,125384285,0.01,642.378,0
Ethiopia,2023,ETH,128691695,0.01,693.361,0
Eurasia (EIA),1980,,,,,
Eurasia (EIA),1981,,,,,
Eurasia (EIA),1982,,,,,
Eurasia (EIA),1983,,,,,
Eurasia (EIA),1984,,,,,
Eurasia (EIA),1985,,,,,
Eurasia (EIA),1986,,,,,
Eurasia (EIA),1987,,,,,
Eurasia (EIA),1988,,,,,
Eurasia (EIA),1989,,,,,
Eurasia (EIA),1990,,,,,
Eurasia (EIA),1991,,,,,
Eurasia (EIA),1992,,,,,
Eurasia (EIA),1993,,,,,
Eurasia (EIA),1994,,,,,
Eurasia (EIA),1995,,,,,
Eurasia (EIA),1996,,,,,
Eurasia (EIA),1997,,,,,
Eurasia (EIA),1998,,,,,
Eurasia (EIA),1999,,,,,
Eurasia (EIA),2000,,,,,
Eurasia (EIA),2001,,,,,
Eurasia (EIA),2002,,,,,
Eurasia (EIA),2003,,,,,
Eurasia (EIA),2004,,,,,
Eurasia (EIA),2005,,,,,
Eurasia (EIA),2006,,,,,
Eurasia (EIA),2007,,,,,
Eurasia (EIA),2008,,,,,
Eurasia (EIA),2009,,,,,
Eurasia (EIA),2010,,,,,
Eurasia (EIA),2011,,,,,
Eurasia (EIA),2012,,,,,
Eurasia (EIA),2013,,,,,
Eurasia (EIA),2014,,,,,
Eurasia (EIA),2015,,,,,
Eurasia (EIA),2016,,,,,
Eurasia (EIA),2017,,,,,
Eurasia (EIA),2018,,,,,
Eurasia (EIA),2019,,,,,
Eurasia (EIA),2020,,,,,
Eurasia (EIA),2021,,,,,
Eurasia (EIA),2022,,,,,
Eurasia (EIA),2023,,,,,
Eurasia (Shift),1900,,,,,
Eurasia (Shift),1901,,,,,
Eurasia (Shift),1902,,,,,
Eurasia (Shift),1903,,,,,
Eurasia (Shift),1904,,,,,
Eurasia (Shift),1905,,,,,
Eurasia (Shift),1906,,,,,
Eurasia (Shift),1907,,,,,
Eurasia (Shift),1908,,,,,
Eurasia (Shift),1909,,,,,
Eurasia (Shift),1910,,,,,
Eurasia (Shift),1911,,,,,
Eurasia (Shift),1912,,,,,
Eurasia (Shift),1913,,,,,
Eurasia (Shift),1914,,,,,
Eurasia (Shift),1915,,,,,
Eurasia (Shift),1916,,,,,
Eurasia (Shift),1917,,,,,
Eurasia (Shift),1918,,,,,
Eurasia (Shift),1919,,,,,
Eurasia (Shift),1920,,,,,
Eurasia (Shift),1921,,,,,
Eurasia (Shift),1922,,,,,
Eurasia (Shift),1923,,,,,
Eurasia (Shift),1924,,,,,
Eurasia (Shift),1925,,,,,
Eurasia (Shift),1926,,,,,
Eurasia (Shift),1927,,,,,
Eurasia (Shift),1928,,,,,
Eurasia (Shift),1929,,,,,
Eurasia (Shift),1930,,,,,
Eurasia (Shift),1931,,,,,
Eurasia (Shift),1932,,,,,
Eurasia (Shift),1933,,,,,
Eurasia (Shift),1934,,,,,
Eurasia (Shift),1935,,,,,
Eurasia (Shift),1936,,,,,
Eurasia (Shift),1937,,,,,
Eurasia (Shift),1938,,,,,
Eurasia (Shift),1939,,,,,
Eurasia (Shift),1940,,,,,
Eurasia (Shift),1941,,,,,
Eurasia (Shift),1942,,,,,
Eurasia (Shift),1943,,,,,
Eurasia (Shift),1944,,,,,
Eurasia (Shift),1945,,,,,
Eurasia (Shift),1946,,,,,
Eurasia (Shift),1947,,,,,
Eurasia (Shift),1948,,,,,
Eurasia (Shift),1949,,,,,
Eurasia (Shift),1950,,,,,
Eurasia (Shift),1951,,,,,
Eurasia (Shift),1952,,,,,
Eurasia (Shift),1953,,,,,
Eurasia (Shift),1954,,,,,
Eurasia (Shift),1955,,,,,
Eurasia (Shift),1956,,,,,
Eurasia (Shift),1957,,,,,
Eurasia (Shift),1958,,,,,
Eurasia (Shift),1959,,,,,
Eurasia (Shift),1960,,,,,
Eurasia (Shift),1961,,,,,
Eurasia (Shift),1962,,,,,
Eurasia (Shift),1963,,,,,
Eurasia (Shift),1964,,,,,
Eurasia (Shift),1965,,,,,
Eurasia (Shift),1966,,,,,
Eurasia (Shift),1967,,,,,
Eurasia (Shift),1968,,,,,
Eurasia (Shift),1969,,,,,
Eurasia (Shift),1970,,,,,
Eurasia (Shift),1971,,,,,
Eurasia (Shift),1972,,,,,
Eurasia (Shift),1973,,,,,
Eurasia (Shift),1974,,,,,
Eurasia (Shift),1975,,,,,
Eurasia (Shift),1976,,,,,
Eurasia (Shift),1977,,,,,
Eurasia (Shift),1978,,,,,
Eurasia (Shift),1979,,,,,
Eurasia (Shift),1980,,,,,
Eurasia (Shift),1981,,,,,
Eurasia (Shift),1982,,,,,
Eurasia (Shift),1983,,,,,
Eurasia (Shift),1984,,,,,
Eurasia (Shift),1985,,,,,
Eurasia (Shift),1986,,,,,
Eurasia (Shift),1987,,,,,
Eurasia (Shift),1988,,,,,
Eurasia (Shift),1989,,,,,
Eurasia (Shift),1990,,,,,
Eurasia (Shift),1991,,,,,
Eurasia (Shift),1992,,,,,
Eurasia (Shift),1993,,,,,
Eurasia (Shift),1994,,,,,
Eurasia (Shift),1995,,,,,
Eurasia (Shift),1996,,,,,
Eurasia (Shift),1997,,,,,
Eurasia (Shift),1998,,,,,
Eurasia (Shift),1999,,,,,
Eurasia (Shift),2000,,,,,
Eurasia (Shift),2001,,,,,
Eurasia (Shift),2002,,,,,
Eurasia (Shift),2003,,,,,
Eurasia (Shift),2004,,,,,
Eurasia (Shift),2005,,,,,
Eurasia (Shift),2006,,,,,
Eurasia (Shift),2007,,,,,
Eurasia (Shift),2008,,,,,
Eurasia (Shift),2009,,,,,
Eurasia (Shift),2010,,,,,
Eurasia (Shift),2011,,,,,
Eurasia (Shift),2012,,,,,
Eurasia (Shift),2013,,,,,
Eurasia (Shift),2014,,,,,
Eurasia (Shift),2015,,,,,
Eurasia (Shift),2016,,,,,
Europe,1900,,405874841,,,
Europe,1901,,409398987,,,
Europe,1902,,412988802,,,
Europe,1903,,416646271,,,
Europe,1904,,420341408,,,
Europe,1905,,424074645,,,
Europe,1906,,427845429,,,
Europe,1907,,431657194,,,
Europe,1908,,435507397,,,
Europe,1909,,438821305,,,
Europe,1910,,441597178,,,
Europe,1911,,443794845,,,
Europe,1912,,445470705,,,
Europe,1913,,446604755,,,
Europe,1914,,447762304,,,
Europe,1915,,448886334,,,
Europe,1916,,449968840,,,
Europe,1917,,451046822,,,
Europe,1918,,452130279,,,
Europe,1919,,453717155,,,
Europe,1920,,455905600,,,
Europe,1921,,458527868,,,
Europe,1922,,461705219,,,
Europe,1923,,465327032,,,
Europe,1924,,468981053,,,
Europe,1925,,472684702,,,
Europe,1926,,476407402,,,
Europe,1927,,480148599,,,
Europe,1928,,483928725,,,
Europe,1929,,487657013,,,
Europe,1930,,491337000,,,
Europe,1931,,494970217,,,
Europe,1932,,498545108,,,
Europe,1933,,502059107,,,
Europe,1934,,505598856,,,
Europe,1935,,509162668,,,
Europe,1936,,512751864,,,
Europe,1937,,516369757,,,
Europe,1938,,519992677,,,
Europe,1939,,523576813,,,
Europe,1940,,526706729,,,
Europe,1941,,529472974,,,
Europe,1942,,531916941,,,
Europe,1943,,534139002,,,
Europe,1944,,536489647,,,
Europe,1945,,538385925,,,
Europe,1946,,539563909,,,
Europe,1947,,541189671,,,
Europe,1948,,543672662,,,
Europe,1949,,546614350,,,
Europe,1950,,549374181,,,
Europe,1951,,554348783,,,
Europe,1952,,559311644,,,
Europe,1953,,564673451,,,
Europe,1954,,570282363,,,
Europe,1955,,575990558,,,
Europe,1956,,581712529,,,
Europe,1957,,587753658,,,
Europe,1958,,594196448,,,
Europe,1959,,600407992,,,
Europe,1960,,606417128,,,
Europe,1961,,612470905,,,
Europe,1962,,618430819,,,
Europe,1963,,624213769,,,
Europe,1964,,629781124,,,
Europe,1965,,635044327,,30352.777,
Europe,1966,,640050494,,31365.555,
Europe,1967,,644746163,,32294.393,
Europe,1968,,649263031,,33836.539,
Europe,1969,,653794042,,35704.93,
Europe,1970,,657660067,,37602.297,
Europe,1971,,661624408,,38648.84,
Europe,1972,,666196726,,40232.617,
Europe,1973,,670479946,,42162.535,
Europe,1974,,674419030,,42381.527,
Europe,1975,,677953491,,42656.754,
Europe,1976,,681333404,,44512.281,
Europe,1977,,684781638,,45521.984,
Europe,1978,,688120618,,47089.34,
Europe,1979,,691438258,,48467.633,
Europe,1980,,694976561,,47909.742,
Europe,1981,,698297493,,47338.305,
Europe,1982,,701163007,,47073.359,
Europe,1983,,704000872,,47539.676,
Europe,1984,,706845163,,48814.301,
Europe,1985,,709686996,,47081.82,674.105
Europe,1986,,712751187,,47701.977,697.719
Europe,1987,,715938696,,48569.57,725.332
Europe,1988,,719157222,,48913.832,729.687
Europe,1989,,722217653,,48612.289,755.45
Europe,1990,,724943715,,48815.664,755.31
Europe,1991,,727298534,,47933.797,741.204
Europe,1992,,728443297,,46155.922,693.145
Europe,1993,,728848398,,44529.633,684.163
Europe,1994,,729745970,,42702.625,643.411
Europe,1995,,730260103,,42645.316,654.608
Europe,1996,,730267162,,42984.852,711.584
Europe,1997,,730339959,,42233.836,749.891
Europe,1998,,729796180,,42402.867,768.618
Europe,1999,,729166727,,42341.992,845.587
Europe,2000,,729129967,34.54,42661.918,907.44
Europe,2001,,729220001,36.99,43228.371,931.05
Europe,2002,,730126161,42.51,42950.883,974.07
Europe,2003,,731394229,50.25,43579.312,1041.51
Europe,2004,,732282324,61.15,44110.707,1112.71
Europe,2005,,733101021,71.1,44181.293,1176.56
Europe,2006,,733756870,80.27,44742.773,1197.87
Europe,2007,,734987444,89.2,44340.812,1288.31
Europe,2008,,736658822,99.24,44124.59,1342.78
Europe,2009,,738063440,109.25,41385.648,1247.83
Europe,2010,,739291483,125.26,42941.125,1345.06
Europe,2011,,740524016,133.86,42325.59,1285.46
Europe,2012,,741642607,149.24,42167.91,1164.31
Europe,2013,,742672989,158.96,41675.957,1091.92
Europe,2014,,743860819,168.58,40438.105,1046.11
Europe,2015,,745474876,180.26,40213.133,1077.03
Europe,2016,,747258527,182.82,40595.531,1181.71
Europe,2017,,748701837,187.57,40920.359,1226.34
Europe,2018,,749853945,192.63,41286.438,1201.85
Europe,2019,,750809114,199.68,40632.203,1274.87
Europe,2020,,750844584,204.67,38125.156,1196.26
Europe,2021,,749949128,215.41,39767.684,1235.64
Europe,2022,,748314268,204.83,38925.281,1236.06
Europe,2023,,746966209,194.53,38484.316,1136.57
Europe,2024,,746460441,,39225.492,
Europe (EI),1965,,,,,
Europe (EI),1966,,,,,
Europe (EI),1967,,,,,
Europe (EI),1968,,,,,
Europe (EI),1969,,,,,
Europe (EI),1970,,,,,
Europe (EI),1971,,,,,
Europe (EI),1972,,,,,
Europe (EI),1973,,,,,
Europe (EI),1974,,,,,
Europe (EI),1975,,,,,
Europe (EI),1976,,,,,
Europe (EI),1977,,,,,
Europe (EI),1978,,,,,
Europe (EI),1979,,,,,
Europe (EI),1980,,,,,
Europe (EI),1981,,,,,
Europe (EI),1982,,,,,
Europe (EI),1983,,,,,
Europe (EI),1984,,,,,
Europe (EI),1985,,,,,222.896
Europe (EI),1986,,,,,229.246
Europe (EI),1987,,,,,239.928
Europe (EI),1988,,,,,238.773
Europe (EI),1989,,,,,263.969
Europe (EI),1990,,,,,253.886
Europe (EI),1991,,,,,252.481
Europe (EI),1992,,,,,243.772
Europe (EI),1993,,,,,265.783
Europe (EI),1994,,,,,293.491
Europe (EI),1995,,,,,317.643
Europe (EI),1996,,,,,364.647
Europe (EI),1997,,,,,415.109
Europe (EI),1998,,,,,446.951
Europe (EI),1999,,,,,523.299
Europe (EI),2000,,,,,556.457
Europe (EI),2001,,,,,576.857
Europe (EI),2002,,,,,611.991
Europe (EI),2003,,,,,669.13
Europe (EI),2004,,,,,717.256
Europe (EI),2005,,,,,776.226
Europe (EI),2006,,,,,789.561
Europe (EI),2007,,,,,857.928
Europe (EI),2008,,,,,910.3
Europe (EI),2009,,,,,846.337
Europe (EI),2010,,,,,884.693
Europe (EI),2011,,,,,830.957
Europe (EI),2012,,,,,709.442
Europe (EI),2013,,,,,634.249
Europe (EI),2014,,,,,596.806
Europe (EI),2015,,,,,612.547
Europe (EI),2016,,,,,716.222
Europe (EI),2017,,,,,787.564
Europe (EI),2018,,,,,732.777
Europe (EI),2019,,,,,780.203
Europe (EI),2020,,,,,765.592
Europe (EI),2021,,,,,799.329
Europe (EI),2022,,,,,750.125
Europe (EI),2023,,,,,644.67
Europe (EI),2024,,,,,588.643
Europe (EIA),1980,,,,,
Europe (EIA),1981,,,,,
Europe (EIA),1982,,,,,
Europe (EIA),1983,,,,,
Europe (EIA),1984,,,,,
Europe (EIA),1985,,,,,
Europe (EIA),1986,,,,,
Europe (EIA),1987,,,,,
Europe (EIA),1988,,,,,
Europe (EIA),1989,,,,,
Europe (EIA),1990,,,,,
Europe (EIA),1991,,,,,
Europe (EIA),1992,,,,,
Europe (EIA),1993,,,,,
Europe (EIA),1994,,,,,
Europe (EIA),1995,,,,,
Europe (EIA),1996,,,,,
Europe (EIA),1997,,,,,
Europe (EIA),1998,,,,,
Europe (EIA),1999,,,,,
Europe (EIA),2000,,,,,
Europe (EIA),2001,,,,,
Europe (EIA),2002,,,,,
Europe (EIA),2003,,,,,
Europe (EIA),2004,,,,,
Europe (EIA),2005,,,,,
Europe (EIA),2006,,,,,
Europe (EIA),2007,,,,,
Europe (EIA),2008,,,,,
Europe (EIA),2009,,,,,
Europe (EIA),2010,,,,,
Europe (EIA),2011,,,,,
Europe (EIA),2012,,,,,
Europe (EIA),2013,,,,,
Europe (EIA),2014,,,,,
Europe (EIA),2015,,,,,
Europe (EIA),2016,,,,,
Europe (EIA),2017,,,,,
Europe (EIA),2018,,,,,
Europe (EIA),2019,,,,,
Europe (EIA),2020,,,,,
Europe (EIA),2021,,,,,
Europe (EIA),2022,,,,,
Europe (EIA),2023,,,,,
Europe (Ember),2000,,,34.71,,953.98
Europe (Ember),2001,,,37.17,,980.76
Europe (Ember),2002,,,42.64,,1026.6
Europe (Ember),2003,,,50.33,,1105.05
Europe (Ember),2004,,,61.23,,1174.98
Europe (Ember),2005,,,71.13,,1250.04
Europe (Ember),2006,,,80.33,,1278.56
Europe (Ember),2007,,,89.29,,1383.34
Europe (Ember),2008,,,99.38,,1441.46
Europe (Ember),2009,,,109.5,,1343.93
Europe (Ember),2010,,,125.59,,1443.2
Europe (Ember),2011,,,134.2,,1389.51
Europe (Ember),2012,,,149.83,,1268.81
Europe (Ember),2013,,,159.84,,1197.04
Europe (Ember),2014,,,169.66,,1166.69
Europe (Ember),2015,,,181.5,,1176.25
Europe (Ember),2016,,,184.45,,1270.94
Europe (Ember),2017,,,189.67,,1336.83
Europe (Ember),2018,,,195.13,,1291.94
Europe (Ember),2019,,,203.08,,1329.75
Europe (Ember),2020,,,209.01,,1264.33
Europe (Ember),2021,,,221.56,,1342.98
Europe (Ember),2022,,,212.45,,1307.92
Europe (Ember),2023,,,202.74,,1203.05
Europe (Ember),2024,,,209.09,,1173.89
Europe (Shift),1900,,,,,
Europe (Shift),1901,,,,,
Europe (Shift),1902,,,,,
Europe (Shift),1903,,,,,
Europe (Shift),1904,,,,,
Europe (Shift),1905,,,,,
Europe (Shift),1906,,,,,
Europe (Shift),1907,,,,,
Europe (Shift),1908,,,,,
Europe (Shift),1909,,,,,
Europe (Shift),1910,,,,,
Europe (Shift),1911,,,,,
Europe (Shift),1912,,,,,
Europe (Shift),1913,,,,,
Europe (Shift),1914,,,,,
Europe (Shift),1915,,,,,
Europe (Shift),1916,,,,,
Europe (Shift),1917,,,,,
Europe (Shift),1918,,,,,
Europe (Shift),1919,,,,,
Europe (Shift),1920,,,,,
Europe (Shift),1921,,,,,
Europe (Shift),1922,,,,,
Europe (Shift),1923,,,,,
Europe (Shift),1924,,,,,
Europe (Shift),1925,,,,,
Europe (Shift),1926,,,,,
Europe (Shift),1927,,,,,
Europe (Shift),1928,,,,,
Europe (Shift),1929,,,,,
Europe (Shift),1930,,,,,
Europe (Shift),1931,,,,,
Europe (Shift),1932,,,,,
Europe (Shift),1933,,,,,
Europe (Shift),1934,,,,,
Europe (Shift),1935,,,,,
Europe (Shift),1936,,,,,
Europe (Shift),1937,,,,,
Europe (Shift),1938,,,,,
Europe (Shift),1939,,,,,
Europe (Shift),1940,,,,,
Europe (Shift),1941,,,,,
Europe (Shift),1942,,,,,
Europe (Shift),1943,,,,,
Europe (Shift),1944,,,,,
Europe (Shift),1945,,,,,
Europe (Shift),1946,,,,,
Europe (Shift),1947,,,,,
Europe (Shift),1948,,,,,
Europe (Shift),1949,,,,,
Europe (Shift),1950,,,,,
Europe (Shift),1951,,,,,
Europe (Shift),1952,,,,,
Europe (Shift),1953,,,,,
Europe (Shift),1954,,,,,
Europe (Shift),1955,,,,,
Europe (Shift),1956,,,,,
Europe (Shift),1957,,,,,
Europe (Shift),1958,,,,,
Europe (Shift),1959,,,,,
Europe (Shift),1960,,,,,
Europe (Shift),1961,,,,,
Europe (Shift),1962,,,,,
Europe (Shift),1963,,,,,
Europe (Shift),1964,,,,,
Europe (Shift),1965,,,,,
Europe (Shift),1966,,,,,
Europe (Shift),1967,,,,,
Europe (Shift),1968,,,,,
Europe (Shift),1969,,,,,
Europe (Shift),1970,,,,,
Europe (Shift),1971,,,,,
Europe (Shift),1972,,,,,
Europe (Shift),1973,,,,,
Europe (Shift),1974,,,,,
Europe (Shift),1975,,,,,
Europe (Shift),1976,,,,,
Europe (Shift),1977,,,,,
Europe (Shift),1978,,,,,
Europe (Shift),1979,,,,,
Europe (Shift),1980,,,,,
Europe (Shift),1981,,,,,
Europe (Shift),1982,,,,,
Europe (Shift),1983,,,,,
Europe (Shift),1984,,,,,
Europe (Shift),1985,,,,,
Europe (Shift),1986,,,,,
Europe (Shift),1987,,,,,
Europe (Shift),1988,,,,,
Europe (Shift),1989,,,,,
Europe (Shift),1990,,,,,
Europe (Shift),1991,,,,,
Europe (Shift),1992,,,,,
Europe (Shift),1993,,,,,
Europe (Shift),1994,,,,,
Europe (Shift),1995,,,,,
Europe (Shift),1996,,,,,
Europe (Shift),1997,,,,,
Europe (Shift),1998,,,,,
Europe (Shift),1999,,,,,
Europe (Shift),2000,,,,,
Europe (Shift),2001,,,,,
Europe (Shift),2002,,,,,
Europe (Shift),2003,,,,,
Europe (Shift),2004,,,,,
Europe (Shift),2005,,,,,
Europe (Shift),2006,,,,,
Europe (Shift),2007,,,,,
Europe (Shift),2008,,,,,
Europe (Shift),2009,,,,,
Europe (Shift),2010,,,,,
Europe (Shift),2011,,,,,
Europe (Shift),2012,,,,,
Europe (Shift),2013,,,,,
Europe (Shift),2014,,,,,
Europe (Shift),2015,,,,,
Europe (Shift),2016,,,,,
European Union (27),1900,,257415020,,,
European Union (27),1901,,259562167,,,
European Union (27),1902,,261767751,,,
European Union (27),1903,,264033728,,,
European Union (27),1904,,266324440,,,
European Union (27),1905,,268640204,,,
European Union (27),1906,,270980336,,,
European Union (27),1907,,273348154,,,
European Union (27),1908,,275740980,,,
European Union (27),1909,,277631784,,,
European Union (27),1910,,279019273,,,
European Union (27),1911,,279892071,,,
European Union (27),1912,,280250712,,,
European Union (27),1913,,280103635,,,
European Union (27),1914,,279968769,,,
European Union (27),1915,,279788994,,,
European Union (27),1916,,279556193,,,
European Union (27),1917,,279307254,,,
European Union (27),1918,,279042019,,,
European Union (27),1919,,279327938,,,
European Union (27),1920,,280263182,,,
European Union (27),1921,,281680003,,,
European Union (27),1922,,283699724,,,
European Union (27),1923,,286211757,,,
European Union (27),1924,,288744006,,,
European Union (27),1925,,291313770,,,
European Union (27),1926,,293890347,,,
European Union (27),1927,,296473053,,,
European Union (27),1928,,299082193,,,
European Union (27),1929,,301561427,,,
European Union (27),1930,,303913948,,,
European Union (27),1931,,306140917,,,
European Union (27),1932,,308230471,,,
European Union (27),1933,,310179704,,,
European Union (27),1934,,312140351,,,
European Union (27),1935,,314110578,,,
European Union (27),1936,,316091553,,,
European Union (27),1937,,318086440,,,
European Union (27),1938,,320071417,,,
European Union (27),1939,,322005799,,,
European Union (27),1940,,323473957,,,
European Union (27),1941,,324566188,,,
European Union (27),1942,,325323755,,,
European Union (27),1943,,325846842,,,
European Union (27),1944,,326482451,,,
European Union (27),1945,,326647466,,,
European Union (27),1946,,326077787,,,
European Union (27),1947,,325939306,,,
European Union (27),1948,,326641296,,,
European Union (27),1949,,327731799,,,
European Union (27),1950,,328139848,,,
European Union (27),1951,,330569548,,,
European Union (27),1952,,332995709,,,
European Union (27),1953,,335659115,,,
European Union (27),1954,,338440576,,,
European Union (27),1955,,341203664,,,
European Union (27),1956,,343895759,,,
European Union (27),1957,,346772757,,,
European Union (27),1958,,349930203,,,
European Union (27),1959,,352992953,,,
European Union (27),1960,,355933721,,,
European Union (27),1961,,358836286,,,
European Union (27),1962,,361790862,,,
European Union (27),1963,,364808681,,,
European Union (27),1964,,367854449,,,
European Union (27),1965,,370867295,,25491.854,
European Union (27),1966,,373786470,,26151.709,
European Union (27),1967,,376493999,,26862.535,
European Union (27),1968,,379165174,,28560.498,
European Union (27),1969,,381993928,,30689.652,
European Union (27),1970,,384384505,,32724.965,
European Union (27),1971,,386827088,,33531.629,
European Union (27),1972,,389707312,,35072.176,
European Union (27),1973,,392415698,,36817.883,
European Union (27),1974,,394860422,,36227.32,
European Union (27),1975,,396893070,,35871.215,
European Union (27),1976,,398786968,,37915.004,
European Union (27),1977,,400767772,,38331.648,
European Union (27),1978,,402652099,,39670.73,
European Union (27),1979,,404555048,,40912.074,
European Union (27),1980,,406687010,,40042.508,
European Union (27),1981,,408606098,,38682.406,
European Union (27),1982,,410027897,,37644.039,
European Union (27),1983,,411187479,,37696.652,
European Union (27),1984,,412217985,,38752.234,
European Union (27),1985,,413267718,,40635.008,166.128
European Union (27),1986,,414423600,,41098.625,169.556
European Union (27),1987,,415621386,,41856.633,176.87
European Union (27),1988,,416955480,,42072.285,176.543
European Union (27),1989,,418482241,,42027.77,193.123
European Union (27),1990,,419997519,,42236.855,183.821
European Union (27),1991,,421419173,,41738.973,183.524
European Union (27),1992,,422863649,,40893.453,172.892
European Union (27),1993,,424104740,,40479.105,177.749
European Union (27),1994,,425189040,,40251.332,187.209
European Union (27),1995,,425847857,,41272.961,201.997
European Union (27),1996,,426181943,,42531.41,227.554
European Union (27),1997,,426651685,,42232.824,248.512
European Union (27),1998,,426655455,,42519.074,272.441
European Union (27),1999,,426830677,,42219.863,311.25
European Union (27),2000,,427627361,30.11,42152.547,328.19
European Union (27),2001,,428578326,31.9,42831.566,351.41
European Union (27),2002,,429890525,36.8,42495.633,374.6
European Union (27),2003,,431461841,43.16,43114.438,418.9
European Union (27),2004,,433058605,52.76,43589.746,458.48
European Union (27),2005,,434557134,61,43446.66,512.54
European Union (27),2006,,435683170,69.86,43630.258,540.05
European Union (27),2007,,436994510,78.43,42978.031,571.96
European Union (27),2008,,438548227,88.09,42686.719,611.65
European Union (27),2009,,439690812,97.24,39994.953,564.03
European Union (27),2010,,440608965,111.47,41552.496,587.36
European Union (27),2011,,441440625,118.98,40250.637,556.85
European Union (27),2012,,441999248,132.87,39750.688,482.7
European Union (27),2013,,442399413,139.13,39406.918,413.43
European Union (27),2014,,442964758,144.25,38087.949,355.41
European Union (27),2015,,443910920,149.37,38463.242,394.92
European Union (27),2016,,444911502,151.09,38749.664,464.78
European Union (27),2017,,445696788,153.64,39405.625,523.62
European Union (27),2018,,446503671,155.46,39203.527,488.95
European Union (27),2019,,447369201,159.65,38573.789,568.62
European Union (27),2020,,447777523,162.59,35620.055,559.7
European Union (27),2021,,447705920,171.56,37538.043,547.04
European Union (27),2022,,449113463,165.27,35959.094,533.96
European Union (27),2023,,450657572,157.38,34828.492,454.83
European Union (27),2024,,450259560,,35317.984,
Falkland Islands,1980,FLK,2271,,22833.568,
Falkland Islands,1981,FLK,2268,,22801.305,
Falkland Islands,1982,FLK,2270,,22781.215,
Falkland Islands,1983,FLK,2268,,22801.305,
Falkland Islands,1984,FLK,2265,,22894.055,
Falkland Islands,1985,FLK,2259,,28615.18,
Falkland Islands,1986,FLK,2261,,22117.123,
Falkland Islands,1987,FLK,2280,,21932.812,
Falkland Islands,1988,FLK,2308,,37704.32,
Falkland Islands,1989,FLK,2339,,53279.672,
Falkland Islands,1990,FLK,2368,,26313.588,
Falkland Islands,1991,FLK,2417,,25780.131,
Falkland Islands,1992,FLK,2503,,24962.561,
Falkland Islands,1993,FLK,2596,,24002.533,
Falkland Islands,1994,FLK,2687,,23189.645,
Falkland Islands,1995,FLK,2789,,44683.094,
Falkland Islands,1996,FLK,2871,,26236.92,
Falkland Islands,1997,FLK,2929,,46931.133,
Falkland Islands,1998,FLK,2995,,25092.059,
Falkland Islands,1999,FLK,3055,,24600.855,
Falkland Islands,2000,FLK,3119,0,36974.605,0
Falkland Islands,2001,FLK,3167,0,40435.441,0
Falkland Islands,2002,FLK,3193,0,44129.062,0
Falkland Islands,2003,FLK,3212,0,47864.055,0
Falkland Islands,2004,FLK,3230,0,51574.113,0
Falkland Islands,2005,FLK,3242,0,51383.215,0
Falkland Islands,2006,FLK,3254,0,59054.91,0
Falkland Islands,2007,FLK,3249,0,59145.789,0
Falkland Islands,2008,FLK,3244,0,59761,0
Falkland Islands,2009,FLK,3233,0,59964.332,0
Falkland Islands,2010,FLK,3218,0,56021.105,0
Falkland Islands,2011,FLK,3205,0,54974.348,0
Falkland Islands,2012,FLK,3223,0,56169.82,0
Falkland Islands,2013,FLK,3291,0,55009.215,0
Falkland Islands,2014,FLK,3362,0,53847.508,0
Falkland Islands,2015,FLK,3432,0,54723.48,0
Falkland Islands,2016,FLK,3499,0,55943.039,0
Falkland Islands,2017,FLK,3541,0,52980.16,0
Falkland Islands,2018,FLK,3549,0,42047.379,0
Falkland Islands,2019,FLK,3541,0,43732.285,0
Falkland Islands,2020,FLK,3537,0,45670.746,0
Falkland Islands,2021,FLK,3524,0,44464.52,0
Falkland Islands,2022,FLK,3515,0,45204.711,0
Falkland Islands,2023,FLK,3498,,44927.57,
Faroe Islands,1980,FRO,43092,,1137.102,
Faroe Islands,1981,FRO,43653,,1122.489,
Faroe Islands,1982,FRO,44193,,1108.773,
Faroe Islands,1983,FRO,44696,,1096.295,
Faroe Islands,1984,FRO,45168,,1084.839,
Faroe Islands,1985,FRO,45599,,49026.094,
Faroe Islands,1986,FRO,46028,,46283.719,
Faroe Islands,1987,FRO,46486,,47536.938,
Faroe Islands,1988,FRO,46981,,49061.465,
Faroe Islands,1989,FRO,47536,,53054.969,
Faroe Islands,1990,FRO,47525,,58111.695,
Faroe Islands,1991,FRO,46839,,54151.16,
Faroe Islands,1992,FRO,46043,,55193.527,
Faroe Islands,1993,FRO,45160,,55315.523,
Faroe Islands,1994,FRO,44195,,57982.609,
Faroe Islands,1995,FRO,43863,,62811.184,
Faroe Islands,1996,FRO,44203,,62541.395,
Faroe Islands,1997,FRO,44568,,61986.805,
Faroe Islands,1998,FRO,44920,,61534.535,
Faroe Islands,1999,FRO,45242,,60941.172,
Faroe Islands,2000,FRO,45687,0,66991.57,0
Faroe Islands,2001,FRO,46262,0,73115.352,0
Faroe Islands,2002,FRO,46852,0,69818.109,0
Faroe Islands,2003,FRO,47448,0,69047.695,0
Faroe Islands,2004,FRO,48041,0,69676.703,0
Faroe Islands,2005,FRO,48386,0,67423.703,0
Faroe Islands,2006,FRO,48456,0,66438.359,0
Faroe Islands,2007,FRO,48498,0,69226.156,0
Faroe Islands,2008,FRO,48528,0,64121.266,0
Faroe Islands,2009,FRO,48512,0,59341.211,0
Faroe Islands,2010,FRO,48191,0,63168.363,0
Faroe Islands,2011,FRO,47957,0,59551.445,0
Faroe Islands,2012,FRO,48113,0,60721,0
Faroe Islands,2013,FRO,48297,0,66176.43,0
Faroe Islands,2014,FRO,48515,0,59955.434,0
Faroe Islands,2015,FRO,48916,0,63065.277,0
Faroe Islands,2016,FRO,49554,0,63143.918,0
Faroe Islands,2017,FRO,50268,0,70292.406,0
Faroe Islands,2018,FRO,51062,0,71303.797,0
Faroe Islands,2019,FRO,51868,0,61618.391,0
Faroe Islands,2020,FRO,52615,0,62371.746,0
Faroe Islands,2021,FRO,53324,0.01,64000.141,0
Faroe Islands,2022,FRO,54039,0,59090,0
Faroe Islands,2023,FRO,54738,,58450.113,
Fiji,1980,FJI,641985,,6898.8,
Fiji,1981,FJI,657473,,6878.086,
Fiji,1982,FJI,673422,,6665.295,
Fiji,1983,FJI,689845,,5396.205,
Fiji,1984,FJI,706722,,5218.614,
Fiji,1985,FJI,723767,,5130.574,
Fiji,1986,FJI,739320,,6048.629,
Fiji,1987,FJI,750551,,4938.846,
Fiji,1988,FJI,758707,,4903.707,
Fiji,1989,FJI,766331,,5639.719,
Fiji,1990,FJI,773325,,6010.069,
Fiji,1991,FJI,779666,,5078.917,
Fiji,1992,FJI,785349,,5245.833,
Fiji,1993,FJI,790380,,5538.6,
Fiji,1994,FJI,794779,,5637.352,
Fiji,1995,FJI,798750,,6064.011,
Fiji,1996,FJI,803788,,6191.277,
Fiji,1997,FJI,812145,,6114.988,
Fiji,1998,FJI,822259,,5864.072,
Fiji,1999,FJI,831835,,6300.438,
Fiji,2000,FJI,840913,0.13,8367.793,0
Fiji,2001,FJI,849606,0.13,8554.315,0
Fiji,2002,FJI,858057,0.13,6991.956,0
Fiji,2003,FJI,866297,0.13,7978.872,0
Fiji,2004,FJI,874369,0.13,10608.364,0
Fiji,2005,FJI,882384,0.13,8964.338,0
Fiji,2006,FJI,890370,0.13,9767.231,0
Fiji,2007,FJI,897843,0.09,8910.277,0
Fiji,2008,FJI,903403,0.05,6637.704,0
Fiji,2009,FJI,907248,0.04,5664.729,0
Fiji,2010,FJI,910427,0.04,8167.133,0
Fiji,2011,FJI,912991,0.04,6010.798,0
Fiji,2012,FJI,914920,0.04,5984.579,0
Fiji,2013,FJI,916359,0.04,6376.978,0
Fiji,2014,FJI,917589,0.04,6948.417,0
Fiji,2015,FJI,918585,0.04,7342.964,0
Fiji,2016,FJI,919167,0.02,7074.659,0
Fiji,2017,FJI,918762,0.01,7706.579,0
Fiji,2018,FJI,917185,0.08,7881.906,0
Fiji,2019,FJI,914906,0.09,7821.997,0
Fiji,2020,FJI,914971,0.11,5580.694,0
Fiji,2021,FJI,916718,0.1,6232.943,0
Fiji,2022,FJI,919428,0.04,6902.252,0
Fiji,2023,FJI,924150,0.12,7436.558,0
Finland,1965,FIN,4564150,,25284.799,
Finland,1966,FIN,4581446,,28673.293,
Finland,1967,FIN,4606642,,30011.488,
Finland,1968,FIN,4627352,,32422.615,
Finland,1969,FIN,4624083,,35665.551,
Finland,1970,FIN,4606308,,39447.762,
Finland,1971,FIN,4612135,,40454.449,
Finland,1972,FIN,4639548,,42398.668,
Finland,1973,FIN,4665909,,46460.086,
Finland,1974,FIN,4690366,,44333.281,
Finland,1975,FIN,4711172,,44840.5,
Finland,1976,FIN,4725340,,47412.434,
Finland,1977,FIN,4738581,,50002.754,
Finland,1978,FIN,4752243,,51748.449,
Finland,1979,FIN,4764437,,55798.055,
Finland,1980,FIN,4779358,,55376.215,
Finland,1981,FIN,4799849,,55674.742,
Finland,1982,FIN,4826884,,54671.609,
Finland,1983,FIN,4855791,,53825.727,
Finland,1984,FIN,4881827,,55786.504,
Finland,1985,FIN,4902262,,58287.605,
Finland,1986,FIN,4918256,,58766.078,
Finland,1987,FIN,4932257,,61695.867,
Finland,1988,FIN,4946629,,61114.07,
Finland,1989,FIN,4964525,,61156.637,
Finland,1990,FIN,4986576,5.16,64823.824,4.66
Finland,1991,FIN,5013889,5,65968.336,4.95
Finland,1992,FIN,5042145,4.95,65383.906,5.18
Finland,1993,FIN,5066594,5.96,65628.07,5.55
Finland,1994,FIN,5088454,6.47,68592.805,6.43
Finland,1995,FIN,5107919,6.61,65141.914,6.63
Finland,1996,FIN,5124715,5.89,67804.508,8.51
Finland,1997,FIN,5139927,7.89,68557.547,6.88
Finland,1998,FIN,5153545,9.33,70678.422,8.82
Finland,1999,FIN,5165516,8.36,69141.047,9.54
Finland,2000,FIN,5176197,8.64,69377.148,10.13
Finland,2001,FIN,5187970,8.27,70720.078,11.69
Finland,2002,FIN,5200548,8.99,70909.469,11.63
Finland,2003,FIN,5212958,9.38,75758.852,13.85
Finland,2004,FIN,5228147,10.44,75218.609,12.75
Finland,2005,FIN,5246078,9.51,68155.234,11.23
Finland,2006,FIN,5266248,10.81,72824.57,12.32
Finland,2007,FIN,5288715,9.95,72265.656,10.56
Finland,2008,FIN,5313379,10.4,69352.391,11.03
Finland,2009,FIN,5338854,8.73,63925.277,9.82
Finland,2010,FIN,5363347,10.97,69227.406,11.26
Finland,2011,FIN,5388236,11.24,64942.016,9.45
Finland,2012,FIN,5413978,11.2,62885.137,6.73
Finland,2013,FIN,5439057,12.01,62841.867,6.79
Finland,2014,FIN,5461686,11.76,60388.477,5.52
Finland,2015,FIN,5479719,11.42,60020.109,5.2
Finland,2016,FIN,5495468,11.52,60792.52,3.74
Finland,2017,FIN,5508398,11.86,59403.098,3.3
Finland,2018,FIN,5515730,12.91,60525.258,4.2
Finland,2019,FIN,5521754,13.29,59218.777,3.85
Finland,2020,FIN,5529616,11.57,56776.078,3.99
Finland,2021,FIN,5541069,13.58,57854.73,3.83
Finland,2022,FIN,5569300,12.76,57499.422,0.96
Finland,2023,FIN,5601185,11.34,59655.676,0.66
Finland,2024,FIN,5617311,10.39,59564.754,0.82
France,1900,FRA,40019136,,,
France,1901,FRA,40067484,,,
France,1902,FRA,40116538,,,
France,1903,FRA,40166299,,,
France,1904,FRA,40216118,,,
France,1905,FRA,40265996,,,
France,1906,FRA,40315932,,,
France,1907,FRA,40365927,,,
France,1908,FRA,40415980,,,
France,1909,FRA,40408851,,,
France,1910,FRA,40344819,,,
France,1911,FRA,40224160,,,
France,1912,FRA,40047151,,,
France,1913,FRA,39814066,,,
France,1914,FRA,39582334,,,
France,1915,FRA,39351947,,,
France,1916,FRA,39122898,,,
France,1917,FRA,38895178,,,
France,1918,FRA,38680067,,,
France,1919,FRA,38558175,,,
France,1920,FRA,38529587,,,
France,1921,FRA,38594388,,,
France,1922,FRA,38752667,,,
France,1923,FRA,39004517,,,
France,1924,FRA,39258004,,,
France,1925,FRA,39513139,,,
France,1926,FRA,39769931,,,
France,1927,FRA,40028393,,,
France,1928,FRA,40288534,,,
France,1929,FRA,40485273,,,
France,1930,FRA,40618294,,,
France,1931,FRA,40687278,,,
France,1932,FRA,40691906,,,
France,1933,FRA,40631855,,,
France,1934,FRA,40571892,,,
France,1935,FRA,40512018,,,
France,1936,FRA,40452232,,,
France,1937,FRA,40392535,,,
France,1938,FRA,40332925,,,
France,1939,FRA,40314566,,,
France,1940,FRA,40337546,,,
France,1941,FRA,40401955,,,
France,1942,FRA,40507882,,,
France,1943,FRA,40655418,,,
France,1944,FRA,40803492,,,
France,1945,FRA,40952105,,,
France,1946,FRA,41101259,,,
France,1947,FRA,41250956,,,
France,1948,FRA,41401199,,,
France,1949,FRA,41598134,,,
France,1950,FRA,41883122,,,
France,1951,FRA,42333662,,,
France,1952,FRA,42780274,,,
France,1953,FRA,43227873,,,
France,1954,FRA,43676898,,,
France,1955,FRA,44136093,,,
France,1956,FRA,44588525,,,
France,1957,FRA,45036374,,,
France,1958,FRA,45493502,,,
France,1959,FRA,45963766,,,
France,1960,FRA,46428136,,,
France,1961,FRA,46893841,,,
France,1962,FRA,47352626,,,
France,1963,FRA,47817823,,,
France,1964,FRA,48319087,,,
France,1965,FRA,48772824,,27621.375,
France,1966,FRA,49184651,,27989.49,
France,1967,FRA,49574907,,29488.369,
France,1968,FRA,49947252,,30803.596,
France,1969,FRA,50355300,,33594.562,
France,1970,FRA,50813071,,36046.105,
France,1971,FRA,51293056,,36952.41,
France,1972,FRA,51743877,,38999.477,
France,1973,FRA,52162210,,42016.352,
France,1974,FRA,52504744,,40974.973,
France,1975,FRA,52746324,,38564.234,
France,1976,FRA,52959120,,40678.547,
France,1977,FRA,53197133,,41310.926,
France,1978,FRA,53429668,,42640.688,
France,1979,FRA,53660898,,43657.156,
France,1980,FRA,53941061,,43146.258,
France,1981,FRA,54255004,,42266.633,
France,1982,FRA,54582405,,40498.457,
France,1983,FRA,54889407,,41171.859,
France,1984,FRA,55176626,,42383.414,
France,1985,FRA,55467153,,43547.309,3.153
France,1986,FRA,55752833,,44341.496,2.85
France,1987,FRA,56048366,,45104.48,2.436
France,1988,FRA,56361846,,45446.906,2.414
France,1989,FRA,56685081,,45749.082,2.974
France,1990,FRA,56990239,1.41,46496.09,3.03
France,1991,FRA,57271564,1.59,49486.617,3.05
France,1992,FRA,57554867,1.62,49655.938,3.18
France,1993,FRA,57801261,1.48,49374.152,3.5
France,1994,FRA,57999868,1.66,48702.859,3.63
France,1995,FRA,58192207,1.82,49906.992,3.84
France,1996,FRA,58380638,1.93,51598.414,4.12
France,1997,FRA,58568662,2.16,50635.941,4.9
France,1998,FRA,58778817,2.13,51672.051,4.97
France,1999,FRA,59084209,2.34,52095.41,7.7
France,2000,FRA,59483716,2.48,52416.18,11.51
France,2001,FRA,59905131,2.85,52467.066,15.15
France,2002,FRA,60327247,3.04,51700.012,18.37
France,2003,FRA,60741119,3.23,51909.512,19.37
France,2004,FRA,61175244,3.31,51983.934,21.05
France,2005,FRA,61625031,3.39,51181.785,23.07
France,2006,FRA,62049831,3.38,50426.094,21.76
France,2007,FRA,62432438,3.75,49265.891,21.99
France,2008,FRA,62780187,3.97,49137.234,21.88
France,2009,FRA,63106460,4.13,46095.289,20.5
France,2010,FRA,63417366,4.44,47325.062,23.76
France,2011,FRA,63733776,5.04,45465.84,29.49
France,2012,FRA,64058465,5.3,45190.879,22.75
France,2013,FRA,64387736,5.68,45428.73,18.39
France,2014,FRA,64692495,5.99,43247.398,13.16
France,2015,FRA,64916337,6.53,43493.316,21.14
France,2016,FRA,65086853,7.52,42506.238,34.97
France,2017,FRA,65284775,7.78,42218.559,40.5
France,2018,FRA,65519537,8.38,42589.262,30.55
France,2019,FRA,65729460,8.64,41554.387,39.24
France,2020,FRA,65905273,8.76,37087.555,35.25
France,2021,FRA,66083547,9.58,39307.219,33.31
France,2022,FRA,66277412,9.67,34796.047,45.74
France,2023,FRA,66438828,10.48,36221.496,30.02
France,2024,FRA,66548532,11.44,37865.609,18.1
French Guiana,1980,GUF,66366,,22827.504,
French Guiana,1981,GUF,68956,,19280.861,
French Guiana,1982,GUF,72287,,22572.486,
French Guiana,1983,GUF,76583,,22095.381,
French Guiana,1984,GUF,81259,,16406.475,
French Guiana,1985,GUF,86115,,15439.019,
French Guiana,1986,GUF,91170,,17087.75,
French Guiana,1987,GUF,96427,,18453.33,
French Guiana,1988,GUF,101883,,20069.123,
French Guiana,1989,GUF,107580,,21857.721,
French Guiana,1990,GUF,112699,,24918.684,
French Guiana,1991,GUF,116988,,26367.818,
French Guiana,1992,GUF,121257,,20984.914,
French Guiana,1993,GUF,125658,,27003.998,
French Guiana,1994,GUF,130128,,26076.389,
French Guiana,1995,GUF,134644,,29387.615,
French Guiana,1996,GUF,139180,,28022.633,
French Guiana,1997,GUF,143736,,27528.705,
French Guiana,1998,GUF,148390,,26665.314,
French Guiana,1999,GUF,153752,,25735.385,
French Guiana,2000,GUF,160633,,14010.68,
French Guiana,2001,GUF,168544,,18087.426,
French Guiana,2002,GUF,176719,,15538.345,
French Guiana,2003,GUF,185101,,18067.742,
French Guiana,2004,GUF,193656,,17118.662,
French Guiana,2005,GUF,202452,,16191.794,
French Guiana,2006,GUF,210976,,14075.736,
French Guiana,2007,GUF,219123,,15042.635,
French Guiana,2008,GUF,226106,,14792.063,
French Guiana,2009,GUF,230715,,17953.27,
French Guiana,2010,GUF,234578,0.01,16357.027,
French Guiana,2011,GUF,239525,0.01,14023.606,
French Guiana,2012,GUF,245784,0.01,0,
French Guiana,2013,GUF,253250,0.01,0,
French Guiana,2014,GUF,260564,0.01,0,
French Guiana,2015,GUF,266377,0.01,0,
French Guiana,2016,GUF,271278,0.01,0,
French Guiana,2017,GUF,276158,0.01,0,
French Guiana,2018,GUF,280972,0.01,0,
French Guiana,2019,GUF,285574,0.01,0,
French Guiana,2020,GUF,289063,0.02,0,
French Guiana,2021,GUF,293023,0.05,0,
French Guiana,2022,GUF,298319,0.05,0,
French Guiana,2023,GUF,303408,,0,
French Polynesia,1980,PYF,156485,,5808.398,
French Polynesia,1981,PYF,161519,,8605.059,
French Polynesia,1982,PYF,166650,,10878.413,
French Polynesia,1983,PYF,171758,,14166.347,
French Polynesia,1984,PYF,176480,,20737.244,
French Polynesia,1985,PYF,181003,,17537.49,
French Polynesia,1986,PYF,185685,,21737.688,
French Polynesia,1987,PYF,190462,,21417.863,
French Polynesia,1988,PYF,195208,,20731.762,
French Polynesia,1989,PYF,199650,,20471.988,
French Polynesia,1990,PYF,203780,,18903.305,
French Polynesia,1991,PYF,207755,,18653.018,
French Polynesia,1992,PYF,211570,,17224.73,
French Polynesia,1993,PYF,215229,,16905.676,
French Polynesia,1994,PYF,218747,,13251.755,
French Polynesia,1995,PYF,222128,,13706.628,
French Polynesia,1996,PYF,225500,,13322.61,
French Polynesia,1997,PYF,229132,,13322.563,
French Polynesia,1998,PYF,232898,,13184.423,
French Polynesia,1999,PYF,236606,,12707.331,
French Polynesia,2000,PYF,240346,0,13868.741,0
French Polynesia,2001,PYF,244107,0,15148.185,0
French Polynesia,2002,PYF,247785,0,15723.746,0
French Polynesia,2003,PYF,251650,0,16663.971,0
French Polynesia,2004,PYF,255663,0,16134.95,0
French Polynesia,2005,PYF,259517,0,16605.646,0
French Polynesia,2006,PYF,263234,0,16040.549,0
French Polynesia,2007,PYF,266448,0,16722.227,0
French Polynesia,2008,PYF,268390,0,17011.865,0
French Polynesia,2009,PYF,269494,0,16860.293,0
French Polynesia,2010,PYF,270590,0,17059.221,0
French Polynesia,2011,PYF,271734,0,16200.954,0
French Polynesia,2012,PYF,273092,0,15657.83,0
French Polynesia,2013,PYF,274736,0,15599.588,0
French Polynesia,2014,PYF,276391,0,15258.123,0
French Polynesia,2015,PYF,277877,0,15853.955,0
French Polynesia,2016,PYF,279180,0,15581.958,0
French Polynesia,2017,PYF,280096,0,15126.788,0
French Polynesia,2018,PYF,279823,0,12265.872,0
French Polynesia,2019,PYF,279040,0,12399.256,0
French Polynesia,2020,PYF,279218,0,11561.682,0
French Polynesia,2021,PYF,279808,0,9224.391,0
French Polynesia,2022,PYF,280388,0,14728.801,0
French Polynesia,2023,PYF,281125,,15488.102,
G20 (Ember),2000,,,144.57,,2099.68
G20 (Ember),2001,,,138.31,,2190.52
G20 (Ember),2002,,,151.05,,2325.82
G20 (Ember),2003,,,162.53,,2414.25
G20 (Ember),2004,,,177.03,,2575.69
G20 (Ember),2005,,,197.66,,2695.73
G20 (Ember),2006,,,210.63,,2873.61
G20 (Ember),2007,,,230.76,,3132.2
G20 (Ember),2008,,,247.05,,3220.91
G20 (Ember),2009,,,265.39,,3208.55
G20 (Ember),2010,,,303.33,,3493.49
G20 (Ember),2011,,,318.91,,3577.33
G20 (Ember),2012,,,345.23,,3783.13
G20 (Ember),2013,,,374.81,,3641.68
G20 (Ember),2014,,,409.38,,3683.19
G20 (Ember),2015,,,435.89,,3909.78
G20 (Ember),2016,,,443.44,,4144.98
G20 (Ember),2017,,,467.92,,4210.66
G20 (Ember),2018,,,495.01,,4371.1
G20 (Ember),2019,,,521.37,,4511.73
G20 (Ember),2020,,,555.53,,4497.93
G20 (Ember),2021,,,605.56,,4586.8
G20 (Ember),2022,,,620.81,,4592.6
G20 (Ember),2023,,,632.35,,4638.81
G20 (Ember),2024,,,651.66,,4767.1
G7 (Ember),2000,,,97.84,,1219.47
G7 (Ember),2001,,,89.25,,1254.69
G7 (Ember),2002,,,96.84,,1308.96
G7 (Ember),2003,,,102.36,,1309.88
G7 (Ember),2004,,,106.92,,1379.02
G7 (Ember),2005,,,117,,1448.16
G7 (Ember),2006,,,122.04,,1532.36
G7 (Ember),2007,,,129.68,,1674.39
G7 (Ember),2008,,,131.91,,1706.79
G7 (Ember),2009,,,137.05,,1705.6
G7 (Ember),2010,,,148.28,,1807.55
G7 (Ember),2011,,,154.06,,1862.31
G7 (Ember),2012,,,166.39,,2052.63
G7 (Ember),2013,,,181.45,,1898.85
G7 (Ember),2014,,,193.04,,1910.86
G7 (Ember),2015,,,207.62,,2112.33
G7 (Ember),2016,,,205.81,,2287.45
G7 (Ember),2017,,,207.65,,2225.68
G7 (Ember),2018,,,211.54,,2357.64
G7 (Ember),2019,,,211.28,,2479.73
G7 (Ember),2020,,,213.37,,2485.04
G7 (Ember),2021,,,217.34,,2439.04
G7 (Ember),2022,,,210.93,,2547.71
G7 (Ember),2023,,,210.86,,2583.28
G7 (Ember),2024,,,221.51,,2627.14
Gabon,1900,GAB,369735,,,
Gabon,1901,GAB,366870,,,
Gabon,1902,GAB,363658,,,
Gabon,1903,GAB,360105,,,
Gabon,1904,GAB,356586,,,
Gabon,1905,GAB,353102,,,
Gabon,1906,GAB,349652,,,
Gabon,1907,GAB,346236,,,
Gabon,1908,GAB,342853,,,
Gabon,1909,GAB,339771,,,
Gabon,1910,GAB,336988,,,
Gabon,1911,GAB,334497,,,
Gabon,1912,GAB,332295,,,
Gabon,1913,GAB,330377,,,
Gabon,1914,GAB,328471,,,
Gabon,1915,GAB,326576,,,
Gabon,1916,GAB,324691,,,
Gabon,1917,GAB,322817,,,
Gabon,1918,GAB,320880,,,
Gabon,1919,GAB,320160,,,
Gabon,1920,GAB,320664,,,
Gabon,1921,GAB,322401,,,
Gabon,1922,GAB,325381,,,
Gabon,1923,GAB,329610,,,
Gabon,1924,GAB,333895,,,
Gabon,1925,GAB,338236,,,
Gabon,1926,GAB,342633,,,
Gabon,1927,GAB,347087,,,
Gabon,1928,GAB,351599,,,
Gabon,1929,GAB,356098,,,
Gabon,1930,GAB,360582,,,
Gabon,1931,GAB,365051,,,
Gabon,1932,GAB,369503,,,
Gabon,1933,GAB,373937,,,
Gabon,1934,GAB,378424,,,
Gabon,1935,GAB,382965,,,
Gabon,1936,GAB,387561,,,
Gabon,1937,GAB,392211,,,
Gabon,1938,GAB,396918,,,
Gabon,1939,GAB,402006,,,
Gabon,1940,GAB,407486,,,
Gabon,1941,GAB,413366,,,
Gabon,1942,GAB,419659,,,
Gabon,1943,GAB,426374,,,
Gabon,1944,GAB,433196,,,
Gabon,1945,GAB,440127,,,
Gabon,1946,GAB,447169,,,
Gabon,1947,GAB,454323,,,
Gabon,1948,GAB,461593,,,
Gabon,1949,GAB,467794,,,
Gabon,1950,GAB,472843,,,
Gabon,1951,GAB,475640,,,
Gabon,1952,GAB,478588,,,
Gabon,1953,GAB,481760,,,
Gabon,1954,GAB,485163,,,
Gabon,1955,GAB,488818,,,
Gabon,1956,GAB,492790,,,
Gabon,1957,GAB,497074,,,
Gabon,1958,GAB,501738,,,
Gabon,1959,GAB,506813,,,
Gabon,1960,GAB,512324,,,
Gabon,1961,GAB,518275,,,
Gabon,1962,GAB,524656,,,
Gabon,1963,GAB,531459,,,
Gabon,1964,GAB,538665,,,
Gabon,1965,GAB,546320,,,
Gabon,1966,GAB,554471,,,
Gabon,1967,GAB,563114,,,
Gabon,1968,GAB,572267,,,
Gabon,1969,GAB,583284,,,
Gabon,1970,GAB,595856,,,
Gabon,1971,GAB,608355,,,
Gabon,1972,GAB,620968,,,
Gabon,1973,GAB,634003,,,
Gabon,1974,GAB,647699,,,
Gabon,1975,GAB,662205,,,
Gabon,1976,GAB,677631,,,
Gabon,1977,GAB,693994,,,
Gabon,1978,GAB,711250,,,
Gabon,1979,GAB,729380,,,
Gabon,1980,GAB,748395,,10435.528,
Gabon,1981,GAB,768394,,10977.211,
Gabon,1982,GAB,789291,,9962.021,
Gabon,1983,GAB,811007,,13292.285,
Gabon,1984,GAB,833501,,11557.219,
Gabon,1985,GAB,856737,,9385.534,
Gabon,1986,GAB,880706,,8018.981,
Gabon,1987,GAB,905481,,9261.977,
Gabon,1988,GAB,931023,,9606.855,
Gabon,1989,GAB,957147,,11925.648,
Gabon,1990,GAB,983740,,11399.191,
Gabon,1991,GAB,1010821,,11434.392,
Gabon,1992,GAB,1038386,,11476.847,
Gabon,1993,GAB,1066404,,10528.746,
Gabon,1994,GAB,1094724,,10494.637,
Gabon,1995,GAB,1123212,,9420.98,
Gabon,1996,GAB,1152018,,9666.835,
Gabon,1997,GAB,1181445,,9915.773,
Gabon,1998,GAB,1211744,,9408.873,
Gabon,1999,GAB,1243023,,10754.983,
Gabon,2000,GAB,1275578,0.01,7757.792,0.23
Gabon,2001,GAB,1309594,0.01,8111.225,0.31
Gabon,2002,GAB,1345142,0.01,7863.207,0.33
Gabon,2003,GAB,1382354,0.01,7451.31,0.35
Gabon,2004,GAB,1421620,0.01,7436.644,0.32
Gabon,2005,GAB,1463503,0.01,7924.967,0.33
Gabon,2006,GAB,1508338,0.01,7758.772,0.33
Gabon,2007,GAB,1556242,0.01,7646.167,0.34
Gabon,2008,GAB,1607182,0.01,7469.989,0.5
Gabon,2009,GAB,1661567,0.01,7094.377,0.64
Gabon,2010,GAB,1719883,0.01,8195.28,0.81
Gabon,2011,GAB,1781987,0.01,8191.303,0.96
Gabon,2012,GAB,1846893,0.01,10072.727,0.95
Gabon,2013,GAB,1913061,0.01,9807.213,0.84
Gabon,2014,GAB,1978400,0.01,10070.404,0.94
Gabon,2015,GAB,2040990,0.01,9274.061,0.98
Gabon,2016,GAB,2100310,0.01,8849.8,1.15
Gabon,2017,GAB,2156902,0.01,9252.113,1.11
Gabon,2018,GAB,2212320,0.01,7434.919,1.08
Gabon,2019,GAB,2267711,0.01,6705.384,1.1
Gabon,2020,GAB,2322538,0.01,6889.859,1.1
Gabon,2021,GAB,2376729,0.01,6809.154,1.11
Gabon,2022,GAB,2430750,0.01,6504.104,1.12
Gabon,2023,GAB,2484790,0.01,6477.258,1.12
Gabon,2024,GAB,2538953,,,
Gambia,1980,GMB,713921,,917.127,
Gambia,1981,GMB,739132,,883.424,
Gambia,1982,GMB,765759,,852.706,
Gambia,1983,GMB,794528,,821.83,
Gambia,1984,GMB,825634,,865.128,
Gambia,1985,GMB,858879,,829.369,
Gambia,1986,GMB,894019,,720.22,
Gambia,1987,GMB,931102,,841.942,
Gambia,1988,GMB,970162,,810.223,
Gambia,1989,GMB,1011367,,775.123,
Gambia,1990,GMB,1054703,,746.804,
Gambia,1991,GMB,1099960,,712.693,
Gambia,1992,GMB,1145583,,686.155,
Gambia,1993,GMB,1188372,,712.104,
Gambia,1994,GMB,1227233,,794.766,
Gambia,1995,GMB,1264320,,713.772,
Gambia,1996,GMB,1301421,,695.298,
Gambia,1997,GMB,1338898,,674.014,
Gambia,1998,GMB,1376994,,699.414,
Gambia,1999,GMB,1415786,,680.253,
Gambia,2000,GMB,1455095,0,869.776,0
Gambia,2001,GMB,1495023,0,922.146,0
Gambia,2002,GMB,1535700,0,893.924,0
Gambia,2003,GMB,1577619,0,870.171,0
Gambia,2004,GMB,1621309,0,893.532,0
Gambia,2005,GMB,1667035,0,876.984,0
Gambia,2006,GMB,1715285,0,926.245,0
Gambia,2007,GMB,1765778,0,932.294,0
Gambia,2008,GMB,1817859,0,940.83,0
Gambia,2009,GMB,1871428,0,980.968,0
Gambia,2010,GMB,1926634,0,1039.405,0
Gambia,2011,GMB,1983785,0,1061.075,0
Gambia,2012,GMB,2043097,0,1004.844,0
Gambia,2013,GMB,2103825,0,971.193,0
Gambia,2014,GMB,2164535,0,1043.89,0
Gambia,2015,GMB,2224530,0,1039.677,0
Gambia,2016,GMB,2283775,0,1020.919,0
Gambia,2017,GMB,2342191,0,1012.601,0
Gambia,2018,GMB,2399633,0,805.15,0
Gambia,2019,GMB,2456847,0,804.548,0
Gambia,2020,GMB,2515744,0,707.116,0
Gambia,2021,GMB,2576015,0,792.09,0
Gambia,2022,GMB,2636472,0,796.343,0
Gambia,2023,GMB,2697846,0,800.295,0
Georgia,1992,GEO,5294186,,15323.368,
Georgia,1993,GEO,5178784,,8676.13,
Georgia,1994,GEO,5046267,,6193.08,
Georgia,1995,GEO,4925742,,6870.065,
Georgia,1996,GEO,4812774,,7162.753,
Georgia,1997,GEO,4695359,,7667.284,
Georgia,1998,GEO,4576447,,7864.9,
Georgia,1999,GEO,4455581,,7708.78,
Georgia,2000,GEO,4328361,0,6619.589,1.35
Georgia,2001,GEO,4209641,0,6177.133,1.32
Georgia,2002,GEO,4127854,0,7386.652,0.41
Georgia,2003,GEO,4085489,0,6423.026,0.56
Georgia,2004,GEO,4056076,0,7060.586,0.77
Georgia,2005,GEO,4026135,0,8406.679,0.87
Georgia,2006,GEO,3996584,0,7841.375,2.15
Georgia,2007,GEO,3967592,0,9815.229,1.69
Georgia,2008,GEO,3941192,0,9738.182,1.28
Georgia,2009,GEO,3918935,0,9947.294,0.95
Georgia,2010,GEO,3895932,0,10140.076,0.65
Georgia,2011,GEO,3868724,0,9922.715,2.2
Georgia,2012,GEO,3839208,0,10914.35,2.47
Georgia,2013,GEO,3809128,0,12308.174,1.79
Georgia,2014,GEO,3792921,0,13072.275,2.04
Georgia,2015,GEO,3791570,0,14169.743,2.38
Georgia,2016,GEO,3792061,0,14855.349,2.22
Georgia,2017,GEO,3792860,0,14774.392,2.21
Georgia,2018,GEO,3794881,0,14901.221,2.1
Georgia,2019,GEO,3796722,0,15727.646,2.84
Georgia,2020,GEO,3795680,0,14982.388,2.82
Georgia,2021,GEO,3788450,0,16113.435,2.38
Georgia,2022,GEO,3794782,0,17845.229,3.39
Georgia,2023,GEO,3807494,0,16434.389,3.45
Georgia,2024,GEO,3807668,0,,2.83
Germany,1900,DEU,55775391,,,
Germany,1901,DEU,56591445,,,
Germany,1902,DEU,57433002,,,
Germany,1903,DEU,58300637,,,
Germany,1904,DEU,59181365,,,
Germany,1905,DEU,60075384,,,
Germany,1906,DEU,60982895,,,
Germany,1907,DEU,61904101,,,
Germany,1908,DEU,62839208,,,
Germany,1909,DEU,63557664,,,
Germany,1910,DEU,64056716,,,
Germany,1911,DEU,64333569,,,
Germany,1912,DEU,64385385,,,
Germany,1913,DEU,64209282,,,
Germany,1914,DEU,64033646,,,
Germany,1915,DEU,63858476,,,
Germany,1916,DEU,63683770,,,
Germany,1917,DEU,63509528,,,
Germany,1918,DEU,63305628,,,
Germany,1919,DEU,63226761,,,
Germany,1920,DEU,63273356,,,
Germany,1921,DEU,63445847,,,
Germany,1922,DEU,63744670,,,
Germany,1923,DEU,64170268,,,
Germany,1924,DEU,64598707,,,
Germany,1925,DEU,65030007,,,
Germany,1926,DEU,65464186,,,
Germany,1927,DEU,65901264,,,
Germany,1928,DEU,66341260,,,
Germany,1929,DEU,66789491,,,
Germany,1930,DEU,67246048,,,
Germany,1931,DEU,67711026,,,
Germany,1932,DEU,68184518,,,
Germany,1933,DEU,68666619,,,
Germany,1934,DEU,69152129,,,
Germany,1935,DEU,69641071,,,
Germany,1936,DEU,70133471,,,
Germany,1937,DEU,70629352,,,
Germany,1938,DEU,71128740,,,
Germany,1939,DEU,71499194,,,
Germany,1940,DEU,71740083,,,
Germany,1941,DEU,71850770,,,
Germany,1942,DEU,71830612,,,
Germany,1943,DEU,71678963,,,
Germany,1944,DEU,71527635,,,
Germany,1945,DEU,71376625,,,
Germany,1946,DEU,71225935,,,
Germany,1947,DEU,71075562,,,
Germany,1948,DEU,70925507,,,
Germany,1949,DEU,70888212,,,
Germany,1950,DEU,69847778,,,
Germany,1951,DEU,69782050,,,
Germany,1952,DEU,69826948,,,
Germany,1953,DEU,69935116,,,
Germany,1954,DEU,70104621,,,
Germany,1955,DEU,70334149,,,
Germany,1956,DEU,70613897,,,
Germany,1957,DEU,71088145,,,
Germany,1958,DEU,71694674,,,
Germany,1959,DEU,72241718,,,
Germany,1960,DEU,72811635,,,
Germany,1961,DEU,73376114,,,
Germany,1962,DEU,73997000,,,
Germany,1963,DEU,74698003,,,
Germany,1964,DEU,75313480,,,
Germany,1965,DEU,75966968,,39086.637,
Germany,1966,DEU,76611025,,38858.652,
Germany,1967,DEU,76970794,,38578.676,
Germany,1968,DEU,77321280,,41003.105,
Germany,1969,DEU,77944022,,43874.797,
Germany,1970,DEU,78205103,,46173.668,
Germany,1971,DEU,78345876,,46506.047,
Germany,1972,DEU,78719924,,47894.137,
Germany,1973,DEU,78966975,,50493.945,
Germany,1974,DEU,78996691,,49597.359,
Germany,1975,DEU,78701861,,47833.277,
Germany,1976,DEU,78364503,,51259.234,
Germany,1977,DEU,78185560,,51252.312,
Germany,1978,DEU,78115357,,53154.422,
Germany,1979,DEU,78147898,,56084.793,
Germany,1980,DEU,78315373,,54130.273,
Germany,1981,DEU,78448044,,52356.098,
Germany,1982,DEU,78393670,,50546.055,
Germany,1983,DEU,78224137,,51371.758,
Germany,1984,DEU,77998197,,53424.191,
Germany,1985,DEU,77863423,,55100.695,27.985
Germany,1986,DEU,77923806,,54600.461,29.811
Germany,1987,DEU,78062321,,54971.184,32.956
Germany,1988,DEU,78385992,,54930.293,33.141
Germany,1989,DEU,79007062,,53921.629,38.575
Germany,1990,DEU,79707963,1.6,52600.035,35.9
Germany,1991,DEU,80303190,1.87,50939.98,36.3
Germany,1992,DEU,80934901,2.04,49537.809,33
Germany,1993,DEU,81486771,1.97,48983.738,32.8
Germany,1994,DEU,81773613,2.07,48355.109,36.1
Germany,1995,DEU,82019890,2.43,48461.355,41.1
Germany,1996,DEU,82263195,2.5,49911.09,45.56
Germany,1997,DEU,82389631,2.65,49195.352,48.1
Germany,1998,DEU,82011933,3.06,49012.766,50.74
Germany,1999,DEU,81678279,3.51,48526.492,51.8
Germany,2000,DEU,81797255,4.33,48756.883,49.2
Germany,2001,DEU,81933882,4.59,49586.312,55.5
Germany,2002,DEU,82068328,5.31,48882.719,56.3
Germany,2003,DEU,82111619,8.95,48841.699,62.59
Germany,2004,DEU,82092706,10.64,48845.914,62.67
Germany,2005,DEU,82046733,14.71,48297.293,72.19
Germany,2006,DEU,81701971,18.94,49722.023,74.73
Germany,2007,DEU,81298546,24.62,47890.441,77.45
Germany,2008,DEU,81110780,28.02,48509.781,88.48
Germany,2009,DEU,80935276,30.89,45618.898,80.27
Germany,2010,DEU,80830916,33.92,47595.047,88.76
Germany,2011,DEU,80857877,36.89,45890.207,85.67
Germany,2012,DEU,80916391,43.2,46491.398,75.95
Germany,2013,DEU,81041581,45.51,47734.965,67
Germany,2014,DEU,81376078,48.29,45596.504,60.61
Germany,2015,DEU,82077546,50.33,46064.484,61.47
Germany,2016,DEU,82760102,50.93,46416.703,80.62
Germany,2017,DEU,83104010,50.92,47525.457,86.04
Germany,2018,DEU,83368507,50.79,46125.492,81.56
Germany,2019,DEU,83559184,50.13,44922.695,90
Germany,2020,DEU,83628711,50.93,41838.684,95
Germany,2021,DEU,83697080,49.1,42994.242,90.31
Germany,2022,DEU,84086227,48.6,41094.125,79.05
Germany,2023,DEU,84548233,51.26,37598.492,76.66
Germany,2024,DEU,84552234,51.08,37792.512,78.41
Ghana,1900,GHA,2717458,,,
Ghana,1901,GHA,2739726,,,
Ghana,1902,GHA,2762177,,,
Ghana,1903,GHA,2784813,,,
Ghana,1904,GHA,2807634,,,
Ghana,1905,GHA,2830640,,,
Ghana,1906,GHA,2853834,,,
Ghana,1907,GHA,2877217,,,
Ghana,1908,GHA,2900791,,,
Ghana,1909,GHA,2923698,,,
Ghana,1910,GHA,2945929,,,
Ghana,1911,GHA,2967472,,,
Ghana,1912,GHA,2988317,,,
Ghana,1913,GHA,3008451,,,
Ghana,1914,GHA,3028721,,,
Ghana,1915,GHA,3049125,,,
Ghana,1916,GHA,3069666,,,
Ghana,1917,GHA,3090344,,,
Ghana,1918,GHA,3113075,,,
Ghana,1919,GHA,3140802,,,
Ghana,1920,GHA,3173635,,,
Ghana,1921,GHA,3211686,,,
Ghana,1922,GHA,3255066,,,
Ghana,1923,GHA,3303892,,,
Ghana,1924,GHA,3353451,,,
Ghana,1925,GHA,3403752,,,
Ghana,1926,GHA,3454809,,,
Ghana,1927,GHA,3506631,,,
Ghana,1928,GHA,3559230,,,
Ghana,1929,GHA,3611885,,,
Ghana,1930,GHA,3664587,,,
Ghana,1931,GHA,3717325,,,
Ghana,1932,GHA,3770090,,,
Ghana,1933,GHA,3822871,,,
Ghana,1934,GHA,3876392,,,
Ghana,1935,GHA,3930661,,,
Ghana,1936,GHA,3985690,,,
Ghana,1937,GHA,4041490,,,
Ghana,1938,GHA,4098071,,,
Ghana,1939,GHA,4158814,,,
Ghana,1940,GHA,4223839,,,
Ghana,1941,GHA,4293266,,,
Ghana,1942,GHA,4367222,,,
Ghana,1943,GHA,4445832,,,
Ghana,1944,GHA,4525856,,,
Ghana,1945,GHA,4607322,,,
Ghana,1946,GHA,4690254,,,
Ghana,1947,GHA,4774678,,,
Ghana,1948,GHA,4860622,,,
Ghana,1949,GHA,4961368,,,
Ghana,1950,GHA,5080664,,,
Ghana,1951,GHA,5229134,,,
Ghana,1952,GHA,5387494,,,
Ghana,1953,GHA,5553969,,,
Ghana,1954,GHA,5729430,,,
Ghana,1955,GHA,5914933,,,
Ghana,1956,GHA,6109604,,,
Ghana,1957,GHA,6312498,,,
Ghana,1958,GHA,6520157,,,
Ghana,1959,GHA,6735545,,,
Ghana,1960,GHA,6961216,,,
Ghana,1961,GHA,7162672,,,
Ghana,1962,GHA,7337378,,,
Ghana,1963,GHA,7514721,,,
Ghana,1964,GHA,7695744,,,
Ghana,1965,GHA,7882609,,,
Ghana,1966,GHA,8074529,,,
Ghana,1967,GHA,8271924,,,
Ghana,1968,GHA,8475734,,,
Ghana,1969,GHA,8690384,,,
Ghana,1970,GHA,8925813,,,
Ghana,1971,GHA,9176264,,,
Ghana,1972,GHA,9438189,,,
Ghana,1973,GHA,9714615,,,
Ghana,1974,GHA,10000528,,,
Ghana,1975,GHA,10294312,,,
Ghana,1976,GHA,10594918,,,
Ghana,1977,GHA,10911869,,,
Ghana,1978,GHA,11248453,,,
Ghana,1979,GHA,11597251,,,
Ghana,1980,GHA,11941451,,1218.049,
Ghana,1981,GHA,12281722,,1086.281,
Ghana,1982,GHA,12643820,,1115.387,
Ghana,1983,GHA,13029841,,828.667,
Ghana,1984,GHA,13370591,,842.017,
Ghana,1985,GHA,13661237,,819.721,
Ghana,1986,GHA,13965221,,979.269,
Ghana,1987,GHA,14289110,,1079.31,
Ghana,1988,GHA,14636577,,1200.114,
Ghana,1989,GHA,15006814,,1298.189,
Ghana,1990,GHA,15394650,,1153.139,
Ghana,1991,GHA,15787495,,1139.63,
Ghana,1992,GHA,16184863,,1229.313,
Ghana,1993,GHA,16589521,,1209.003,
Ghana,1994,GHA,16993190,,1260.041,
Ghana,1995,GHA,17399023,,1263.191,
Ghana,1996,GHA,17810184,,1280.387,
Ghana,1997,GHA,18238961,,1208.428,
Ghana,1998,GHA,18688041,,1084.987,
Ghana,1999,GHA,19149875,,1231.317,
Ghana,2000,GHA,19637085,0.01,1456.8,0
Ghana,2001,GHA,20167073,0.01,1417.986,0
Ghana,2002,GHA,20729392,0.01,1372.18,0
Ghana,2003,GHA,21296710,0.01,1292.531,0
Ghana,2004,GHA,21868298,0.01,1432.979,0
Ghana,2005,GHA,22449446,0.01,1418.505,0
Ghana,2006,GHA,23040704,0.01,1338.362,0
Ghana,2007,GHA,23642284,0.01,1358.343,0
Ghana,2008,GHA,24249945,0.02,1428.323,0
Ghana,2009,GHA,24862667,0.02,1628.582,0.02
Ghana,2010,GHA,25475000,0.02,1644.752,1.3
Ghana,2011,GHA,26095091,0.02,2109.023,2.89
Ghana,2012,GHA,26734273,0.02,2108.66,2.04
Ghana,2013,GHA,27386193,0.02,2177.473,1.48
Ghana,2014,GHA,28041592,0.02,2158.472,2.79
Ghana,2015,GHA,28696071,0.02,2515.082,4.86
Ghana,2016,GHA,29356736,0.02,2512.531,4
Ghana,2017,GHA,30008364,0.02,2457.866,3.99
Ghana,2018,GHA,30637592,0.02,2403.126,5.12
Ghana,2019,GHA,31258943,0.02,2559.024,7.19
Ghana,2020,GHA,31887802,0.02,2952.874,11.59
Ghana,2021,GHA,32518662,0.02,3169.96,13.8
Ghana,2022,GHA,33149152,0.02,3110.591,14.23
Ghana,2023,GHA,33787916,0.02,3075.171,14.5
Gibraltar,1980,GIB,28698,,,
Gibraltar,1981,GIB,28764,,,
Gibraltar,1982,GIB,28792,,,
Gibraltar,1983,GIB,28754,,,
Gibraltar,1984,GIB,28668,,,
Gibraltar,1985,GIB,28538,,,
Gibraltar,1986,GIB,28352,,,
Gibraltar,1987,GIB,28116,,,
Gibraltar,1988,GIB,27862,,,
Gibraltar,1989,GIB,27568,,,
Gibraltar,1990,GIB,27223,,,
Gibraltar,1991,GIB,26921,,,
Gibraltar,1992,GIB,26900,,,
Gibraltar,1993,GIB,27098,,,
Gibraltar,1994,GIB,27265,,,
Gibraltar,1995,GIB,27402,,,
Gibraltar,1996,GIB,27513,,,
Gibraltar,1997,GIB,27611,,,
Gibraltar,1998,GIB,27676,,,
Gibraltar,1999,GIB,27719,,,
Gibraltar,2000,GIB,27734,0,,0
Gibraltar,2001,GIB,27685,0,,0
Gibraltar,2002,GIB,27850,0,,0
Gibraltar,2003,GIB,28301,0,,0
Gibraltar,2004,GIB,28741,0,,0
Gibraltar,2005,GIB,29191,0,,0
Gibraltar,2006,GIB,29620,0,,0
Gibraltar,2007,GIB,30032,0,,0
Gibraltar,2008,GIB,30431,0,,0
Gibraltar,2009,GIB,30847,0,,0
Gibraltar,2010,GIB,31271,0,,0
Gibraltar,2011,GIB,31685,0,,0
Gibraltar,2012,GIB,32054,0,,0
Gibraltar,2013,GIB,32429,0,,0
Gibraltar,2014,GIB,32836,0,,0
Gibraltar,2015,GIB,33214,0,,0
Gibraltar,2016,GIB,33682,0,,0
Gibraltar,2017,GIB,34267,0,,0
Gibraltar,2018,GIB,34883,0,,0
Gibraltar,2019,GIB,35518,0,,0.07
Gibraltar,2020,GIB,36198,0,,0.21
Gibraltar,2021,GIB,36881,0,,0.23
Gibraltar,2022,GIB,37631,0,,0.21
Gibraltar,2023,GIB,38493,0,,0.22
Greece,1900,GRC,4990133,,,
Greece,1901,GRC,5032141,,,
Greece,1902,GRC,5071280,,,
Greece,1903,GRC,5107496,,,
Greece,1904,GRC,5143970,,,
Greece,1905,GRC,5180704,,,
Greece,1906,GRC,5217700,,,
Greece,1907,GRC,5254961,,,
Greece,1908,GRC,5292488,,,
Greece,1909,GRC,5330209,,,
Greece,1910,GRC,5368127,,,
Greece,1911,GRC,5406242,,,
Greece,1912,GRC,5444555,,,
Greece,1913,GRC,5483067,,,
Greece,1914,GRC,5521851,,,
Greece,1915,GRC,5560909,,,
Greece,1916,GRC,5600243,,,
Greece,1917,GRC,5639856,,,
Greece,1918,GRC,5678901,,,
Greece,1919,GRC,5722766,,,
Greece,1920,GRC,5771532,,,
Greece,1921,GRC,5825284,,,
Greece,1922,GRC,5884107,,,
Greece,1923,GRC,5948086,,,
Greece,1924,GRC,6012762,,,
Greece,1925,GRC,6078140,,,
Greece,1926,GRC,6144230,,,
Greece,1927,GRC,6211038,,,
Greece,1928,GRC,6278572,,,
Greece,1929,GRC,6350526,,,
Greece,1930,GRC,6426998,,,
Greece,1931,GRC,6508088,,,
Greece,1932,GRC,6593900,,,
Greece,1933,GRC,6684536,,,
Greece,1934,GRC,6776418,,,
Greece,1935,GRC,6869563,,,
Greece,1936,GRC,6963989,,,
Greece,1937,GRC,7059712,,,
Greece,1938,GRC,7156751,,,
Greece,1939,GRC,7240587,,,
Greece,1940,GRC,7310983,,,
Greece,1941,GRC,7367696,,,
Greece,1942,GRC,7410484,,,
Greece,1943,GRC,7439097,,,
Greece,1944,GRC,7467821,,,
Greece,1945,GRC,7496655,,,
Greece,1946,GRC,7525601,,,
Greece,1947,GRC,7554659,,,
Greece,1948,GRC,7583829,,,
Greece,1949,GRC,7621936,,,
Greece,1950,GRC,7651080,,,
Greece,1951,GRC,7712877,,,
Greece,1952,GRC,7775541,,,
Greece,1953,GRC,7841269,,,
Greece,1954,GRC,7910864,,,
Greece,1955,GRC,7984712,,,
Greece,1956,GRC,8060991,,,
Greece,1957,GRC,8136981,,,
Greece,1958,GRC,8214992,,,
Greece,1959,GRC,8297715,,,
Greece,1960,GRC,8384484,,,
Greece,1961,GRC,8447008,,,
Greece,1962,GRC,8473374,,,
Greece,1963,GRC,8488371,,,
Greece,1964,GRC,8504000,,,
Greece,1965,GRC,8521368,,9287.967,
Greece,1966,GRC,8579991,,10099.086,
Greece,1967,GRC,8655153,,11022.073,
Greece,1968,GRC,8717916,,11371.79,
Greece,1969,GRC,8747069,,11972.224,
Greece,1970,GRC,8747778,,13301.969,
Greece,1971,GRC,8787031,,15776.968,
Greece,1972,GRC,8849379,,17573.717,
Greece,1973,GRC,8893404,,20119.812,
Greece,1974,GRC,8929111,,19591.873,
Greece,1975,GRC,9016969,,21990.723,
Greece,1976,GRC,9160211,,23915.809,
Greece,1977,GRC,9282025,,24476.354,
Greece,1978,GRC,9389966,,24620.178,
Greece,1979,GRC,9526008,,21313.914,
Greece,1980,GRC,9653419,,20832.801,
Greece,1981,GRC,9754398,,20146.57,
Greece,1982,GRC,9837470,,20247.398,
Greece,1983,GRC,9911493,,20208.74,
Greece,1984,GRC,9978779,,20958.238,
Greece,1985,GRC,10037038,,22009.533,
Greece,1986,GRC,10088766,,21943.23,
Greece,1987,GRC,10134533,,23886.674,
Greece,1988,GRC,10177007,,25115.494,
Greece,1989,GRC,10218041,,27115.736,
Greece,1990,GRC,10258494,0,28007.275,0.09
Greece,1991,GRC,10306645,0,28281.008,0.09
Greece,1992,GRC,10359895,0,28631.41,0.08
Greece,1993,GRC,10412752,0,28861.805,0.08
Greece,1994,GRC,10466266,0,29202.715,0.08
Greece,1995,GRC,10519233,0,30115.697,0.08
Greece,1996,GRC,10570083,0,30728.293,0.08
Greece,1997,GRC,10622327,0,31447.324,0.33
Greece,1998,GRC,10675411,0,33232.719,1.71
Greece,1999,GRC,10727953,0,33063.609,3.91
Greece,2000,GRC,10782638,0,34597.48,5.92
Greece,2001,GRC,10843166,0.08,34678.547,6.13
Greece,2002,GRC,10890287,0.13,34560.207,7.06
Greece,2003,GRC,10918467,0.1,36480.949,8.02
Greece,2004,GRC,10947369,0.12,36376.992,8.99
Greece,2005,GRC,10981340,0.12,36389.562,8.17
Greece,2006,GRC,11016107,0.11,37336.773,10.61
Greece,2007,GRC,11045737,0.18,37964.91,14.16
Greece,2008,GRC,11076874,0.19,37157.152,13.8
Greece,2009,GRC,11108067,0.22,35685.582,11.02
Greece,2010,GRC,11124666,0.19,34017.863,9.85
Greece,2011,GRC,11108838,0.21,33422.445,14.07
Greece,2012,GRC,11048291,0.2,31615.93,13.48
Greece,2013,GRC,10967534,0.22,29934.105,10.88
Greece,2014,GRC,10893169,0.22,28266.357,6.79
Greece,2015,GRC,10820902,0.23,28807.496,9.09
Greece,2016,GRC,10775506,0.27,28489.859,14.97
Greece,2017,GRC,10753532,0.31,29962,17.13
Greece,2018,GRC,10730846,0.31,30199.467,14.09
Greece,2019,GRC,10718581,0.4,29564.295,14.5
Greece,2020,GRC,10699370,0.45,25885.273,19.23
Greece,2021,GRC,10579561,0.5,28596.289,22.49
Greece,2022,GRC,10412481,0.57,30188.217,19.14
Greece,2023,GRC,10242910,0.65,29864.279,15.98
Greece,2024,GRC,10047813,0.71,31965.838,21.53
Greenland,1900,GRL,12761,,,
Greenland,1901,GRL,,,,
Greenland,1902,GRL,,,,
Greenland,1903,GRL,,,,
Greenland,1904,GRL,,,,
Greenland,1905,GRL,,,,
Greenland,1906,GRL,,,,
Greenland,1907,GRL,,,,
Greenland,1908,GRL,,,,
Greenland,1909,GRL,,,,
Greenland,1910,GRL,14356,,,
Greenland,1911,GRL,,,,
Greenland,1912,GRL,,,,
Greenland,1913,GRL,,,,
Greenland,1914,GRL,,,,
Greenland,1915,GRL,,,,
Greenland,1916,GRL,,,,
Greenland,1917,GRL,,,,
Greenland,1918,GRL,,,,
Greenland,1919,GRL,,,,
Greenland,1920,GRL,16150,,,
Greenland,1921,GRL,,,,
Greenland,1922,GRL,,,,
Greenland,1923,GRL,,,,
Greenland,1924,GRL,,,,
Greenland,1925,GRL,,,,
Greenland,1926,GRL,,,,
Greenland,1927,GRL,,,,
Greenland,1928,GRL,,,,
Greenland,1929,GRL,,,,
Greenland,1930,GRL,18169,,,
Greenland,1931,GRL,,,,
Greenland,1932,GRL,,,,
Greenland,1933,GRL,,,,
Greenland,1934,GRL,,,,
Greenland,1935,GRL,,,,
Greenland,1936,GRL,,,,
Greenland,1937,GRL,,,,
Greenland,1938,GRL,,,,
Greenland,1939,GRL,,,,
Greenland,1940,GRL,20440,,,
Greenland,1941,GRL,,,,
Greenland,1942,GRL,,,,
Greenland,1943,GRL,,,,
Greenland,1944,GRL,,,,
Greenland,1945,GRL,,,,
Greenland,1946,GRL,,,,
Greenland,1947,GRL,,,,
Greenland,1948,GRL,,,,
Greenland,1949,GRL,,,,
Greenland,1950,GRL,23231,,,
Greenland,1951,GRL,23689,,,
Greenland,1952,GRL,24194,,,
Greenland,1953,GRL,24827,,,
Greenland,1954,GRL,25518,,,
Greenland,1955,GRL,26283,,,
Greenland,1956,GRL,27199,,,
Greenland,1957,GRL,28285,,,
Greenland,1958,GRL,29457,,,
Greenland,1959,GRL,30746,,,
Greenland,1960,GRL,32123,,,
Greenland,1961,GRL,33435,,,
Greenland,1962,GRL,34667,,,
Greenland,1963,GRL,35923,,,
Greenland,1964,GRL,37225,,,
Greenland,1965,GRL,38583,,,
Greenland,1966,GRL,39990,,,
Greenland,1967,GRL,41421,,,
Greenland,1968,GRL,42801,,,
Greenland,1969,GRL,44159,,,
Greenland,1970,GRL,45485,,,
Greenland,1971,GRL,46519,,,
Greenland,1972,GRL,47279,,,
Greenland,1973,GRL,48000,,,
Greenland,1974,GRL,48647,,,
Greenland,1975,GRL,49189,,,
Greenland,1976,GRL,49612,,,
Greenland,1977,GRL,49776,,,
Greenland,1978,GRL,49771,,,
Greenland,1979,GRL,49802,,,
Greenland,1980,GRL,50130,,45700.355,
Greenland,1981,GRL,50732,,42600.375,
Greenland,1982,GRL,51354,,40881.984,
Greenland,1983,GRL,51987,,28506.496,
Greenland,1984,GRL,52632,,44704.305,
Greenland,1985,GRL,53234,,39438.207,
Greenland,1986,GRL,53759,,25959.744,
Greenland,1987,GRL,54280,,17787.668,
Greenland,1988,GRL,54819,,41212.996,
Greenland,1989,GRL,55333,,35999.16,
Greenland,1990,GRL,55650,,40886.168,
Greenland,1991,GRL,55740,,40317.59,
Greenland,1992,GRL,55769,,35814.93,
Greenland,1993,GRL,55780,,36614.438,
Greenland,1994,GRL,55766,,36836.355,
Greenland,1995,GRL,55857,,36776.344,
Greenland,1996,GRL,56020,,38861.27,
Greenland,1997,GRL,56115,,39799.895,
Greenland,1998,GRL,56175,,39757.934,
Greenland,1999,GRL,56148,,42822.664,
Greenland,2000,GRL,56228,0,46938.578,0
Greenland,2001,GRL,56433,0,43604.746,0
Greenland,2002,GRL,56617,0,41181.516,0
Greenland,2003,GRL,56781,0,45736.918,0
Greenland,2004,GRL,56926,0,43469.781,0
Greenland,2005,GRL,56969,0,53274.004,0
Greenland,2006,GRL,56901,0,48684.645,0
Greenland,2007,GRL,56807,0,55708.375,0
Greenland,2008,GRL,56683,0,48979.246,0
Greenland,2009,GRL,56547,0,52438.996,0
Greenland,2010,GRL,56634,0,67521.344,0
Greenland,2011,GRL,56853,0,65084.871,0
Greenland,2012,GRL,56797,0,52684.738,0
Greenland,2013,GRL,56532,0,52265.43,0
Greenland,2014,GRL,56195,0,47838.488,0
Greenland,2015,GRL,56048,0,51530.762,0
Greenland,2016,GRL,56082,0,51527.219,0
Greenland,2017,GRL,56094,0,51618.422,0
Greenland,2018,GRL,56100,0,46662.223,0
Greenland,2019,GRL,56109,0,48099.559,0
Greenland,2020,GRL,56105,0,46130.312,0
Greenland,2021,GRL,56065,0,45366.465,0
Greenland,2022,GRL,56014,0,47495.102,0
Greenland,2023,GRL,55951,,46980.75,
Grenada,1980,GRD,94554,,1901.783,
Grenada,1981,GRD,94066,,2541.901,
Grenada,1982,GRD,94399,,2532.934,
Grenada,1983,GRD,94963,,2517.891,
Grenada,1984,GRD,95518,,2510.119,
Grenada,1985,GRD,96124,,2487.479,
Grenada,1986,GRD,96807,,2863.821,
Grenada,1987,GRD,97537,,3499.407,
Grenada,1988,GRD,98323,,3604.546,
Grenada,1989,GRD,99133,,3566.81,
Grenada,1990,GRD,99973,,5258.003,
Grenada,1991,GRD,100806,,5214.554,
Grenada,1992,GRD,101618,,5333.09,
Grenada,1993,GRD,102398,,6084.125,
Grenada,1994,GRD,103150,,6926.663,
Grenada,1995,GRD,103890,,6263.617,
Grenada,1996,GRD,104599,,6661.835,
Grenada,1997,GRD,105309,,8756.489,
Grenada,1998,GRD,106023,,7542.196,
Grenada,1999,GRD,106744,,7491.322,
Grenada,2000,GRD,107466,0,8029.151,0
Grenada,2001,GRD,107998,0,8315.537,0
Grenada,2002,GRD,108414,0,8511.827,0
Grenada,2003,GRD,108895,0,8964.266,0
Grenada,2004,GRD,109338,0,8669.782,0
Grenada,2005,GRD,109744,0,9082.895,0
Grenada,2006,GRD,110149,0,9363.215,0
Grenada,2007,GRD,110532,0,9904.05,0
Grenada,2008,GRD,110911,0,10495.343,0
Grenada,2009,GRD,111266,0,10157.667,0
Grenada,2010,GRD,111600,0,10496.202,0
Grenada,2011,GRD,112093,0,10426.515,0
Grenada,2012,GRD,112792,0,10542.418,0
Grenada,2013,GRD,113499,0,11826.311,0
Grenada,2014,GRD,114148,0,9935.014,0
Grenada,2015,GRD,114691,0,10308.972,0
Grenada,2016,GRD,115147,0,10564.159,0
Grenada,2017,GRD,115448,0,11447.519,0
Grenada,2018,GRD,115703,0,12157.783,0
Grenada,2019,GRD,115995,0,13225.631,0
Grenada,2020,GRD,116353,0,11376.105,0
Grenada,2021,GRD,116696,0,12173.642,0
Grenada,2022,GRD,116928,0,12408.829,0
Grenada,2023,GRD,117094,,12220.67,
Guadeloupe,1980,GLP,331218,,6245.589,
Guadeloupe,1981,GLP,332515,,8685.922,
Guadeloupe,1982,GLP,335826,,10881.993,
Guadeloupe,1983,GLP,341393,,11222.506,
Guadeloupe,1984,GLP,347996,,12058.781,
Guadeloupe,1985,GLP,354895,,10795.545,
Guadeloupe,1986,GLP,361927,,10847.535,
Guadeloupe,1987,GLP,368959,,12327.224,
Guadeloupe,1988,GLP,376001,,13335.08,
Guadeloupe,1989,GLP,382812,,14446.366,
Guadeloupe,1990,GLP,388820,,15384.273,
Guadeloupe,1991,GLP,393787,,15795.02,
Guadeloupe,1992,GLP,398165,,14805.509,
Guadeloupe,1993,GLP,402324,,16709.176,
Guadeloupe,1994,GLP,406330,,17108.479,
Guadeloupe,1995,GLP,410191,,17407.123,
Guadeloupe,1996,GLP,413932,,17150.654,
Guadeloupe,1997,GLP,417595,,17392.564,
Guadeloupe,1998,GLP,420476,,17285.285,
Guadeloupe,1999,GLP,420943,,17266.109,
Guadeloupe,2000,GLP,419565,0.08,20436.33,
Guadeloupe,2001,GLP,417844,0.06,21533.875,
Guadeloupe,2002,GLP,415762,0.07,22122.641,
Guadeloupe,2003,GLP,413418,0.06,22729.848,
Guadeloupe,2004,GLP,410859,0.08,22342.174,
Guadeloupe,2005,GLP,408085,0.07,22354.648,
Guadeloupe,2006,GLP,407230,0.07,23134.691,
Guadeloupe,2007,GLP,408303,0.07,23986.113,
Guadeloupe,2008,GLP,408987,0.06,22371.133,
Guadeloupe,2009,GLP,408998,0.06,22107.637,
Guadeloupe,2010,GLP,408815,0.06,23608.896,
Guadeloupe,2011,GLP,409063,0.05,24955.484,
Guadeloupe,2012,GLP,409153,0.06,0,
Guadeloupe,2013,GLP,408367,0.05,0,
Guadeloupe,2014,GLP,406652,0.06,0,
Guadeloupe,2015,GLP,403950,0.06,0,
Guadeloupe,2016,GLP,404642,0.05,0,
Guadeloupe,2017,GLP,412701,0.07,0,
Guadeloupe,2018,GLP,415184,0.07,0,
Guadeloupe,2019,GLP,410266,0.06,0,
Guadeloupe,2020,GLP,407401,0.08,0,
Guadeloupe,2021,GLP,399157,0.25,0,
Guadeloupe,2022,GLP,384702,0.24,0,
Guadeloupe,2023,GLP,376518,,0,
Guam,1980,GUM,110154,,132917.828,
Guam,1981,GUM,112917,,181035.594,
Guam,1982,GUM,115729,,136262.641,
Guam,1983,GUM,118518,,128128.07,
Guam,1984,GUM,121316,,43447.809,
Guam,1985,GUM,124133,,21643.418,
Guam,1986,GUM,126981,,35454.391,
Guam,1987,GUM,129867,,24396.898,
Guam,1988,GUM,132816,,24684.045,
Guam,1989,GUM,135812,,22422.766,
Guam,1990,GUM,138623,,55152.137,
Guam,1991,GUM,141093,,60780.098,
Guam,1992,GUM,143400,,71904.211,
Guam,1993,GUM,145670,,93886.758,
Guam,1994,GUM,147882,,134661.172,
Guam,1995,GUM,150064,,98565.68,
Guam,1996,GUM,152178,,86167.312,
Guam,1997,GUM,154225,,96856.82,
Guam,1998,GUM,156244,,79027.617,
Guam,1999,GUM,158297,,86708.453,
Guam,2000,GUM,160078,0,87347.406,0
Guam,2001,GUM,161339,0,119991.828,0
Guam,2002,GUM,162326,0,82897.836,0
Guam,2003,GUM,163146,0,69829.344,0
Guam,2004,GUM,163815,0,80845.32,0
Guam,2005,GUM,164373,0,94348.492,0
Guam,2006,GUM,164848,0,99214.5,0
Guam,2007,GUM,165278,0,71486.141,0
Guam,2008,GUM,165704,0,44898.613,0
Guam,2009,GUM,166189,0,71118.859,0
Guam,2010,GUM,166533,0,63263.266,0
Guam,2011,GUM,166554,0,55895.133,0
Guam,2012,GUM,166348,0,59923.332,0
Guam,2013,GUM,165979,0,50625.703,0
Guam,2014,GUM,165492,0,49132.547,0
Guam,2015,GUM,164914,0,52092.996,0
Guam,2016,GUM,164240,0,48900.051,0
Guam,2017,GUM,163501,0,45095.551,0
Guam,2018,GUM,162689,0,45409.137,0
Guam,2019,GUM,161819,0,45671.812,0
Guam,2020,GUM,162167,0,43337.637,0
Guam,2021,GUM,163741,0,45216.465,0
Guam,2022,GUM,165193,0,45172.059,0
Guam,2023,GUM,166522,,44566.48,
Guatemala,1900,GTM,1352626,,,
Guatemala,1901,GTM,1359267,,,
Guatemala,1902,GTM,1370079,,,
Guatemala,1903,GTM,1385093,,,
Guatemala,1904,GTM,1400271,,,
Guatemala,1905,GTM,1415615,,,
Guatemala,1906,GTM,1431127,,,
Guatemala,1907,GTM,1446808,,,
Guatemala,1908,GTM,1462661,,,
Guatemala,1909,GTM,1478681,,,
Guatemala,1910,GTM,1494871,,,
Guatemala,1911,GTM,1511231,,,
Guatemala,1912,GTM,1527765,,,
Guatemala,1913,GTM,1544473,,,
Guatemala,1914,GTM,1561364,,,
Guatemala,1915,GTM,1578439,,,
Guatemala,1916,GTM,1595700,,,
Guatemala,1917,GTM,1613149,,,
Guatemala,1918,GTM,1629816,,,
Guatemala,1919,GTM,1646676,,,
Guatemala,1920,GTM,1663732,,,
Guatemala,1921,GTM,1680986,,,
Guatemala,1922,GTM,1698439,,,
Guatemala,1923,GTM,1716095,,,
Guatemala,1924,GTM,1733935,,,
Guatemala,1925,GTM,1751960,,,
Guatemala,1926,GTM,1770172,,,
Guatemala,1927,GTM,1788574,,,
Guatemala,1928,GTM,1807167,,,
Guatemala,1929,GTM,1830208,,,
Guatemala,1930,GTM,1857837,,,
Guatemala,1931,GTM,1890197,,,
Guatemala,1932,GTM,1927435,,,
Guatemala,1933,GTM,1969700,,,
Guatemala,1934,GTM,2012892,,,
Guatemala,1935,GTM,2057031,,,
Guatemala,1936,GTM,2102138,,,
Guatemala,1937,GTM,2148235,,,
Guatemala,1938,GTM,2195342,,,
Guatemala,1939,GTM,2247378,,,
Guatemala,1940,GTM,2304571,,,
Guatemala,1941,GTM,2367154,,,
Guatemala,1942,GTM,2435374,,,
Guatemala,1943,GTM,2509481,,,
Guatemala,1944,GTM,2585844,,,
Guatemala,1945,GTM,2664531,,,
Guatemala,1946,GTM,2745612,,,
Guatemala,1947,GTM,2829160,,,
Guatemala,1948,GTM,2915251,,,
Guatemala,1949,GTM,3005430,,,
Guatemala,1950,GTM,3097199,,,
Guatemala,1951,GTM,3177369,,,
Guatemala,1952,GTM,3261653,,,
Guatemala,1953,GTM,3348816,,,
Guatemala,1954,GTM,3439109,,,
Guatemala,1955,GTM,3533311,,,
Guatemala,1956,GTM,3631180,,,
Guatemala,1957,GTM,3732743,,,
Guatemala,1958,GTM,3837036,,,
Guatemala,1959,GTM,3946497,,,
Guatemala,1960,GTM,4063659,,,
Guatemala,1961,GTM,4186205,,,
Guatemala,1962,GTM,4312050,,,
Guatemala,1963,GTM,4440271,,,
Guatemala,1964,GTM,4571105,,,
Guatemala,1965,GTM,4704973,,,
Guatemala,1966,GTM,4840960,,,
Guatemala,1967,GTM,4978867,,,
Guatemala,1968,GTM,5118119,,,
Guatemala,1969,GTM,5257088,,,
Guatemala,1970,GTM,5396972,,,
Guatemala,1971,GTM,5538359,,,
Guatemala,1972,GTM,5682834,,,
Guatemala,1973,GTM,5831640,,,
Guatemala,1974,GTM,5981201,,,
Guatemala,1975,GTM,6128733,,,
Guatemala,1976,GTM,6262409,,,
Guatemala,1977,GTM,6401516,,,
Guatemala,1978,GTM,6561540,,,
Guatemala,1979,GTM,6727798,,,
Guatemala,1980,GTM,6900215,,2658.75,
Guatemala,1981,GTM,7075648,,2159.341,
Guatemala,1982,GTM,7240249,,2133.268,
Guatemala,1983,GTM,7419642,,2201.428,
Guatemala,1984,GTM,7630682,,1887.792,
Guatemala,1985,GTM,7849691,,2065.408,
Guatemala,1986,GTM,8070818,,1923.981,
Guatemala,1987,GTM,8296488,,1892.267,
Guatemala,1988,GTM,8532104,,2027.139,
Guatemala,1989,GTM,8775549,,2018.44,
Guatemala,1990,GTM,9024775,,2114.973,
Guatemala,1991,GTM,9272592,,1985.921,
Guatemala,1992,GTM,9522265,,2252.78,
Guatemala,1993,GTM,9779760,,2347.64,
Guatemala,1994,GTM,10043713,,2572.545,
Guatemala,1995,GTM,10312999,,2736.47,
Guatemala,1996,GTM,10583528,,2773.668,
Guatemala,1997,GTM,10857754,,2959.362,
Guatemala,1998,GTM,11139147,,3402.141,
Guatemala,1999,GTM,11422977,,3535.965,
Guatemala,2000,GTM,11697592,0.54,3602.238,0
Guatemala,2001,GTM,11969423,0.56,3732.099,0
Guatemala,2002,GTM,12246923,0.51,3725.813,0
Guatemala,2003,GTM,12525843,0.52,3735.434,0
Guatemala,2004,GTM,12807409,0.53,3438.836,0
Guatemala,2005,GTM,13087637,0.83,3554.724,0
Guatemala,2006,GTM,13367455,0.78,3682.26,0
Guatemala,2007,GTM,13652042,1.18,3958.847,0
Guatemala,2008,GTM,13935172,0.84,3529.427,0
Guatemala,2009,GTM,14215614,0.89,3721.821,0
Guatemala,2010,GTM,14500118,1.56,3625.881,0
Guatemala,2011,GTM,14792123,1.11,3525.141,0
Guatemala,2012,GTM,15089639,1.52,3655.377,0
Guatemala,2013,GTM,15387339,1.97,3848.17,0
Guatemala,2014,GTM,15681725,2.17,3989.314,0
Guatemala,2015,GTM,15971745,2.43,4535.166,0
Guatemala,2016,GTM,16268761,2.59,4867.983,0
Guatemala,2017,GTM,16567363,1.94,4950.349,0
Guatemala,2018,GTM,16845688,2.63,4969.137,0
Guatemala,2019,GTM,17103803,2.77,5303.489,0
Guatemala,2020,GTM,17357331,2.77,5189.629,0.01
Guatemala,2021,GTM,17598652,3.85,5868.567,0.01
Guatemala,2022,GTM,17847877,3.49,5353.738,0.01
Guatemala,2023,GTM,18124841,3.46,5010.241,0
Guinea,1980,GIN,5047423,,729.674,
Guinea,1981,GIN,5143296,,701.955,
Guinea,1982,GIN,5247672,,699.989,
Guinea,1983,GIN,5359815,,698.022,
Guinea,1984,GIN,5480098,,684.86,
Guinea,1985,GIN,5610369,,623.392,
Guinea,1986,GIN,5750669,,747.028,
Guinea,1987,GIN,5900199,,780.014,
Guinea,1988,GIN,6056575,,770.618,
Guinea,1989,GIN,6215816,,723.327,
Guinea,1990,GIN,6434383,,938.483,
Guinea,1991,GIN,6697167,,699.275,
Guinea,1992,GIN,6914370,,699.789,
Guinea,1993,GIN,7128174,,711.862,
Guinea,1994,GIN,7345106,,698.76,
Guinea,1995,GIN,7553252,,673.256,
Guinea,1996,GIN,7770035,,656.713,
Guinea,1997,GIN,7931371,,660.096,
Guinea,1998,GIN,8081993,,658.193,
Guinea,1999,GIN,8265121,,653.772,
Guinea,2000,GIN,8428837,0,827.217,0
Guinea,2001,GIN,8539963,0,868.492,0
Guinea,2002,GIN,8674072,0,889.335,0
Guinea,2003,GIN,8870790,0,884.893,0
Guinea,2004,GIN,9062724,0,912.342,0
Guinea,2005,GIN,9245844,0,917.845,0
Guinea,2006,GIN,9441174,0,923.553,0
Guinea,2007,GIN,9662278,0,948.922,0
Guinea,2008,GIN,9898870,0,938.471,0
Guinea,2009,GIN,10143540,0,968.744,0
Guinea,2010,GIN,10396090,0,1101.519,0
Guinea,2011,GIN,10656812,0,1108.684,0
Guinea,2012,GIN,10921580,0,1037.643,0
Guinea,2013,GIN,11191874,0,892.738,0
Guinea,2014,GIN,11472921,0,911.535,0
Guinea,2015,GIN,11767077,0,1024.492,0
Guinea,2016,GIN,12073031,0,1114.532,0
Guinea,2017,GIN,12385668,0,1077.21,0
Guinea,2018,GIN,12704776,0,1126.458,0
Guinea,2019,GIN,13034349,0,1440.278,0
Guinea,2020,GIN,13371185,0,1580.168,0
Guinea,2021,GIN,13710515,0,1526.843,0
Guinea,2022,GIN,14055136,0,1532.633,0
Guinea,2023,GIN,14405469,0,1534.368,0
Guinea-Bissau,1980,GNB,829314,,431.963,
Guinea-Bissau,1981,GNB,842436,,424.073,
Guinea-Bissau,1982,GNB,855899,,417.402,
Guinea-Bissau,1983,GNB,869596,,410.828,
Guinea-Bissau,1984,GNB,883528,,540.61,
Guinea-Bissau,1985,GNB,897707,,596.944,
Guinea-Bissau,1986,GNB,912129,,505.34,
Guinea-Bissau,1987,GNB,926872,,858.248,
Guinea-Bissau,1988,GNB,942065,,970.938,
Guinea-Bissau,1989,GNB,957792,,965.947,
Guinea-Bissau,1990,GNB,973678,,1161.848,
Guinea-Bissau,1991,GNB,994640,,1137.362,
Guinea-Bissau,1992,GNB,1024365,,1173.178,
Guinea-Bissau,1993,GNB,1058755,,1243.681,
Guinea-Bissau,1994,GNB,1092037,,1205.777,
Guinea-Bissau,1995,GNB,1119950,,1175.725,
Guinea-Bissau,1996,GNB,1143544,,1105.314,
Guinea-Bissau,1997,GNB,1165550,,1129.727,
Guinea-Bissau,1998,GNB,1187478,,1108.866,
Guinea-Bissau,1999,GNB,1210211,,1088.037,
Guinea-Bissau,2000,GNB,1234747,0,807.302,0
Guinea-Bissau,2001,GNB,1261281,0,804.847,0
Guinea-Bissau,2002,GNB,1289317,0,804.351,0
Guinea-Bissau,2003,GNB,1318809,0,914.228,0
Guinea-Bissau,2004,GNB,1349569,0,924.365,0
Guinea-Bissau,2005,GNB,1381590,0,914.571,0
Guinea-Bissau,2006,GNB,1415315,0,913.13,0
Guinea-Bissau,2007,GNB,1450989,0,946.341,0
Guinea-Bissau,2008,GNB,1488059,0,898.696,0
Guinea-Bissau,2009,GNB,1526384,0,907.719,0
Guinea-Bissau,2010,GNB,1566352,0,907.742,0
Guinea-Bissau,2011,GNB,1608084,0,897.148,0
Guinea-Bissau,2012,GNB,1651425,0,890.799,0
Guinea-Bissau,2013,GNB,1695980,0,887.902,0
Guinea-Bissau,2014,GNB,1741126,0,908.412,0
Guinea-Bissau,2015,GNB,1786461,0,915.173,0
Guinea-Bissau,2016,GNB,1831898,0,929.211,0
Guinea-Bissau,2017,GNB,1877074,0,733.805,0
Guinea-Bissau,2018,GNB,1922167,0,765.152,0
Guinea-Bissau,2019,GNB,1967704,0,765.522,0
Guinea-Bissau,2020,GNB,2013259,0,700.355,0
Guinea-Bissau,2021,GNB,2058841,0,689.97,0
Guinea-Bissau,2022,GNB,2105535,0,685.234,0
Guinea-Bissau,2023,GNB,2153343,,689.11,
Guyana,1965,GUY,635135,,,
Guyana,1966,GUY,648654,,,
Guyana,1967,GUY,662316,,,
Guyana,1968,GUY,676171,,,
Guyana,1969,GUY,690229,,,
Guyana,1970,GUY,702714,,,
Guyana,1971,GUY,712672,,,
Guyana,1972,GUY,721630,,,
Guyana,1973,GUY,730149,,,
Guyana,1974,GUY,738063,,,
Guyana,1975,GUY,745407,,,
Guyana,1976,GUY,752258,,,
Guyana,1977,GUY,758659,,,
Guyana,1978,GUY,764594,,,
Guyana,1979,GUY,770067,,,
Guyana,1980,GUY,774372,,7867.423,
Guyana,1981,GUY,776461,,9579.985,
Guyana,1982,GUY,776718,,7423.481,
Guyana,1983,GUY,775897,,6632.96,
Guyana,1984,GUY,774119,,7468.793,
Guyana,1985,GUY,771484,,7634.432,
Guyana,1986,GUY,768104,,7284.452,
Guyana,1987,GUY,764125,,5562.295,
Guyana,1988,GUY,759674,,5529.957,
Guyana,1989,GUY,754873,,3739.315,
Guyana,1990,GUY,749891,,3622.151,
Guyana,1991,GUY,747870,,4283.125,
Guyana,1992,GUY,749919,,4745.295,
Guyana,1993,GUY,752969,,6033.274,
Guyana,1994,GUY,755821,,6007.938,
Guyana,1995,GUY,758395,,5081.873,
Guyana,1996,GUY,760535,,5523.307,
Guyana,1997,GUY,762250,,5864.672,
Guyana,1998,GUY,763596,,7570.988,
Guyana,1999,GUY,764490,,9080.963,
Guyana,2000,GUY,764836,0.01,8932.045,0
Guyana,2001,GUY,764484,0.01,8706.017,0
Guyana,2002,GUY,763657,0.01,8808.692,0
Guyana,2003,GUY,763107,0.01,9105.077,0
Guyana,2004,GUY,762424,0.01,8880.396,0
Guyana,2005,GUY,760922,0.01,8049.331,0
Guyana,2006,GUY,758976,0.01,7209.875,0
Guyana,2007,GUY,756874,0.01,8971.607,0
Guyana,2008,GUY,754614,0.01,8550.095,0
Guyana,2009,GUY,752097,0.01,8835.036,0
Guyana,2010,GUY,749259,0.01,9555.365,0
Guyana,2011,GUY,746161,0.01,9966.248,0
Guyana,2012,GUY,746296,0.02,11285.705,0
Guyana,2013,GUY,750020,0.02,10951.685,0
Guyana,2014,GUY,754231,0.02,10880.4,0
Guyana,2015,GUY,758783,0.03,11060.057,0
Guyana,2016,GUY,763553,0.02,12331.076,0
Guyana,2017,GUY,768483,0.01,12124.825,0
Guyana,2018,GUY,791563,0.01,11348.99,0
Guyana,2019,GUY,807668,0.01,12655.309,0
Guyana,2020,GUY,807486,0.01,12077.642,0
Guyana,2021,GUY,815484,0.01,12204.829,0
Guyana,2022,GUY,821638,0.01,13575.479,0.01
Guyana,2023,GUY,826357,0.07,13494.394,0.01
Guyana,2024,GUY,831092,,,
Haiti,1980,HTI,5614494,,762.94,
Haiti,1981,HTI,5723727,,541.857,
Haiti,1982,HTI,5835939,,649.592,
Haiti,1983,HTI,5951101,,548.623,
Haiti,1984,HTI,6069238,,544.715,
Haiti,1985,HTI,6190868,,619.313,
Haiti,1986,HTI,6316123,,604.472,
Haiti,1987,HTI,6445125,,907.408,
Haiti,1988,HTI,6578150,,947.808,
Haiti,1989,HTI,6714732,,855.769,
Haiti,1990,HTI,6854444,,494.328,
Haiti,1991,HTI,6995455,,497.611,
Haiti,1992,HTI,7136577,,539.39,
Haiti,1993,HTI,7278182,,392.163,
Haiti,1994,HTI,7419776,,329.282,
Haiti,1995,HTI,7562551,,535.783,
Haiti,1996,HTI,7707560,,616.15,
Haiti,1997,HTI,7854304,,766.092,
Haiti,1998,HTI,8002144,,711.985,
Haiti,1999,HTI,8151301,,771.808,
Haiti,2000,HTI,8303151,0,774.733,0
Haiti,2001,HTI,8455917,0,832.124,0
Haiti,2002,HTI,8607648,0,908.486,0
Haiti,2003,HTI,8759913,0,823.075,0
Haiti,2004,HTI,8910267,0,940.091,0
Haiti,2005,HTI,9061274,0,965.679,0
Haiti,2006,HTI,9216569,0,972.555,0
Haiti,2007,HTI,9373300,0,1059.405,0
Haiti,2008,HTI,9530782,0,1044.733,0
Haiti,2009,HTI,9689585,0,970.681,0
Haiti,2010,HTI,9803299,0,892.687,0
Haiti,2011,HTI,9914904,0,940.049,0
Haiti,2012,HTI,10069770,0,1002.771,0
Haiti,2013,HTI,10222365,0,1055.107,0
Haiti,2014,HTI,10373241,0,1131.308,0
Haiti,2015,HTI,10523249,0,1275.714,0
Haiti,2016,HTI,10671462,0,1308.607,0
Haiti,2017,HTI,10817759,0,1271.855,0
Haiti,2018,HTI,10962373,0,1051.65,0
Haiti,2019,HTI,11105165,0,1067.026,0
Haiti,2020,HTI,11243846,0,1040.939,0
Haiti,2021,HTI,11374592,0,991.191,0
Haiti,2022,HTI,11503603,0,1049.055,0
Haiti,2023,HTI,11637402,,1021.726,
High-income countries,1900,,521297821,,,
High-income countries,1901,,526745753,,,
High-income countries,1902,,532340252,,,
High-income countries,1903,,538085184,,,
High-income countries,1904,,543906470,,,
High-income countries,1905,,549806264,,,
High-income countries,1906,,555786187,,,
High-income countries,1907,,561851222,,,
High-income countries,1908,,567999566,,,
High-income countries,1909,,573585317,,,
High-income countries,1910,,578602376,,,
High-income countries,1911,,582983409,,,
High-income countries,1912,,586846583,,,
High-income countries,1913,,590131611,,,
High-income countries,1914,,593461508,,,
High-income countries,1915,,596776002,,,
High-income countries,1916,,600075052,,,
High-income countries,1917,,603403957,,,
High-income countries,1918,,606831228,,,
High-income countries,1919,,610828508,,,
High-income countries,1920,,615484140,,,
High-income countries,1921,,620658904,,,
High-income countries,1922,,626466827,,,
High-income countries,1923,,632807717,,,
High-income countries,1924,,639231658,,,
High-income countries,1925,,645741638,,,
High-income countries,1926,,652316952,,,
High-income countries,1927,,658958445,,,
High-income countries,1928,,665691164,,,
High-income countries,1929,,672193292,,,
High-income countries,1930,,678454074,,,
High-income countries,1931,,684481126,,,
High-income countries,1932,,690237662,,,
High-income countries,1933,,695721219,,,
High-income countries,1934,,701237682,,,
High-income countries,1935,,706798469,,,
High-income countries,1936,,712501220,,,
High-income countries,1937,,718319329,,,
High-income countries,1938,,724318862,,,
High-income countries,1939,,730498113,,,
High-income countries,1940,,736422923,,,
High-income countries,1941,,742141209,,,
High-income countries,1942,,747841836,,,
High-income countries,1943,,753641567,,,
High-income countries,1944,,759577616,,,
High-income countries,1945,,765070804,,,
High-income countries,1946,,769912900,,,
High-income countries,1947,,775400537,,,
High-income countries,1948,,782020517,,,
High-income countries,1949,,789461967,,,
High-income countries,1950,,803677085,,,
High-income countries,1951,,813122435,,,
High-income countries,1952,,822761916,,,
High-income countries,1953,,832946684,,,
High-income countries,1954,,843457760,,,
High-income countries,1955,,854182135,,,
High-income countries,1956,,864982708,,,
High-income countries,1957,,876095948,,,
High-income countries,1958,,887590973,,,
High-income countries,1959,,899076140,,,
High-income countries,1960,,910579223,,,
High-income countries,1961,,922087574,,,
High-income countries,1962,,933393647,,,
High-income countries,1963,,944422127,,,
High-income countries,1964,,955942899,,,
High-income countries,1965,,967359346,,32075.068,
High-income countries,1966,,977693793,,33339,
High-income countries,1967,,986958831,,34351.496,
High-income countries,1968,,996237549,,36248.086,
High-income countries,1969,,1006286584,,38330.812,
High-income countries,1970,,1016197398,,40146.617,
High-income countries,1971,,1026404337,,40792.527,
High-income countries,1972,,1036705088,,42506.242,
High-income countries,1973,,1046398353,,44475.398,
High-income countries,1974,,1055695228,,43426.965,
High-income countries,1975,,1064433412,,42288.184,
High-income countries,1976,,1072839002,,44261.426,
High-income countries,1977,,1081304497,,44958.09,
High-income countries,1978,,1089655062,,45944.145,
High-income countries,1979,,1098001915,,46838.48,
High-income countries,1980,,1106630742,,45174.734,
High-income countries,1981,,1115099447,,43882.965,
High-income countries,1982,,1123182624,,42383.164,
High-income countries,1983,,1131150387,,42360.469,
High-income countries,1984,,1138944221,,43879.98,
High-income countries,1985,,1146684440,,52993.895,1053.088
High-income countries,1986,,1154735607,,53483.664,1037.198
High-income countries,1987,,1163054785,,54735.273,1107.131
High-income countries,1988,,1171490531,,56097.699,1103.188
High-income countries,1989,,1179895365,,56585.102,1246.56
High-income countries,1990,,1187956164,,56502.078,1300.162
High-income countries,1991,,1196239408,,56283.902,1315.34
High-income countries,1992,,1203963230,,56089.293,1318.274
High-income countries,1993,,1210728993,,55989.203,1331.676
High-income countries,1994,,1217906022,,55962.336,1364.525
High-income countries,1995,,1224543783,,56623.625,1432.75
High-income countries,1996,,1230513703,,57703.828,1451.633
High-income countries,1997,,1236583684,,57591.367,1553.041
High-income countries,1998,,1242177352,,57499.934,1630.269
High-income countries,1999,,1247730970,,58050.312,1743.859
High-income countries,2000,,1253937735,124.72,58822.422,2014.47
High-income countries,2001,,1260506416,118.32,58501.754,2117.14
High-income countries,2002,,1267822166,129.78,58674.098,2237.2
High-income countries,2003,,1275305584,138.18,59013.02,2297.79
High-income countries,2004,,1282405681,151.4,59909.734,2453.91
High-income countries,2005,,1289639261,165.97,60020.297,2590.8
High-income countries,2006,,1297063813,175.1,60014.102,2735.03
High-income countries,2007,,1305649028,187.06,60186.129,2964.95
High-income countries,2008,,1314867453,195.47,59424.52,3047.25
High-income countries,2009,,1323319806,205.17,56306.059,3008.89
High-income countries,2010,,1331186276,223.68,58333.148,3273.5
High-income countries,2011,,1339286565,235.31,57733.805,3333.81
High-income countries,2012,,1347506296,255.57,57054.984,3539.28
High-income countries,2013,,1355469061,272.43,57259.289,3399.79
High-income countries,2014,,1363592543,287.59,56744.297,3416.31
High-income countries,2015,,1372281696,306.11,56602.145,3662.9
High-income countries,2016,,1380894709,305.31,56603.902,3902.47
High-income countries,2017,,1388094202,311.29,56773.027,3932.63
High-income countries,2018,,1394159697,318.63,57407.047,4106.57
High-income countries,2019,,1400146576,323.79,56568.652,4277.45
High-income countries,2020,,1403650770,328.74,52809.723,4250.22
High-income countries,2021,,1404873283,346.98,55067.871,4277.33
High-income countries,2022,,1410112397,335.79,55319.148,4406.35
High-income countries,2023,,1416794460,326.85,54580.777,4407.1
High-income countries,2024,,1420176158,,55284.637,
Honduras,1980,HND,3727179,,2166.642,
Honduras,1981,HND,3841781,,1951.492,
Honduras,1982,HND,3958735,,1900.154,
Honduras,1983,HND,4078177,,1989.736,
Honduras,1984,HND,4199855,,1945.892,
Honduras,1985,HND,4323338,,1745.458,
Honduras,1986,HND,4448905,,1884.803,
Honduras,1987,HND,4576911,,1811.714,
Honduras,1988,HND,4707683,,2086.744,
Honduras,1989,HND,4841843,,2409.278,
Honduras,1990,HND,4980493,,2620.887,
Honduras,1991,HND,5123797,,2526.353,
Honduras,1992,HND,5271437,,2543.546,
Honduras,1993,HND,5423253,,2440.815,
Honduras,1994,HND,5579247,,2529.65,
Honduras,1995,HND,5739636,,2761.003,
Honduras,1996,HND,5903962,,2942.957,
Honduras,1997,HND,6071458,,2954.274,
Honduras,1998,HND,6234436,,3187.987,
Honduras,1999,HND,6400470,,3303.002,
Honduras,2000,HND,6577781,0.01,3028.279,0
Honduras,2001,HND,6757992,0.06,3388.764,0
Honduras,2002,HND,6938866,0.09,3444.281,0
Honduras,2003,HND,7119213,0.2,3725.985,0
Honduras,2004,HND,7299003,0.37,4040.982,0
Honduras,2005,HND,7478362,0.13,3841.422,0
Honduras,2006,HND,7656832,0.14,3524.818,0
Honduras,2007,HND,7834806,0.17,4360.944,0
Honduras,2008,HND,8012590,0.2,4195.461,0
Honduras,2009,HND,8189904,0.48,3863.557,0
Honduras,2010,HND,8365881,0.45,3909.123,0
Honduras,2011,HND,8540587,0.53,3926.354,0
Honduras,2012,HND,8715081,0.54,4155.432,0
Honduras,2013,HND,8889276,0.6,4132.692,0
Honduras,2014,HND,9063127,0.38,4291.642,0
Honduras,2015,HND,9237306,0.9,4790.027,0
Honduras,2016,HND,9412380,1.09,4460.172,0
Honduras,2017,HND,9588144,1.2,4558.129,0
Honduras,2018,HND,9765209,1.08,4530.455,0
Honduras,2019,HND,9943637,1.46,4894.96,0
Honduras,2020,HND,10119638,1.25,4385.561,0
Honduras,2021,HND,10289881,1.2,4925.441,0
Honduras,2022,HND,10463880,1.25,5066.291,0
Honduras,2023,HND,10644853,1.25,4877.145,0
Hong Kong,1965,HKG,3855425,,6822.079,
Hong Kong,1966,HKG,4015304,,7104.274,
Hong Kong,1967,HKG,3474133,,9698.19,
Hong Kong,1968,HKG,3065330,,11883.904,
Hong Kong,1969,HKG,3395527,,12604.801,
Hong Kong,1970,HKG,3739916,,12294.843,
Hong Kong,1971,HKG,3989231,,12172.686,
Hong Kong,1972,HKG,4117125,,13396.263,
Hong Kong,1973,HKG,4223248,,13544.569,
Hong Kong,1974,HKG,4330727,,13521.407,
Hong Kong,1975,HKG,4438382,,12420.538,
Hong Kong,1976,HKG,4545134,,14321.024,
Hong Kong,1977,HKG,4650487,,15113.213,
Hong Kong,1978,HKG,4754069,,15358.811,
Hong Kong,1979,HKG,4857668,,15390.711,
Hong Kong,1980,HKG,4962488,,15394.662,
Hong Kong,1981,HKG,5060960,,16085.721,
Hong Kong,1982,HKG,5150097,,17349.246,
Hong Kong,1983,HKG,5235115,,18097.594,
Hong Kong,1984,HKG,5315980,,18258.678,
Hong Kong,1985,HKG,5393122,,18684.584,
Hong Kong,1986,HKG,5451437,,19369.373,
Hong Kong,1987,HKG,5486376,,21146.838,
Hong Kong,1988,HKG,5514904,,24234.162,
Hong Kong,1989,HKG,5540576,,25784.225,
Hong Kong,1990,HKG,5560599,,25061.643,
Hong Kong,1991,HKG,5628091,,25655.133,
Hong Kong,1992,HKG,5759558,,29503.812,
Hong Kong,1993,HKG,5902506,,31427.719,
Hong Kong,1994,HKG,6042259,,27819.545,
Hong Kong,1995,HKG,6177105,,29250.051,
Hong Kong,1996,HKG,6302469,,28654.012,
Hong Kong,1997,HKG,6416674,,28471.619,
Hong Kong,1998,HKG,6521331,,28557.631,
Hong Kong,1999,HKG,6616524,,28507.68,
Hong Kong,2000,HKG,6704665,0,29453.422,12.24
Hong Kong,2001,HKG,6774243,0,36818.906,12.37
Hong Kong,2002,HKG,6821412,0,35686.531,12.19
Hong Kong,2003,HKG,6858906,0,36653.867,7.65
Hong Kong,2004,HKG,6888164,0,40871.117,11.22
Hong Kong,2005,HKG,6908483,0,39095.48,11.2
Hong Kong,2006,HKG,6931089,0,41227.645,11.81
Hong Kong,2007,HKG,6971344,0,43609.16,10.25
Hong Kong,2008,HKG,7020689,0,40288.535,11.91
Hong Kong,2009,HKG,7064464,0,43719.992,11.08
Hong Kong,2010,HKG,7101614,0.04,45225.73,14.29
Hong Kong,2011,HKG,7142969,0.04,46105.625,11.03
Hong Kong,2012,HKG,7201059,0.04,43950.406,12.78
Hong Kong,2013,HKG,7264330,0.04,44742.965,9.51
Hong Kong,2014,HKG,7319502,0.04,43337.344,9.11
Hong Kong,2015,HKG,7366411,0.07,44316.176,12.67
Hong Kong,2016,HKG,7408006,0.14,45228.492,12.5
Hong Kong,2017,HKG,7444889,0.14,48266.77,12.44
Hong Kong,2018,HKG,7471190,0.14,48663.375,14.14
Hong Kong,2019,HKG,7485817,0.14,46026.332,15.54
Hong Kong,2020,HKG,7490240,0.14,34437.715,21.87
Hong Kong,2021,HKG,7484604,0.14,32558.352,22.26
Hong Kong,2022,HKG,7465913,0.15,29120.252,22.84
Hong Kong,2023,HKG,7442738,0.16,33757.816,23.8
Hong Kong,2024,HKG,7414914,,36808.547,
Hungary,1900,HUN,7106097,,,
Hungary,1901,HUN,7156618,,,
Hungary,1902,HUN,7207003,,,
Hungary,1903,HUN,7257247,,,
Hungary,1904,HUN,7307841,,,
Hungary,1905,HUN,7358788,,,
Hungary,1906,HUN,7410090,,,
Hungary,1907,HUN,7461749,,,
Hungary,1908,HUN,7513769,,,
Hungary,1909,HUN,7561436,,,
Hungary,1910,HUN,7604701,,,
Hungary,1911,HUN,7643515,,,
Hungary,1912,HUN,7677830,,,
Hungary,1913,HUN,7707596,,,
Hungary,1914,HUN,7737477,,,
Hungary,1915,HUN,7767474,,,
Hungary,1916,HUN,7797587,,,
Hungary,1917,HUN,7827817,,,
Hungary,1918,HUN,7858603,,,
Hungary,1919,HUN,7896685,,,
Hungary,1920,HUN,7942153,,,
Hungary,1921,HUN,7995099,,,
Hungary,1922,HUN,8055612,,,
Hungary,1923,HUN,8123785,,,
Hungary,1924,HUN,8192535,,,
Hungary,1925,HUN,8261866,,,
Hungary,1926,HUN,8331785,,,
Hungary,1927,HUN,8402295,,,
Hungary,1928,HUN,8473402,,,
Hungary,1929,HUN,8542835,,,
Hungary,1930,HUN,8610564,,,
Hungary,1931,HUN,8676559,,,
Hungary,1932,HUN,8740788,,,
Hungary,1933,HUN,8803220,,,
Hungary,1934,HUN,8866098,,,
Hungary,1935,HUN,8929425,,,
Hungary,1936,HUN,8993204,,,
Hungary,1937,HUN,9057438,,,
Hungary,1938,HUN,9122132,,,
Hungary,1939,HUN,9175084,,,
Hungary,1940,HUN,9216204,,,
Hungary,1941,HUN,9245400,,,
Hungary,1942,HUN,9262582,,,
Hungary,1943,HUN,9267656,,,
Hungary,1944,HUN,9272733,,,
Hungary,1945,HUN,9277812,,,
Hungary,1946,HUN,9282895,,,
Hungary,1947,HUN,9287980,,,
Hungary,1948,HUN,9293068,,,
Hungary,1949,HUN,9309618,,,
Hungary,1950,HUN,9337883,,,
Hungary,1951,HUN,9423178,,,
Hungary,1952,HUN,9503933,,,
Hungary,1953,HUN,9594481,,,
Hungary,1954,HUN,9704596,,,
Hungary,1955,HUN,9823216,,,
Hungary,1956,HUN,9853996,,,
Hungary,1957,HUN,9837926,,,
Hungary,1958,HUN,9880680,,,
Hungary,1959,HUN,9936845,,,
Hungary,1960,HUN,9983383,,,
Hungary,1961,HUN,10026515,,,
Hungary,1962,HUN,10058067,,,
Hungary,1963,HUN,10083843,,,
Hungary,1964,HUN,10114375,,,
Hungary,1965,HUN,10141118,,18240.141,
Hungary,1966,HUN,10170409,,18432.184,
Hungary,1967,HUN,10206812,,17526.768,
Hungary,1968,HUN,10244548,,18117.527,
Hungary,1969,HUN,10281595,,19331.869,
Hungary,1970,HUN,10315142,,20759.742,
Hungary,1971,HUN,10343972,,21374.479,
Hungary,1972,HUN,10374303,,22004.176,
Hungary,1973,HUN,10407441,,23751.666,
Hungary,1974,HUN,10453918,,24369.949,
Hungary,1975,HUN,10515654,,25649.277,
Hungary,1976,HUN,10573770,,27251.844,
Hungary,1977,HUN,10623145,,28520.711,
Hungary,1978,HUN,10660190,,30396.986,
Hungary,1979,HUN,10688259,,30020.951,
Hungary,1980,HUN,10695372,,30091.406,
Hungary,1981,HUN,10679329,,29831.559,
Hungary,1982,HUN,10656109,,30029.133,
Hungary,1983,HUN,10622989,,29603.729,
Hungary,1984,HUN,10584329,,30518.445,
Hungary,1985,HUN,10547258,,31608.328,
Hungary,1986,HUN,10511099,,31568.957,
Hungary,1987,HUN,10475103,,33093.109,
Hungary,1988,HUN,10440534,,32436.686,
Hungary,1989,HUN,10403421,,31711.219,
Hungary,1990,HUN,10381280,0.02,31138.303,4.47
Hungary,1991,HUN,10378174,0.02,29090.016,5.03
Hungary,1992,HUN,10371477,0.05,27927.746,4.2
Hungary,1993,HUN,10356869,0.04,26923.32,4.08
Hungary,1994,HUN,10339936,0.05,27426.154,4.83
Hungary,1995,HUN,10322792,0.06,27783.232,5.21
Hungary,1996,HUN,10302238,0.05,28367.492,6.37
Hungary,1997,HUN,10278600,0.05,27746.697,5.74
Hungary,1998,HUN,10251717,0.06,28236.934,7.32
Hungary,1999,HUN,10219797,0.06,28311.498,7.82
Hungary,2000,HUN,10190598,0.06,27555.037,6.6
Hungary,2001,HUN,10166693,0.07,28292.807,8.86
Hungary,2002,HUN,10138461,0.04,27707.572,10.74
Hungary,2003,HUN,10108970,0.16,28132.156,11.88
Hungary,2004,HUN,10085788,0.73,28646.92,11.72
Hungary,2005,HUN,10065703,1.66,30606.633,12.38
Hungary,2006,HUN,10049946,1.26,30055.938,13.16
Hungary,2007,HUN,10034084,1.56,29707.297,15.23
Hungary,2008,HUN,10016653,1.94,29340.787,15.18
Hungary,2009,HUN,10001381,2.33,27265.072,10.42
Hungary,2010,HUN,9979128,2.3,27840.814,11.6
Hungary,2011,HUN,9946675,1.86,27090.857,10.74
Hungary,2012,HUN,9916621,1.65,25322.736,9.4
Hungary,2013,HUN,9889344,1.83,24070.496,5.54
Hungary,2014,HUN,9862843,2.13,24158.225,4.24
Hungary,2015,HUN,9839211,2.16,25514.207,5.11
Hungary,2016,HUN,9810529,2.07,26042.918,6.48
Hungary,2017,HUN,9785608,2.15,27519.338,7.87
Hungary,2018,HUN,9774395,2.3,27746.227,7.28
Hungary,2019,HUN,9770346,2.23,28135.389,8.7
Hungary,2020,HUN,9749459,2.15,27727.416,9.09
Hungary,2021,HUN,9707848,2.23,29250.391,9.65
Hungary,2022,HUN,9684308,2.14,27575.229,8.87
Hungary,2023,HUN,9686465,1.56,26357.766,7.28
Hungary,2024,HUN,9676135,1.83,26952.049,7.13
Iceland,1965,ISL,192344,,39424.312,
Iceland,1966,ISL,195604,,40653.574,
Iceland,1967,ISL,198796,,39636.023,
Iceland,1968,ISL,201519,,41358.121,
Iceland,1969,ISL,203383,,40918.684,
Iceland,1970,ISL,204489,,49410.406,
Iceland,1971,ISL,206171,,53341.27,
Iceland,1972,ISL,209209,,57172.07,
Iceland,1973,ISL,212385,,68096.133,
Iceland,1974,ISL,215273,,65534.699,
Iceland,1975,ISL,218029,,62088.59,
Iceland,1976,ISL,220196,,63567.113,
Iceland,1977,ISL,221842,,66771.125,
Iceland,1978,ISL,223580,,69163.469,
Iceland,1979,ISL,225765,,71453.133,
Iceland,1980,ISL,228147,,71715.289,
Iceland,1981,ISL,230754,,72289.258,
Iceland,1982,ISL,233852,,73223.258,
Iceland,1983,ISL,236968,,74627.336,
Iceland,1984,ISL,239513,,77682.391,
Iceland,1985,ISL,241414,,76259.492,
Iceland,1986,ISL,243195,,79152.242,
Iceland,1987,ISL,245864,,80761.719,
Iceland,1988,ISL,249734,,83876.32,
Iceland,1989,ISL,252861,,85731.352,
Iceland,1990,ISL,254842,,85104.047,
Iceland,1991,ISL,257817,,82181.078,
Iceland,1992,ISL,261087,,84010.953,
Iceland,1993,ISL,263760,,86386.883,
Iceland,1994,ISL,266063,,86596.031,
Iceland,1995,ISL,267516,,88899.734,
Iceland,1996,ISL,268967,,93572.672,
Iceland,1997,ISL,271194,,97359.359,
Iceland,1998,ISL,274121,,104224.273,
Iceland,1999,ISL,277450,,112814.375,
Iceland,2000,ISL,281293,0,118131.695,0
Iceland,2001,ISL,285058,0,117870.156,0
Iceland,2002,ISL,287609,0,121384.805,0
Iceland,2003,ISL,289616,0,121147.977,0
Iceland,2004,ISL,292172,0,122464.852,0
Iceland,2005,ISL,296852,0,120949.797,0
Iceland,2006,ISL,303883,0,129596.773,0
Iceland,2007,ISL,311662,0,144452.812,0
Iceland,2008,ISL,317519,0,177787.047,0
Iceland,2009,ISL,318619,0,176872.812,0
Iceland,2010,ISL,318163,0,177223.719,0
Iceland,2011,ISL,319139,0,176654.859,0
Iceland,2012,ISL,320851,0,177335.031,0
Iceland,2013,ISL,323891,0,181285.359,0
Iceland,2014,ISL,327517,0,179012.797,0
Iceland,2015,ISL,330962,0,184937.594,0
Iceland,2016,ISL,335571,0,183095.906,0
Iceland,2017,ISL,343537,0,187012.172,0
Iceland,2018,ISL,352860,0,188342.578,0
Iceland,2019,ISL,360709,0,175565.688,0
Iceland,2020,ISL,366626,0,158421.688,0
Iceland,2021,ISL,372647,0,162740.016,0
Iceland,2022,ISL,380368,0,167531.625,0
Iceland,2023,ISL,387559,0,165312.656,0
Iceland,2024,ISL,393404,,159676.391,
India,1900,IND,280714154,,,
India,1901,IND,281834058,,,
India,1902,IND,283199773,,,
India,1903,IND,284812956,,,
India,1904,IND,286435299,,,
India,1905,IND,288066854,,,
India,1906,IND,289707671,,,
India,1907,IND,291357804,,,
India,1908,IND,293017306,,,
India,1909,IND,294397607,,,
India,1910,IND,295496971,,,
India,1911,IND,296313651,,,
India,1912,IND,296845891,,,
India,1913,IND,297091925,,,
India,1914,IND,297338132,,,
India,1915,IND,297584511,,,
India,1916,IND,297831063,,,
India,1917,IND,298077789,,,
India,1918,IND,298421342,,,
India,1919,IND,299273541,,,
India,1920,IND,300639878,,,
India,1921,IND,302525896,,,
India,1922,IND,304937193,,,
India,1923,IND,307879422,,,
India,1924,IND,310850039,,,
India,1925,IND,313849318,,,
India,1926,IND,316877536,,,
India,1927,IND,319934973,,,
India,1928,IND,323021910,,,
India,1929,IND,326429031,,,
India,1930,IND,330163509,,,
India,1931,IND,334232641,,,
India,1932,IND,338643856,,,
India,1933,IND,343404711,,,
India,1934,IND,348232496,,,
India,1935,IND,353128154,,,
India,1936,IND,358092638,,,
India,1937,IND,363126915,,,
India,1938,IND,368231967,,,
India,1939,IND,371781679,,,
India,1940,IND,373766276,,,
India,1941,IND,374175756,,,
India,1942,IND,372999886,,,
India,1943,IND,370228201,,,
India,1944,IND,367477113,,,
India,1945,IND,364746467,,,
India,1946,IND,362036112,,,
India,1947,IND,359345897,,,
India,1948,IND,356675672,,,
India,1949,IND,355893489,,,
India,1950,IND,346278818,,,
India,1951,IND,353870058,,,
India,1952,IND,361874906,,,
India,1953,IND,370104570,,,
India,1954,IND,378687141,,,
India,1955,IND,387700892,,,
India,1956,IND,396988905,,,
India,1957,IND,406253895,,,
India,1958,IND,415777436,,,
India,1959,IND,425780669,,,
India,1960,IND,435990342,,,
India,1961,IND,446564731,,,
India,1962,IND,457283091,,,
India,1963,IND,468138576,,,
India,1964,IND,479229599,,,
India,1965,IND,490140142,,1263.825,
India,1966,IND,500740250,,1274.94,
India,1967,IND,511606377,,1286.992,
India,1968,IND,522716893,,1346.781,
India,1969,IND,533880545,,1461.818,
India,1970,IND,545864271,,1399.141,
India,1971,IND,558096385,,1423.385,
India,1972,IND,570482138,,1465.179,
India,1973,IND,583465599,,1462.509,
India,1974,IND,597041391,,1514.112,
India,1975,IND,611309536,,1590.048,
India,1976,IND,625861887,,1628.88,
India,1977,IND,640801106,,1682.769,
India,1978,IND,655728226,,1709.508,
India,1979,IND,671155746,,1762.57,
India,1980,IND,687354029,,1772.884,
India,1981,IND,703696251,,1917.425,
India,1982,IND,720313473,,1854.816,
India,1983,IND,737372683,,1905.482,
India,1984,IND,754875449,,1988.3,
India,1985,IND,772647800,,2050.433,2.158
India,1986,IND,790689977,,2144.444,3.682
India,1987,IND,808931268,,2228.686,4.235
India,1988,IND,827342994,,2371.811,3.604
India,1989,IND,846039528,,2533.468,7.275
India,1990,IND,864972221,,2659.855,9.958
India,1991,IND,883927605,,2746.45,13.355
India,1992,IND,902957075,,2827.125,16.258
India,1993,IND,922118380,,2837.215,17.878
India,1994,IND,941163772,,2929.481,21.882
India,1995,IND,960301046,,3085.614,29.434
India,1996,IND,979678460,,3145.554,32.024
India,1997,IND,999133764,,3254.829,40.179
India,1998,IND,1018665080,,3386.291,50.175
India,1999,IND,1038225822,,3415.791,59.009
India,2000,IND,1057922731,1.69,3521.43,55.96
India,2001,IND,1077898579,2.07,3470.525,55.93
India,2002,IND,1097600380,2.14,3526.61,62.88
India,2003,IND,1116803000,2.71,3589.451,72.8
India,2004,IND,1135991509,3.31,3831.588,76.58
India,2005,IND,1154676321,4.04,3991.09,75.47
India,2006,IND,1172878888,5.59,4139.273,74.7
India,2007,IND,1190676028,7.4,4425.184,90.05
India,2008,IND,1207930960,9.3,4616.596,85.88
India,2009,IND,1225524764,10.56,4886.388,104.37
India,2010,IND,1243481565,13.22,5024.514,118.03
India,2011,IND,1261224956,15.46,5222.708,117.56
India,2012,IND,1278674501,16.52,5425.75,96.25
India,2013,IND,1295829507,17.57,5527.781,66.31
India,2014,IND,1312277184,21.14,5831.643,64.01
India,2015,IND,1328024494,18.36,5943.03,64.77
India,2016,IND,1343944296,17.2,6148.213,72.62
India,2017,IND,1359657398,14.99,6304.287,74.99
India,2018,IND,1374659067,18.4,6593.169,71.26
India,2019,IND,1389030307,18.99,6682.068,71.95
India,2020,IND,1402617694,19.88,6268.437,74.79
India,2021,IND,1414203896,21.2,6749.358,60.4
India,2022,IND,1425423209,23.29,7057.187,46.17
India,2023,IND,1438069597,23.01,7529.44,50.8
India,2024,IND,1450935785,22.25,7812.928,56.44
Indonesia,1900,IDN,38179623,,,
Indonesia,1901,IDN,38668903,,,
Indonesia,1902,IDN,39163692,,,
Indonesia,1903,IDN,39646401,,,
Indonesia,1904,IDN,40116661,,,
Indonesia,1905,IDN,40574022,,,
Indonesia,1906,IDN,41018198,,,
Indonesia,1907,IDN,41465424,,,
Indonesia,1908,IDN,41914876,,,
Indonesia,1909,IDN,42366545,,,
Indonesia,1910,IDN,42820498,,,
Indonesia,1911,IDN,43254585,,,
Indonesia,1912,IDN,43716724,,,
Indonesia,1913,IDN,44180972,,,
Indonesia,1914,IDN,44647319,,,
Indonesia,1915,IDN,45118696,,,
Indonesia,1916,IDN,45528655,,,
Indonesia,1917,IDN,45837761,,,
Indonesia,1918,IDN,46225903,,,
Indonesia,1919,IDN,46707410,,,
Indonesia,1920,IDN,47304303,,,
Indonesia,1921,IDN,47889453,,,
Indonesia,1922,IDN,48464913,,,
Indonesia,1923,IDN,49048301,,,
Indonesia,1924,IDN,49640203,,,
Indonesia,1925,IDN,50240326,,,
Indonesia,1926,IDN,50849550,,,
Indonesia,1927,IDN,51467289,,,
Indonesia,1928,IDN,52094423,,,
Indonesia,1929,IDN,52730659,,,
Indonesia,1930,IDN,53422386,,,
Indonesia,1931,IDN,54167255,,,
Indonesia,1932,IDN,54965265,,,
Indonesia,1933,IDN,55772671,,,
Indonesia,1934,IDN,56592409,,,
Indonesia,1935,IDN,57426239,,,
Indonesia,1936,IDN,58274749,,,
Indonesia,1937,IDN,59137646,,,
Indonesia,1938,IDN,60015810,,,
Indonesia,1939,IDN,60908068,,,
Indonesia,1940,IDN,61843190,,,
Indonesia,1941,IDN,62820886,,,
Indonesia,1942,IDN,63742503,,,
Indonesia,1943,IDN,64402814,,,
Indonesia,1944,IDN,64654432,,,
Indonesia,1945,IDN,64894598,,,
Indonesia,1946,IDN,65358783,,,
Indonesia,1947,IDN,66226965,,,
Indonesia,1948,IDN,67261032,,,
Indonesia,1949,IDN,68405199,,,
Indonesia,1950,IDN,68799031,,,
Indonesia,1951,IDN,70286313,,,
Indonesia,1952,IDN,71876439,,,
Indonesia,1953,IDN,73569145,,,
Indonesia,1954,IDN,75367367,,,
Indonesia,1955,IDN,77273505,,,
Indonesia,1956,IDN,79282557,,,
Indonesia,1957,IDN,81390843,,,
Indonesia,1958,IDN,83592765,,,
Indonesia,1959,IDN,85892866,,,
Indonesia,1960,IDN,88296074,,,
Indonesia,1961,IDN,90791252,,,
Indonesia,1962,IDN,93375848,,,
Indonesia,1963,IDN,96051426,,,
Indonesia,1964,IDN,98833758,,,
Indonesia,1965,IDN,101365131,,833.778,
Indonesia,1966,IDN,103792758,,808.304,
Indonesia,1967,IDN,106526398,,778.185,
Indonesia,1968,IDN,109450008,,807.906,
Indonesia,1969,IDN,112517639,,886.848,
Indonesia,1970,IDN,115657496,,924.764,
Indonesia,1971,IDN,118833700,,857.518,
Indonesia,1972,IDN,122039844,,885.506,
Indonesia,1973,IDN,125288516,,972.745,
Indonesia,1974,IDN,128555052,,1015.941,
Indonesia,1975,IDN,131843848,,1212.983,
Indonesia,1976,IDN,135173656,,1242.602,
Indonesia,1977,IDN,138533540,,1603.114,
Indonesia,1978,IDN,141953161,,1760.123,
Indonesia,1979,IDN,145434830,,1955.95,
Indonesia,1980,IDN,148950537,,2051.762,
Indonesia,1981,IDN,152485036,,2148.758,
Indonesia,1982,IDN,156052153,,2140.806,
Indonesia,1983,IDN,159651382,,2216.014,
Indonesia,1984,IDN,163251124,,2385.503,
Indonesia,1985,IDN,166776183,,2476.281,1.815
Indonesia,1986,IDN,170175065,,2591.599,1.862
Indonesia,1987,IDN,173511157,,2682.797,2.153
Indonesia,1988,IDN,176855071,,2778.564,2.638
Indonesia,1989,IDN,180201638,,3023.664,2.963
Indonesia,1990,IDN,183501097,,3270.71,3.401
Indonesia,1991,IDN,186778239,,3495.795,4.35
Indonesia,1992,IDN,190043742,,3772.081,3.249
Indonesia,1993,IDN,193305169,,3951.486,4.317
Indonesia,1994,IDN,196591829,,4067.548,12.333
Indonesia,1995,IDN,199888055,,4353.857,20.667
Indonesia,1996,IDN,203204353,,4592.158,21.856
Indonesia,1997,IDN,206536089,,4903.236,29.615
Indonesia,1998,IDN,209826791,,4744.717,31.073
Indonesia,1999,IDN,213004667,,5103.107,33.498
Indonesia,2000,IDN,216077789,4.28,5387.869,31.93
Indonesia,2001,IDN,219097905,4.58,5690.083,33.09
Indonesia,2002,IDN,222088499,4.7,5768.058,29.26
Indonesia,2003,IDN,225048005,4.8,6183.915,27.95
Indonesia,2004,IDN,227926649,5.01,6040.208,26.76
Indonesia,2005,IDN,230871648,5.33,6137.142,21.7
Indonesia,2006,IDN,233951650,4.9,6159.938,23.95
Indonesia,2007,IDN,237062338,5.98,6524.362,24.8
Indonesia,2008,IDN,240157902,6.5,6514.816,27.76
Indonesia,2009,IDN,243220024,6.11,6608.3,40.4
Indonesia,2010,IDN,246305327,7.81,7062.331,38.83
Indonesia,2011,IDN,249470029,8.65,7365.991,39.16
Indonesia,2012,IDN,252698525,8.87,7665.836,48.92
Indonesia,2013,IDN,255852464,9.14,7131.105,58.05
Indonesia,2014,IDN,258877395,9.18,7171.866,60.54
Indonesia,2015,IDN,261799249,9.75,7243.952,54.14
Indonesia,2016,IDN,264627429,10.21,7120.307,61.79
Indonesia,2017,IDN,267346654,11.47,7569.616,55.83
Indonesia,2018,IDN,269951847,12.13,7896.082,57.45
Indonesia,2019,IDN,272489381,12.17,8271.658,62.32
Indonesia,2020,IDN,274814861,12.35,7700.858,51.28
Indonesia,2021,IDN,276758056,14.96,7937.188,56.53
Indonesia,2022,IDN,278830527,20.62,9859.904,56.71
Indonesia,2023,IDN,281190068,22.48,9904.812,62.04
Indonesia,2024,IDN,283487933,21.33,10528.601,68.78
Iran,1900,IRN,10122370,,,
Iran,1901,IRN,10225598,,,
Iran,1902,IRN,10327712,,,
Iran,1903,IRN,10428677,,,
Iran,1904,IRN,10530628,,,
Iran,1905,IRN,10633576,,,
Iran,1906,IRN,10737529,,,
Iran,1907,IRN,10842498,,,
Iran,1908,IRN,10948492,,,
Iran,1909,IRN,10990047,,,
Iran,1910,IRN,10967798,,,
Iran,1911,IRN,10882360,,,
Iran,1912,IRN,10734332,,,
Iran,1913,IRN,10524294,,,
Iran,1914,IRN,10318365,,,
Iran,1915,IRN,10116464,,,
Iran,1916,IRN,9918514,,,
Iran,1917,IRN,9724436,,,
Iran,1918,IRN,9531760,,,
Iran,1919,IRN,9441677,,,
Iran,1920,IRN,9455525,,,
Iran,1921,IRN,9574734,,,
Iran,1922,IRN,9800820,,,
Iran,1923,IRN,10135396,,,
Iran,1924,IRN,10481394,,,
Iran,1925,IRN,10839204,,,
Iran,1926,IRN,11209228,,,
Iran,1927,IRN,11591884,,,
Iran,1928,IRN,11987603,,,
Iran,1929,IRN,12354653,,,
Iran,1930,IRN,12691310,,,
Iran,1931,IRN,12995777,,,
Iran,1932,IRN,13266186,,,
Iran,1933,IRN,13500586,,,
Iran,1934,IRN,13739128,,,
Iran,1935,IRN,13981885,,,
Iran,1936,IRN,14228931,,,
Iran,1937,IRN,14480343,,,
Iran,1938,IRN,14736196,,,
Iran,1939,IRN,14969197,,,
Iran,1940,IRN,15178703,,,
Iran,1941,IRN,15364059,,,
Iran,1942,IRN,15524597,,,
Iran,1943,IRN,15659633,,,
Iran,1944,IRN,15795843,,,
Iran,1945,IRN,15933238,,,
Iran,1946,IRN,16071828,,,
Iran,1947,IRN,16211624,,,
Iran,1948,IRN,16352636,,,
Iran,1949,IRN,16558920,,,
Iran,1950,IRN,16510553,,,
Iran,1951,IRN,16921282,,,
Iran,1952,IRN,17344436,,,
Iran,1953,IRN,17778109,,,
Iran,1954,IRN,18226205,,,
Iran,1955,IRN,18700800,,,
Iran,1956,IRN,19204391,,,
Iran,1957,IRN,19726844,,,
Iran,1958,IRN,20266508,,,
Iran,1959,IRN,20846777,,,
Iran,1960,IRN,21470433,,,
Iran,1961,IRN,22125729,,,
Iran,1962,IRN,22807908,,,
Iran,1963,IRN,23519008,,,
Iran,1964,IRN,24262863,,,
Iran,1965,IRN,25036982,,3885.868,
Iran,1966,IRN,25829273,,4105.297,
Iran,1967,IRN,26628430,,4380.706,
Iran,1968,IRN,27437391,,4674.292,
Iran,1969,IRN,28273483,,4978.35,
Iran,1970,IRN,29145099,,5697.054,
Iran,1971,IRN,30029069,,6056.818,
Iran,1972,IRN,30921178,,6669.136,
Iran,1973,IRN,31839835,,7740.961,
Iran,1974,IRN,32796453,,8521.274,
Iran,1975,IRN,33802971,,9633.732,
Iran,1976,IRN,34837282,,10519.447,
Iran,1977,IRN,35933181,,11547.531,
Iran,1978,IRN,37126534,,10926.728,
Iran,1979,IRN,38424956,,11398.028,
Iran,1980,IRN,39842323,,10191.557,
Iran,1981,IRN,41989316,,9705.724,
Iran,1982,IRN,44272140,,10389.114,
Iran,1983,IRN,46029540,,11864.153,
Iran,1984,IRN,47793999,,12348.089,
Iran,1985,IRN,49582289,,12987.326,13.737
Iran,1986,IRN,51446046,,11726.332,15.771
Iran,1987,IRN,53323491,,12128.986,13.528
Iran,1988,IRN,55072691,,11976.522,20.016
Iran,1989,IRN,56704920,,12714.513,26.361
Iran,1990,IRN,58380098,,13896.569,30.322
Iran,1991,IRN,59986931,,14673.675,35.002
Iran,1992,IRN,61184982,,15909.522,37.159
Iran,1993,IRN,61403548,,14669.319,40.284
Iran,1994,IRN,61520598,,16396.867,47.248
Iran,1995,IRN,62205571,,17007.227,46.6
Iran,1996,IRN,62881298,,18302.475,49.094
Iran,1997,IRN,63639637,,18638.291,58.892
Iran,1998,IRN,64519866,,19149.244,71.755
Iran,1999,IRN,65445389,,20346.25,77.151
Iran,2000,IRN,66418661,0,21026.74,81.56
Iran,2001,IRN,67452005,0,22121.531,89.5
Iran,2002,IRN,68011318,0,23913.191,98.04
Iran,2003,IRN,68769343,0,24083.326,109.85
Iran,2004,IRN,70256316,0,26075.348,114.61
Iran,2005,IRN,71828455,0,27012.971,124.58
Iran,2006,IRN,73392747,0,28889.373,125.12
Iran,2007,IRN,74602648,0,30213.291,138.75
Iran,2008,IRN,75514201,0,30767.291,135.06
Iran,2009,IRN,76457831,0,31118.98,149.41
Iran,2010,IRN,77420851,0.01,31753.627,173.85
Iran,2011,IRN,78383602,0.02,32584.848,142.33
Iran,2012,IRN,79370583,0.02,32428.09,156.35
Iran,2013,IRN,80414689,0.02,33255.664,137.69
Iran,2014,IRN,81502045,0.05,34196.25,192
Iran,2015,IRN,82619365,0.02,33441.344,206.61
Iran,2016,IRN,83812230,0.02,34845.238,225.32
Iran,2017,IRN,85026761,0.02,35561.832,252.5
Iran,2018,IRN,86117999,0.02,36251.887,266.29
Iran,2019,IRN,87051649,0.01,37875.234,244.51
Iran,2020,IRN,87723448,0.02,39001.836,268.23
Iran,2021,IRN,88455490,0.02,38159.27,302.18
Iran,2022,IRN,89524247,0.02,38985.188,313.42
Iran,2023,IRN,90608708,0.02,39688.281,321.96
Iran,2024,IRN,91567737,0.03,39203.609,340.05
Iraq,1900,IRQ,2399016,,,
Iraq,1901,IRQ,2449455,,,
Iraq,1902,IRQ,2495317,,,
Iraq,1903,IRQ,2536364,,,
Iraq,1904,IRQ,2578082,,,
Iraq,1905,IRQ,2620482,,,
Iraq,1906,IRQ,2663573,,,
Iraq,1907,IRQ,2707369,,,
Iraq,1908,IRQ,2751879,,,
Iraq,1909,IRQ,2799474,,,
Iraq,1910,IRQ,2850254,,,
Iraq,1911,IRQ,2904326,,,
Iraq,1912,IRQ,2961797,,,
Iraq,1913,IRQ,3022777,,,
Iraq,1914,IRQ,3085007,,,
Iraq,1915,IRQ,3148513,,,
Iraq,1916,IRQ,3213320,,,
Iraq,1917,IRQ,3279456,,,
Iraq,1918,IRQ,3342491,,,
Iraq,1919,IRQ,3402579,,,
Iraq,1920,IRQ,3459608,,,
Iraq,1921,IRQ,3513464,,,
Iraq,1922,IRQ,3564028,,,
Iraq,1923,IRQ,3611180,,,
Iraq,1924,IRQ,3658956,,,
Iraq,1925,IRQ,3707365,,,
Iraq,1926,IRQ,3756413,,,
Iraq,1927,IRQ,3806111,,,
Iraq,1928,IRQ,3856466,,,
Iraq,1929,IRQ,3899075,,,
Iraq,1930,IRQ,3933814,,,
Iraq,1931,IRQ,3960556,,,
Iraq,1932,IRQ,3979174,,,
Iraq,1933,IRQ,3989537,,,
Iraq,1934,IRQ,3999928,,,
Iraq,1935,IRQ,4010346,,,
Iraq,1936,IRQ,4020791,,,
Iraq,1937,IRQ,4031263,,,
Iraq,1938,IRQ,4041762,,,
Iraq,1939,IRQ,4077709,,,
Iraq,1940,IRQ,4140032,,,
Iraq,1941,IRQ,4229689,,,
Iraq,1942,IRQ,4347673,,,
Iraq,1943,IRQ,4495010,,,
Iraq,1944,IRQ,4647340,,,
Iraq,1945,IRQ,4804832,,,
Iraq,1946,IRQ,4967661,,,
Iraq,1947,IRQ,5136009,,,
Iraq,1948,IRQ,5310061,,,
Iraq,1949,IRQ,5483614,,,
Iraq,1950,IRQ,5653357,,,
Iraq,1951,IRQ,5774132,,,
Iraq,1952,IRQ,5913013,,,
Iraq,1953,IRQ,6064249,,,
Iraq,1954,IRQ,6219477,,,
Iraq,1955,IRQ,6366279,,,
Iraq,1956,IRQ,6507499,,,
Iraq,1957,IRQ,6633379,,,
Iraq,1958,IRQ,6741679,,,
Iraq,1959,IRQ,6870386,,,
Iraq,1960,IRQ,7022057,,,
Iraq,1961,IRQ,7194561,,,
Iraq,1962,IRQ,7413876,,,
Iraq,1963,IRQ,7667932,,,
Iraq,1964,IRQ,7929572,,,
Iraq,1965,IRQ,8202145,,2804.741,
Iraq,1966,IRQ,8485103,,2990.174,
Iraq,1967,IRQ,8778876,,2918.433,
Iraq,1968,IRQ,9085016,,2995.988,
Iraq,1969,IRQ,9403356,,3346.397,
Iraq,1970,IRQ,9735611,,4022.068,
Iraq,1971,IRQ,10077818,,4252.809,
Iraq,1972,IRQ,10430169,,4813.265,
Iraq,1973,IRQ,10795872,,4572.253,
Iraq,1974,IRQ,11167770,,4328.881,
Iraq,1975,IRQ,11543643,,4577.34,
Iraq,1976,IRQ,11927652,,5570.393,
Iraq,1977,IRQ,12331051,,5640.975,
Iraq,1978,IRQ,12753355,,5784.306,
Iraq,1979,IRQ,13170372,,7013.405,
Iraq,1980,IRQ,13591996,,7455.949,
Iraq,1981,IRQ,14006379,,6763.409,
Iraq,1982,IRQ,14406082,,6810.884,
Iraq,1983,IRQ,14840558,,7594.091,
Iraq,1984,IRQ,15310729,,8156.108,
Iraq,1985,IRQ,15683431,,9133.321,
Iraq,1986,IRQ,16074146,,10264.131,
Iraq,1987,IRQ,16521051,,11781.582,
Iraq,1988,IRQ,16908823,,13330.395,
Iraq,1989,IRQ,17364553,,14737.913,
Iraq,1990,IRQ,17581208,,13520.282,
Iraq,1991,IRQ,17767257,,8443.392,
Iraq,1992,IRQ,18300849,,13007.975,
Iraq,1993,IRQ,19201195,,16473.32,
Iraq,1994,IRQ,20139818,,17777.477,
Iraq,1995,IRQ,20825859,,17127.242,
Iraq,1996,IRQ,21501321,,16607.871,
Iraq,1997,IRQ,22176604,,19087.279,
Iraq,1998,IRQ,22884402,,13884.171,
Iraq,1999,IRQ,23636530,,9698.544,
Iraq,2000,IRQ,24424060,0,13208.813,5.99
Iraq,2001,IRQ,25197842,0,14302.593,5.24
Iraq,2002,IRQ,26006558,0,13171.254,4.48
Iraq,2003,IRQ,26802660,0,11342.992,2.96
Iraq,2004,IRQ,27577876,0,11821.411,1.9
Iraq,2005,IRQ,28407450,0,10851.643,10
Iraq,2006,IRQ,28616518,0,10470.602,14.18
Iraq,2007,IRQ,28391606,0,10642.609,12.94
Iraq,2008,IRQ,28971042,0,11938.793,18.25
Iraq,2009,IRQ,30058207,0,11294.105,18.2
Iraq,2010,IRQ,31045367,0,12635.254,15.07
Iraq,2011,IRQ,32161425,0,12595.847,18
Iraq,2012,IRQ,33654843,0,13112.636,10.28
Iraq,2013,IRQ,35281987,0,13759.076,12.45
Iraq,2014,IRQ,36550058,0,13055.939,15.15
Iraq,2015,IRQ,37560535,0,12548.263,21.07
Iraq,2016,IRQ,38469628,0,13119.015,20.89
Iraq,2017,IRQ,39337358,0,15213.562,33.75
Iraq,2018,IRQ,40265629,0,15464.542,53.45
Iraq,2019,IRQ,41192172,0,16212.383,66.44
Iraq,2020,IRQ,42116602,0,14121.946,71.51
Iraq,2021,IRQ,43071208,0,14358.384,70.87
Iraq,2022,IRQ,44070556,0,15429.901,90.24
Iraq,2023,IRQ,45074055,0,15925.554,87.42
Iraq,2024,IRQ,46042015,,16002.357,
Ireland,1900,IRL,,,,
Ireland,1901,IRL,,,,
Ireland,1902,IRL,,,,
Ireland,1903,IRL,,,,
Ireland,1904,IRL,,,,
Ireland,1905,IRL,,,,
Ireland,1906,IRL,,,,
Ireland,1907,IRL,,,,
Ireland,1908,IRL,,,,
Ireland,1909,IRL,,,,
Ireland,1910,IRL,,,,
Ireland,1911,IRL,,,,
Ireland,1912,IRL,,,,
Ireland,1913,IRL,,,,
Ireland,1914,IRL,,,,
Ireland,1915,IRL,,,,
Ireland,1916,IRL,,,,
Ireland,1917,IRL,,,,
Ireland,1918,IRL,,,,
Ireland,1919,IRL,,,,
Ireland,1920,IRL,,,,
Ireland,1921,IRL,,,,
Ireland,1922,IRL,,,,
Ireland,1923,IRL,,,,
Ireland,1924,IRL,,,,
Ireland,1925,IRL,,,,
Ireland,1926,IRL,,,,
Ireland,1927,IRL,,,,
Ireland,1928,IRL,,,,
Ireland,1929,IRL,,,,
Ireland,1930,IRL,,,,
Ireland,1931,IRL,,,,
Ireland,1932,IRL,,,,
Ireland,1933,IRL,,,,
Ireland,1934,IRL,,,,
Ireland,1935,IRL,,,,
Ireland,1936,IRL,,,,
Ireland,1937,IRL,,,,
Ireland,1938,IRL,,,,
Ireland,1939,IRL,,,,
Ireland,1940,IRL,,,,
Ireland,1941,IRL,,,,
Ireland,1942,IRL,,,,
Ireland,1943,IRL,,,,
Ireland,1944,IRL,,,,
Ireland,1945,IRL,,,,
Ireland,1946,IRL,,,,
Ireland,1947,IRL,,,,
Ireland,1948,IRL,,,,
Ireland,1949,IRL,,,,
Ireland,1950,IRL,2912656,,,
Ireland,1951,IRL,2936865,,,
Ireland,1952,IRL,2941463,,,
Ireland,1953,IRL,2929083,,,
Ireland,1954,IRL,2915174,,,
Ireland,1955,IRL,2899545,,,
Ireland,1956,IRL,2883752,,,
Ireland,1957,IRL,2869103,,,
Ireland,1958,IRL,2854004,,,
Ireland,1959,IRL,2839216,,,
Ireland,1960,IRL,2827691,,,
Ireland,1961,IRL,2824696,,,
Ireland,1962,IRL,2831496,,,
Ireland,1963,IRL,2843035,,,
Ireland,1964,IRL,2857169,,,
Ireland,1965,IRL,2873157,,23550.094,
Ireland,1966,IRL,2888884,,26240.732,
Ireland,1967,IRL,2905420,,28281.471,
Ireland,1968,IRL,2922789,,32787.957,
Ireland,1969,IRL,2940759,,32695.504,
Ireland,1970,IRL,2961402,,25597.258,
Ireland,1971,IRL,2993119,,26304.846,
Ireland,1972,IRL,3037153,,27369.965,
Ireland,1973,IRL,3084436,,28325.906,
Ireland,1974,IRL,3132177,,28382.971,
Ireland,1975,IRL,3180119,,26145.348,
Ireland,1976,IRL,3228393,,26290.859,
Ireland,1977,IRL,3277756,,27599.18,
Ireland,1978,IRL,3329185,,28268.697,
Ireland,1979,IRL,3375806,,30744.168,
Ireland,1980,IRL,3415240,,29404.793,
Ireland,1981,IRL,3448825,,28412.865,
Ireland,1982,IRL,3475532,,27992.15,
Ireland,1983,IRL,3497614,,27412.217,
Ireland,1984,IRL,3515953,,26979.043,
Ireland,1985,IRL,3531275,,28187.51,
Ireland,1986,IRL,3541875,,30351.934,
Ireland,1987,IRL,3540382,,30708.326,
Ireland,1988,IRL,3525092,,30693.938,
Ireland,1989,IRL,3511070,,31748.863,
Ireland,1990,IRL,3514015,0,33547.477,3.94
Ireland,1991,IRL,3534258,0,34649.891,3.75
Ireland,1992,IRL,3558417,0,34571.199,3.65
Ireland,1993,IRL,3576118,0,35129.172,4.53
Ireland,1994,IRL,3590162,0,36470.648,4.46
Ireland,1995,IRL,3610695,0,37006.93,5.16
Ireland,1996,IRL,3638507,0.03,38762.234,6.29
Ireland,1997,IRL,3672287,0.08,39683.773,6.57
Ireland,1998,IRL,3711075,0.09,42253.375,6.43
Ireland,1999,IRL,3752938,0.09,44108.691,6.96
Ireland,2000,IRL,3802589,0.09,45587.059,9.26
Ireland,2001,IRL,3862981,0.1,47416.109,9.15
Ireland,2002,IRL,3928441,0.08,46164.363,10.83
Ireland,2003,IRL,3992935,0.09,44291.898,13.04
Ireland,2004,IRL,4066066,0.11,44357.832,12.9
Ireland,2005,IRL,4155283,0.13,45285.484,11.57
Ireland,2006,IRL,4268775,0.13,45515.262,13.79
Ireland,2007,IRL,4393518,0.18,44912.613,16.06
Ireland,2008,IRL,4485992,0.22,43776.055,16.72
Ireland,2009,IRL,4533750,0.26,38954.852,16.3
Ireland,2010,IRL,4559084,0.31,39108.832,18.11
Ireland,2011,IRL,4579603,0.34,37178.258,15.43
Ireland,2012,IRL,4600135,0.44,36405.145,14.14
Ireland,2013,IRL,4624686,0.49,35677.523,13.13
Ireland,2014,IRL,4658236,0.54,35325.18,12.64
Ireland,2015,IRL,4702497,0.48,36983.117,12.45
Ireland,2016,IRL,4753506,0.68,38268.473,15.34
Ireland,2017,IRL,4810258,0.74,37987.566,15.68
Ireland,2018,IRL,4872559,0.85,38347.988,16.02
Ireland,2019,IRL,4933493,0.85,38065.551,15.91
Ireland,2020,IRL,4982602,0.92,35439.918,16.24
Ireland,2021,IRL,5028428,0.99,35772.973,15.16
Ireland,2022,IRL,5110015,1.01,36487.48,16.54
Ireland,2023,IRL,5196629,0.83,34725.469,15.36
Ireland,2024,IRL,5255016,1,34593.98,15.19
Israel,1900,ISR,359278,,,
Israel,1901,ISR,364057,,,
Israel,1902,ISR,368972,,,
Israel,1903,ISR,374026,,,
Israel,1904,ISR,379148,,,
Israel,1905,ISR,384341,,,
Israel,1906,ISR,389605,,,
Israel,1907,ISR,394940,,,
Israel,1908,ISR,400349,,,
Israel,1909,ISR,405451,,,
Israel,1910,ISR,410239,,,
Israel,1911,ISR,414705,,,
Israel,1912,ISR,418840,,,
Israel,1913,ISR,422638,,,
Israel,1914,ISR,426470,,,
Israel,1915,ISR,430337,,,
Israel,1916,ISR,434239,,,
Israel,1917,ISR,438176,,,
Israel,1918,ISR,442229,,,
Israel,1919,ISR,447821,,,
Israel,1920,ISR,455007,,,
Israel,1921,ISR,463840,,,
Israel,1922,ISR,474377,,,
Israel,1923,ISR,486676,,,
Israel,1924,ISR,499294,,,
Israel,1925,ISR,512239,,,
Israel,1926,ISR,525520,,,
Israel,1927,ISR,539144,,,
Israel,1928,ISR,553123,,,
Israel,1929,ISR,569352,,,
Israel,1930,ISR,587972,,,
Israel,1931,ISR,609126,,,
Israel,1932,ISR,632966,,,
Israel,1933,ISR,659653,,,
Israel,1934,ISR,687466,,,
Israel,1935,ISR,716451,,,
Israel,1936,ISR,746658,,,
Israel,1937,ISR,778139,,,
Israel,1938,ISR,810947,,,
Israel,1939,ISR,844322,,,
Israel,1940,ISR,878256,,,
Israel,1941,ISR,912743,,,
Israel,1942,ISR,947772,,,
Israel,1943,ISR,983331,,,
Israel,1944,ISR,1020225,,,
Israel,1945,ISR,1058503,,,
Israel,1946,ISR,1098217,,,
Israel,1947,ISR,1139421,,,
Israel,1948,ISR,1182170,,,
Israel,1949,ISR,1230283,,,
Israel,1950,ISR,1289244,,,
Israel,1951,ISR,1351813,,,
Israel,1952,ISR,1414224,,,
Israel,1953,ISR,1476336,,,
Israel,1954,ISR,1538044,,,
Israel,1955,ISR,1599497,,,
Israel,1956,ISR,1660640,,,
Israel,1957,ISR,1720530,,,
Israel,1958,ISR,1779007,,,
Israel,1959,ISR,1836348,,,
Israel,1960,ISR,1891941,,,
Israel,1961,ISR,1956894,,,
Israel,1962,ISR,2040967,,,
Israel,1963,ISR,2135049,,,
Israel,1964,ISR,2231855,,,
Israel,1965,ISR,2331450,,17588.584,
Israel,1966,ISR,2433836,,17520.318,
Israel,1967,ISR,2538658,,20378.406,
Israel,1968,ISR,2645472,,19906.221,
Israel,1969,ISR,2754159,,21610.744,
Israel,1970,ISR,2864773,,22179.049,
Israel,1971,ISR,2977303,,24217.994,
Israel,1972,ISR,3079404,,22180.969,
Israel,1973,ISR,3163042,,23021.08,
Israel,1974,ISR,3239987,,22569.314,
Israel,1975,ISR,3318087,,22645.977,
Israel,1976,ISR,3398266,,22669.367,
Israel,1977,ISR,3479619,,23247.664,
Israel,1978,ISR,3560404,,24807.955,
Israel,1979,ISR,3640877,,25062.9,
Israel,1980,ISR,3721666,,24875.012,
Israel,1981,ISR,3802233,,24763.396,
Israel,1982,ISR,3883640,,26197.996,
Israel,1983,ISR,3959631,,25711.223,
Israel,1984,ISR,4033735,,26263.891,
Israel,1985,ISR,4105362,,23932.822,
Israel,1986,ISR,4168966,,24791.057,
Israel,1987,ISR,4236875,,26159.48,
Israel,1988,ISR,4307324,,27578.678,
Israel,1989,ISR,4381512,,28363.648,
Israel,1990,ISR,4544995,,28412.639,
Israel,1991,ISR,4779892,,27464.557,
Israel,1992,ISR,4957240,,30903.604,
Israel,1993,ISR,5086041,,32710.389,
Israel,1994,ISR,5216697,,33271.812,
Israel,1995,ISR,5354734,,36455.285,
Israel,1996,ISR,5499555,,36784.227,
Israel,1997,ISR,5646476,,39177.164,
Israel,1998,ISR,5790143,,40205.156,
Israel,1999,ISR,5946079,,40576.605,
Israel,2000,ISR,6111194,0,37205.684,0.01
Israel,2001,ISR,6259977,0,36296.055,0.01
Israel,2002,ISR,6387714,0,36285.676,0.03
Israel,2003,ISR,6502821,0,36728.059,0.03
Israel,2004,ISR,6615084,0,36808.152,4.34
Israel,2005,ISR,6728212,0,36361.738,5.63
Israel,2006,ISR,6844029,0,35937.852,9.09
Israel,2007,ISR,6962456,0,36637.172,10.57
Israel,2008,ISR,7082621,0.01,37052.305,15.38
Israel,2009,ISR,7206096,0.04,35380.598,18.02
Israel,2010,ISR,7336735,0.06,36127.625,21.95
Israel,2011,ISR,7471023,0.07,36147.91,19.75
Israel,2012,ISR,7607781,0.08,37162.938,10.57
Israel,2013,ISR,7749369,0.04,34478.062,26.38
Israel,2014,ISR,7897173,0.06,33001.949,29.46
Israel,2015,ISR,8052916,0.07,34152.684,33.15
Israel,2016,ISR,8210006,0.11,34174.199,40.82
Israel,2017,ISR,8361796,0,34165.57,42.8
Israel,2018,ISR,8510067,0.13,34337.16,46.04
Israel,2019,ISR,8657466,0.11,34826.125,46.07
Israel,2020,ISR,8800380,0.12,32400.352,48.5
Israel,2021,ISR,8942925,0.1,32656.467,50.96
Israel,2022,ISR,9103143,0.11,33816.672,51.3
Israel,2023,ISR,9256311,0.11,30723.857,53.12
Israel,2024,ISR,9387015,,29591.316,
Italy,1900,ITA,33332371,,,
Italy,1901,ITA,33571430,,,
Italy,1902,ITA,33827207,,,
Italy,1903,ITA,34099919,,,
Italy,1904,ITA,34374827,,,
Italy,1905,ITA,34651950,,,
Italy,1906,ITA,34931305,,,
Italy,1907,ITA,35212911,,,
Italy,1908,ITA,35496784,,,
Italy,1909,ITA,35739219,,,
Italy,1910,ITA,35939804,,,
Italy,1911,ITA,36098124,,,
Italy,1912,ITA,36213760,,,
Italy,1913,ITA,36286291,,,
Italy,1914,ITA,36358965,,,
Italy,1915,ITA,36431783,,,
Italy,1916,ITA,36504744,,,
Italy,1917,ITA,36577850,,,
Italy,1918,ITA,36659635,,,
Italy,1919,ITA,36789373,,,
Italy,1920,ITA,36967588,,,
Italy,1921,ITA,37194808,,,
Italy,1922,ITA,37471567,,,
Italy,1923,ITA,37798403,,,
Italy,1924,ITA,38128090,,,
Italy,1925,ITA,38460652,,,
Italy,1926,ITA,38796116,,,
Italy,1927,ITA,39134505,,,
Italy,1928,ITA,39475845,,,
Italy,1929,ITA,39817412,,,
Italy,1930,ITA,40159184,,,
Italy,1931,ITA,40501139,,,
Italy,1932,ITA,40843255,,,
Italy,1933,ITA,41185511,,,
Italy,1934,ITA,41530635,,,
Italy,1935,ITA,41878651,,,
Italy,1936,ITA,42229584,,,
Italy,1937,ITA,42583457,,,
Italy,1938,ITA,42940295,,,
Italy,1939,ITA,43279914,,,
Italy,1940,ITA,43602046,,,
Italy,1941,ITA,43906421,,,
Italy,1942,ITA,44192767,,,
Italy,1943,ITA,44460808,,,
Italy,1944,ITA,44730474,,,
Italy,1945,ITA,45001776,,,
Italy,1946,ITA,45274723,,,
Italy,1947,ITA,45549326,,,
Italy,1948,ITA,45825595,,,
Italy,1949,ITA,46106450,,,
Italy,1950,ITA,46391674,,,
Italy,1951,ITA,46751901,,,
Italy,1952,ITA,47018177,,,
Italy,1953,ITA,47410885,,,
Italy,1954,ITA,47832233,,,
Italy,1955,ITA,48130817,,,
Italy,1956,ITA,48401948,,,
Italy,1957,ITA,48657025,,,
Italy,1958,ITA,48927096,,,
Italy,1959,ITA,49219450,,,
Italy,1960,ITA,49514555,,,
Italy,1961,ITA,49815254,,,
Italy,1962,ITA,50170591,,,
Italy,1963,ITA,50570978,,,
Italy,1964,ITA,51019579,,,
Italy,1965,ITA,51480733,,18035.141,
Italy,1966,ITA,51919068,,19420.695,
Italy,1967,ITA,52338335,,20863.756,
Italy,1968,ITA,52712156,,22385.43,
Italy,1969,ITA,53060141,,23935.73,
Italy,1970,ITA,53390231,,26261.807,
Italy,1971,ITA,53707794,,27486.805,
Italy,1972,ITA,54067562,,28634.213,
Italy,1973,ITA,54450571,,29675.035,
Italy,1974,ITA,54821114,,29465.531,
Italy,1975,ITA,55166046,,28665.332,
Italy,1976,ITA,55459415,,30092.428,
Italy,1977,ITA,55714552,,30052.439,
Italy,1978,ITA,55938969,,30667.773,
Italy,1979,ITA,56132382,,31517.723,
Italy,1980,ITA,56412086,,30557.152,
Italy,1981,ITA,56646752,,29792.107,
Italy,1982,ITA,56719178,,29162.83,
Italy,1983,ITA,56766114,,28526.531,
Italy,1984,ITA,56810355,,28948.076,
Italy,1985,ITA,56855499,,28786.316,24.712
Italy,1986,ITA,56875982,,29555.652,26.871
Italy,1987,ITA,56891919,,30427.41,31.732
Italy,1988,ITA,56928748,,31157.166,32.42
Italy,1989,ITA,56976750,,32029.633,34.407
Italy,1990,ITA,57031457,0.05,37737.582,39.71
Italy,1991,ITA,57075394,0.11,36630.781,36.34
Italy,1992,ITA,57124993,0.1,36780.156,35.48
Italy,1993,ITA,57170762,0.12,36187.422,39.96
Italy,1994,ITA,57420136,0.15,35948.75,40.8
Italy,1995,ITA,57403342,0.22,37758.719,47
Italy,1996,ITA,57162098,0.38,38073.223,50.19
Italy,1997,ITA,57189272,0.56,38427.555,61.29
Italy,1998,ITA,57215190,0.8,38487.336,70.88
Italy,1999,ITA,57240796,1.13,38694.242,86.98
Italy,2000,ITA,57272200,1.39,36668.406,101.36
Italy,2001,ITA,57305760,1.83,36587.203,104.19
Italy,2002,ITA,57420636,2.71,36598.094,99.41
Italy,2003,ITA,57739697,3.37,37583.359,117.3
Italy,2004,ITA,58176736,4.22,38239.617,129.84
Italy,2005,ITA,58519696,4.67,37986.016,149.33
Italy,2006,ITA,58754434,5.11,37816.105,158.14
Italy,2007,ITA,59108723,5.26,36801.336,172.71
Italy,2008,ITA,59561687,5.97,36098.609,172.77
Italy,2009,ITA,59904016,7.56,33300.102,147.36
Italy,2010,ITA,60164212,9.44,34277.355,152.81
Italy,2011,ITA,60367882,10.83,33467.977,144.6
Italy,2012,ITA,60531522,12.49,32379.41,129.14
Italy,2013,ITA,60653864,17.08,30716.307,108.91
Italy,2014,ITA,60664169,18.72,29940.508,93.66
Italy,2015,ITA,60575314,19.39,30350.078,110.88
Italy,2016,ITA,60478103,19.5,30333.92,126.17
Italy,2017,ITA,60390317,19.37,30594.736,140.36
Italy,2018,ITA,60277496,19.14,30853.664,128.56
Italy,2019,ITA,60130136,19.55,30599.51,141.7
Italy,2020,ITA,59912763,19.62,27764.078,133.7
Italy,2021,ITA,59729353,19.06,29887.174,144.01
Italy,2022,ITA,59619106,17.61,29444.67,141.47
Italy,2023,ITA,59499452,16.01,28246.553,119.02
Italy,2024,ITA,59342870,17.23,28584.518,118.59
Jamaica,1980,JAM,2145661,,15737.789,
Jamaica,1981,JAM,2173823,,13457.069,
Jamaica,1982,JAM,2203895,,11284.964,
Jamaica,1983,JAM,2234834,,11703.501,
Jamaica,1984,JAM,2264563,,9872.818,
Jamaica,1985,JAM,2290657,,8624.834,
Jamaica,1986,JAM,2312124,,8452.607,
Jamaica,1987,JAM,2329816,,9226.276,
Jamaica,1988,JAM,2345786,,10382.105,
Jamaica,1989,JAM,2361923,,11980.495,
Jamaica,1990,JAM,2379880,,12463.715,
Jamaica,1991,JAM,2400873,,12890.735,
Jamaica,1992,JAM,2424698,,13825.233,
Jamaica,1993,JAM,2449913,,13906.923,
Jamaica,1994,JAM,2475225,,14178.675,
Jamaica,1995,JAM,2500152,,15671.189,
Jamaica,1996,JAM,2524470,,15992.55,
Jamaica,1997,JAM,2547853,,16546.428,
Jamaica,1998,JAM,2569740,,16773.613,
Jamaica,1999,JAM,2589796,,17044.453,
Jamaica,2000,JAM,2607827,0.2,16599.863,0
Jamaica,2001,JAM,2624410,0.17,16758.637,0
Jamaica,2002,JAM,2640582,0.06,16495.219,0
Jamaica,2003,JAM,2656629,0.06,17072.861,0
Jamaica,2004,JAM,2672227,0.07,16572.15,0
Jamaica,2005,JAM,2687070,0.07,16972.453,0
Jamaica,2006,JAM,2700973,0.07,19292.854,0
Jamaica,2007,JAM,2713808,0.09,19579.225,0
Jamaica,2008,JAM,2725633,0.05,16516.637,0
Jamaica,2009,JAM,2737001,0.13,13012.702,0
Jamaica,2010,JAM,2748573,0.13,11906.095,0
Jamaica,2011,JAM,2760493,0.14,12538.882,0
Jamaica,2012,JAM,2772432,0.18,11726.472,0
Jamaica,2013,JAM,2783689,0.16,12705.904,0
Jamaica,2014,JAM,2793756,0.15,12441.397,0
Jamaica,2015,JAM,2802536,0.17,12817.113,0
Jamaica,2016,JAM,2809919,0.21,13239.611,0.05
Jamaica,2017,JAM,2815765,0.07,11680.155,0.82
Jamaica,2018,JAM,2820103,0.05,13204.306,0.47
Jamaica,2019,JAM,2823275,0.07,14605.562,1.26
Jamaica,2020,JAM,2830745,0.05,10243.102,2.48
Jamaica,2021,JAM,2837680,0.05,11227.207,2.54
Jamaica,2022,JAM,2839150,0.06,11773.948,2.39
Jamaica,2023,JAM,2839785,,12336.739,
Japan,1900,JPN,44416502,,,
Japan,1901,JPN,44903535,,,
Japan,1902,JPN,45413962,,,
Japan,1903,JPN,45948233,,,
Japan,1904,JPN,46488789,,,
Japan,1905,JPN,47035703,,,
Japan,1906,JPN,47589051,,,
Japan,1907,JPN,48148908,,,
Japan,1908,JPN,48715351,,,
Japan,1909,JPN,49292444,,,
Japan,1910,JPN,49880362,,,
Japan,1911,JPN,50479280,,,
Japan,1912,JPN,51089380,,,
Japan,1913,JPN,51710843,,,
Japan,1914,JPN,52339865,,,
Japan,1915,JPN,52976538,,,
Japan,1916,JPN,53620954,,,
Japan,1917,JPN,54273209,,,
Japan,1918,JPN,54927094,,,
Japan,1919,JPN,55611871,,,
Japan,1920,JPN,56328237,,,
Japan,1921,JPN,57076902,,,
Japan,1922,JPN,57858589,,,
Japan,1923,JPN,58674033,,,
Japan,1924,JPN,59500970,,,
Japan,1925,JPN,60339562,,,
Japan,1926,JPN,61189973,,,
Japan,1927,JPN,62052369,,,
Japan,1928,JPN,62926919,,,
Japan,1929,JPN,63798063,,,
Japan,1930,JPN,64665549,,,
Japan,1931,JPN,65529121,,,
Japan,1932,JPN,66388515,,,
Japan,1933,JPN,67243463,,,
Japan,1934,JPN,68109421,,,
Japan,1935,JPN,68986531,,,
Japan,1936,JPN,69874936,,,
Japan,1937,JPN,70774782,,,
Japan,1938,JPN,71686216,,,
Japan,1939,JPN,72625078,,,
Japan,1940,JPN,73591941,,,
Japan,1941,JPN,74587386,,,
Japan,1942,JPN,75612006,,,
Japan,1943,JPN,76666406,,,
Japan,1944,JPN,77735509,,,
Japan,1945,JPN,78819521,,,
Japan,1946,JPN,79918650,,,
Japan,1947,JPN,81033105,,,
Japan,1948,JPN,82163102,,,
Japan,1949,JPN,83270008,,,
Japan,1950,JPN,86443278,,,
Japan,1951,JPN,87849929,,,
Japan,1952,JPN,89135133,,,
Japan,1953,JPN,90324185,,,
Japan,1954,JPN,91407673,,,
Japan,1955,JPN,92425476,,,
Japan,1956,JPN,93342005,,,
Japan,1957,JPN,94108980,,,
Japan,1958,JPN,94846958,,,
Japan,1959,JPN,95622973,,,
Japan,1960,JPN,96399755,,,
Japan,1961,JPN,97217594,,,
Japan,1962,JPN,98076405,,,
Japan,1963,JPN,98958230,,,
Japan,1964,JPN,99890175,,,
Japan,1965,JPN,100916018,,18152.096,
Japan,1966,JPN,101887833,,20403.564,
Japan,1967,JPN,102965530,,22649.395,
Japan,1968,JPN,104237476,,24648.406,
Japan,1969,JPN,105475169,,28402.051,
Japan,1970,JPN,106712370,,32037.387,
Japan,1971,JPN,107952031,,33179.094,
Japan,1972,JPN,109238963,,35107.043,
Japan,1973,JPN,110614742,,38054.023,
Japan,1974,JPN,112009689,,37236.551,
Japan,1975,JPN,113321197,,36445.727,
Japan,1976,JPN,114502792,,37591.391,
Japan,1977,JPN,115574278,,37073.824,
Japan,1978,JPN,116576940,,37549.984,
Japan,1979,JPN,117521561,,37939.117,
Japan,1980,JPN,118358761,,36318.035,
Japan,1981,JPN,118994054,,35550.578,
Japan,1982,JPN,119485775,,34319.773,
Japan,1983,JPN,119948943,,35185.508,
Japan,1984,JPN,120384395,,36309.426,
Japan,1985,JPN,120832158,,37085.23,128.043
Japan,1986,JPN,121366733,,36872.027,130.836
Japan,1987,JPN,121943588,,38297.301,135.038
Japan,1988,JPN,122476957,,40230.734,141.933
Japan,1989,JPN,122947411,,41160.309,149.588
Japan,1990,JPN,123399767,,42012.113,172.93
Japan,1991,JPN,123889870,,43292.547,184.344
Japan,1992,JPN,124383707,,43625.438,184.159
Japan,1993,JPN,124839955,,44192.41,182.324
Japan,1994,JPN,125286861,,45642.43,199.12
Japan,1995,JPN,125672659,,47042.098,201.165
Japan,1996,JPN,125975304,,47861.875,212.916
Japan,1997,JPN,126265926,,48682.684,219.677
Japan,1998,JPN,126549182,,47804.98,230.1
Japan,1999,JPN,126801566,,48453.75,244.687
Japan,2000,JPN,127027794,16.11,49227.996,258.5
Japan,2001,JPN,127260144,16.03,48606.762,256.52
Japan,2002,JPN,127484599,16.94,48365.816,252.76
Japan,2003,JPN,127671254,17.88,48271.73,273.1
Japan,2004,JPN,127815769,18.05,48875.867,257.86
Japan,2005,JPN,127913331,21.69,49673.758,253.09
Japan,2006,JPN,127997247,21.53,49501.863,280.04
Japan,2007,JPN,128087683,22.2,48993.164,296.85
Japan,2008,JPN,128155992,21.29,48051.477,324.83
Japan,2009,JPN,128192471,20.33,43858.52,324.72
Japan,2010,JPN,128185273,21.83,46675.945,326.09
Japan,2011,JPN,128096430,21.11,44260.359,379.83
Japan,2012,JPN,127928283,22.13,43894.004,435.49
Japan,2013,JPN,127723642,23.18,43658.484,423.58
Japan,2014,JPN,127486601,23.63,42606.789,450.88
Japan,2015,JPN,127275868,28.49,42138.867,417.5
Japan,2016,JPN,127159950,23.67,41646.914,458.43
Japan,2017,JPN,127064686,23.8,42137.562,464.13
Japan,2018,JPN,126913432,25.75,41899.98,445.61
Japan,2019,JPN,126699421,27.6,41086.219,416.95
Japan,2020,JPN,126304533,30.37,38203.219,409.44
Japan,2021,JPN,125679342,34.79,40020.164,385.78
Japan,2022,JPN,124997585,37.83,39974.945,378.84
Japan,2023,JPN,124370947,42.01,39064.832,346.98
Japan,2024,JPN,123753041,45.42,38745.039,346.24
Jordan,1980,JOR,2234192,,10208.667,
Jordan,1981,JOR,2325528,,11631.365,
Jordan,1982,JOR,2426933,,12665.192,
Jordan,1983,JOR,2537307,,12841.106,
Jordan,1984,JOR,2654689,,13003.558,
Jordan,1985,JOR,2778819,,12823.284,
Jordan,1986,JOR,2909896,,13046.885,
Jordan,1987,JOR,3047634,,13402.703,
Jordan,1988,JOR,3193044,,11997.897,
Jordan,1989,JOR,3349638,,11786.406,
Jordan,1990,JOR,3621915,,11628.393,
Jordan,1991,JOR,3915152,,10203.808,
Jordan,1992,JOR,4127699,,11403.677,
Jordan,1993,JOR,4348018,,10706.335,
Jordan,1994,JOR,4561409,,11733.036,
Jordan,1995,JOR,4752097,,11803.904,
Jordan,1996,JOR,4912518,,12270.518,
Jordan,1997,JOR,5046287,,11545.732,
Jordan,1998,JOR,5164290,,12067.999,
Jordan,1999,JOR,5276450,,11933.068,
Jordan,2000,JOR,5386945,0,12299.419,0.74
Jordan,2001,JOR,5498900,0,11567.229,0.77
Jordan,2002,JOR,5616077,0,11879.504,0.68
Jordan,2003,JOR,5741837,0.01,12693.693,0.75
Jordan,2004,JOR,5882066,0.01,13459.61,4.49
Jordan,2005,JOR,6029597,0,14255.92,5.3
Jordan,2006,JOR,6427377,0.01,13830.34,7.81
Jordan,2007,JOR,6827235,0.01,12519.004,10.58
Jordan,2008,JOR,6989874,0.01,11778.231,11.86
Jordan,2009,JOR,7141763,0.01,11990.046,12.99
Jordan,2010,JOR,7297046,0.01,12214.337,10.52
Jordan,2011,JOR,7480431,0.01,12479.021,3.96
Jordan,2012,JOR,7587133,0.01,13055.925,3.08
Jordan,2013,JOR,7991812,0.01,12308.972,4.34
Jordan,2014,JOR,8791715,0.01,11480.571,1.3
Jordan,2015,JOR,9544730,0.01,11395.704,9.21
Jordan,2016,JOR,10006369,0,11480.458,16.64
Jordan,2017,JOR,10234227,0,11529.927,16.56
Jordan,2018,JOR,10462310,0,10799.418,16.95
Jordan,2019,JOR,10671893,0,10373.842,16.66
Jordan,2020,JOR,10865232,0,9092.539,15.95
Jordan,2021,JOR,11066356,0,9195.323,15.52
Jordan,2022,JOR,11256269,0,9883.87,16.49
Jordan,2023,JOR,11439220,,9644.626,
Kazakhstan,1985,KAZ,16031087,,49655.234,8.686
Kazakhstan,1986,KAZ,16262697,,50068.605,9.172
Kazakhstan,1987,KAZ,16527717,,50375.672,9.452
Kazakhstan,1988,KAZ,16781167,,51424.16,9.299
Kazakhstan,1989,KAZ,16997012,,49979.137,9.395
Kazakhstan,1990,KAZ,17154060,,50100.41,9.138
Kazakhstan,1991,KAZ,17278604,,49687.891,8.641
Kazakhstan,1992,KAZ,17332624,,48894.812,8.735
Kazakhstan,1993,KAZ,17274487,,43309.75,7.76
Kazakhstan,1994,KAZ,17043775,,39100.562,5.35
Kazakhstan,1995,KAZ,16730541,,35785.812,5.454
Kazakhstan,1996,KAZ,16416036,,31749.574,4.764
Kazakhstan,1997,KAZ,16043250,,28646.211,4.226
Kazakhstan,1998,KAZ,15647789,,27671.828,4.073
Kazakhstan,1999,KAZ,15455877,,26330.492,4.098
Kazakhstan,2000,KAZ,15501108,0,23852.965,5.52
Kazakhstan,2001,KAZ,15575550,0,26720.834,5.89
Kazakhstan,2002,KAZ,15656680,0,27077.492,6.23
Kazakhstan,2003,KAZ,15747377,0,29509.088,6.82
Kazakhstan,2004,KAZ,15850164,0,30953.795,7.15
Kazakhstan,2005,KAZ,15968118,0,31602.055,7.26
Kazakhstan,2006,KAZ,16103718,0,33743.172,8
Kazakhstan,2007,KAZ,16257212,0,37084.332,5.05
Kazakhstan,2008,KAZ,16426527,0,38683.312,8.21
Kazakhstan,2009,KAZ,16619851,0,34236.527,12.86
Kazakhstan,2010,KAZ,16836808,0,36301.137,7.35
Kazakhstan,2011,KAZ,17065996,0,40666.574,7.94
Kazakhstan,2012,KAZ,17306115,0,42173.152,14.63
Kazakhstan,2013,KAZ,17556502,0,41671.484,15.34
Kazakhstan,2014,KAZ,17816285,0,43168.984,17.11
Kazakhstan,2015,KAZ,18084175,0,35163.887,16.09
Kazakhstan,2016,KAZ,18363600,0,38735.684,17.55
Kazakhstan,2017,KAZ,18651931,0,41010.547,20.19
Kazakhstan,2018,KAZ,18932725,0,41684.305,19.92
Kazakhstan,2019,KAZ,19209556,0,41578.891,19.84
Kazakhstan,2020,KAZ,19482116,0.01,37774.996,22.51
Kazakhstan,2021,KAZ,19743607,0,41644.129,26.01
Kazakhstan,2022,KAZ,20034612,0,40893.367,28.23
Kazakhstan,2023,KAZ,20330109,0.01,41624.883,33.25
Kazakhstan,2024,KAZ,20592574,0,41865.195,34.71
Kenya,1980,KEN,16018465,,1702.323,
Kenya,1981,KEN,16601510,,1612.985,
Kenya,1982,KEN,17206177,,1543.044,
Kenya,1983,KEN,17846374,,1425.08,
Kenya,1984,KEN,18514908,,1366.637,
Kenya,1985,KEN,19201772,,1364.862,
Kenya,1986,KEN,19901643,,1381.185,
Kenya,1987,KEN,20616091,,1200.942,
Kenya,1988,KEN,21356222,,1305.828,
Kenya,1989,KEN,22118437,,1362.874,
Kenya,1990,KEN,22892655,,1326.129,
Kenya,1991,KEN,23646514,,1159.744,
Kenya,1992,KEN,24382466,,1237.183,
Kenya,1993,KEN,25117192,,1230.129,
Kenya,1994,KEN,25857136,,1220.581,
Kenya,1995,KEN,26601753,,1261.19,
Kenya,1996,KEN,27344211,,1279.355,
Kenya,1997,KEN,28101762,,1152.638,
Kenya,1998,KEN,28888063,,1256.086,
Kenya,1999,KEN,29733413,,1201.212,
Kenya,2000,KEN,30642893,0,1350.817,0
Kenya,2001,KEN,31619170,0,1260.534,0
Kenya,2002,KEN,32629809,0.47,1247.103,0
Kenya,2003,KEN,33652233,0.47,1111.784,0
Kenya,2004,KEN,34713453,0.47,1188.479,0
Kenya,2005,KEN,35796485,0.47,1259.569,0
Kenya,2006,KEN,36904010,0.47,1350.319,0
Kenya,2007,KEN,38036354,0.47,1309.021,0
Kenya,2008,KEN,39206349,0.47,1288.544,0
Kenya,2009,KEN,40408887,0.47,1398.126,0
Kenya,2010,KEN,41598570,0.47,1447.064,0
Kenya,2011,KEN,42758467,0.47,1465.129,0
Kenya,2012,KEN,43888306,0.47,1354.332,0
Kenya,2013,KEN,44986794,0.47,1423.846,0
Kenya,2014,KEN,46051441,0.47,1470.02,0
Kenya,2015,KEN,47088528,0.47,1671.833,0
Kenya,2016,KEN,48139683,0.52,1743.277,0
Kenya,2017,KEN,49197757,0.7,1727.493,0
Kenya,2018,KEN,50207109,0.16,1644.68,0
Kenya,2019,KEN,51202829,0.15,1678.614,0
Kenya,2020,KEN,52217327,0.22,1565.243,0
Kenya,2021,KEN,53219167,0.25,1634.881,0
Kenya,2022,KEN,54252458,0.26,1609.946,0
Kenya,2023,KEN,55339007,0.2,1607.913,0
Kenya,2024,KEN,56432946,0.28,,0
Kiribati,1980,KIR,61170,,2031.463,
Kiribati,1981,KIR,62137,,1994.384,
Kiribati,1982,KIR,63146,,1962.516,
Kiribati,1983,KIR,64183,,1930.808,
Kiribati,1984,KIR,65245,,952.292,
Kiribati,1985,KIR,66510,,931.627,
Kiribati,1986,KIR,68079,,941.739,
Kiribati,1987,KIR,69749,,1082.228,
Kiribati,1988,KIR,71445,,1058.921,
Kiribati,1989,KIR,73164,,1031.714,
Kiribati,1990,KIR,74872,,1008.178,
Kiribati,1991,KIR,76385,,998.918,
Kiribati,1992,KIR,77655,,974.24,
Kiribati,1993,KIR,78853,,957.279,
Kiribati,1994,KIR,80033,,943.165,
Kiribati,1995,KIR,81251,,929.026,
Kiribati,1996,KIR,82637,,915.505,
Kiribati,1997,KIR,84161,,896.904,
Kiribati,1998,KIR,85672,,881.085,
Kiribati,1999,KIR,87139,,866.294,
Kiribati,2000,KIR,88632,0,1640.822,0
Kiribati,2001,KIR,90350,0,1373.469,0
Kiribati,2002,KIR,92281,0,1970.857,0
Kiribati,2003,KIR,94189,0,2007.5,0
Kiribati,2004,KIR,96096,0,2107.549,0
Kiribati,2005,KIR,98045,0,2698.847,0
Kiribati,2006,KIR,100028,0,2943.564,0
Kiribati,2007,KIR,102081,0,2632.721,0
Kiribati,2008,KIR,104235,0,2887.03,0
Kiribati,2009,KIR,106479,0,2466.208,0
Kiribati,2010,KIR,108717,0,2402.143,0
Kiribati,2011,KIR,110660,0,2178.539,0
Kiribati,2012,KIR,112293,0,2119.364,0
Kiribati,2013,KIR,113847,0,2114.567,0
Kiribati,2014,KIR,115339,0,2094.633,0
Kiribati,2015,KIR,116826,0,2193.604,0
Kiribati,2016,KIR,118488,0,2312.025,0
Kiribati,2017,KIR,120288,0,2577.624,0
Kiribati,2018,KIR,122097,0,2569.699,0
Kiribati,2019,KIR,123928,0,2550.497,0
Kiribati,2020,KIR,126110,0,2468.371,0
Kiribati,2021,KIR,128387,0,2424.593,0
Kiribati,2022,KIR,130483,0,2414.867,0
Kiribati,2023,KIR,132540,,2513.841,
Kosovo,2000,,1802488,0,,0
Kosovo,2001,,1820013,0,,0
Kosovo,2002,,1829467,0,,0
Kosovo,2003,,1826436,0,,0
Kosovo,2004,,1822778,0,,0
Kosovo,2005,,1818356,0,,0
Kosovo,2006,,1813077,0,,0
Kosovo,2007,,1807098,0,,0
Kosovo,2008,,1800861,0,13495.893,0
Kosovo,2009,,1794688,0,15199.542,0
Kosovo,2010,,1788756,0,15077.887,0
Kosovo,2011,,1791949,0,15186.068,0
Kosovo,2012,,1806538,0,14999.254,0
Kosovo,2013,,1817171,0,14216.857,0
Kosovo,2014,,1808983,0,13214.047,0
Kosovo,2015,,1779019,0,15408.185,0
Kosovo,2016,,1761765,0,16056.002,0
Kosovo,2017,,1768125,0,14364.315,0
Kosovo,2018,,1767748,0,14571.582,0
Kosovo,2019,,1755048,0,16139.251,0
Kosovo,2020,,1751413,0,16199.065,0
Kosovo,2021,,1741449,0,17771.857,0
Kosovo,2022,,1717950,0,17638.699,0
Kosovo,2023,,1700039,0,15770.582,0
Kosovo,2024,,1684796,0,,0
Kuwait,1900,KWT,98794,,,
Kuwait,1901,KWT,99418,,,
Kuwait,1902,KWT,100045,,,
Kuwait,1903,KWT,100676,,,
Kuwait,1904,KWT,101311,,,
Kuwait,1905,KWT,101950,,,
Kuwait,1906,KWT,102594,,,
Kuwait,1907,KWT,103241,,,
Kuwait,1908,KWT,103892,,,
Kuwait,1909,KWT,104600,,,
Kuwait,1910,KWT,105366,,,
Kuwait,1911,KWT,106189,,,
Kuwait,1912,KWT,107072,,,
Kuwait,1913,KWT,108016,,,
Kuwait,1914,KWT,108967,,,
Kuwait,1915,KWT,109927,,,
Kuwait,1916,KWT,110895,,,
Kuwait,1917,KWT,111872,,,
Kuwait,1918,KWT,112822,,,
Kuwait,1919,KWT,113780,,,
Kuwait,1920,KWT,114746,,,
Kuwait,1921,KWT,115720,,,
Kuwait,1922,KWT,116703,,,
Kuwait,1923,KWT,117694,,,
Kuwait,1924,KWT,118694,,,
Kuwait,1925,KWT,119702,,,
Kuwait,1926,KWT,120718,,,
Kuwait,1927,KWT,121743,,,
Kuwait,1928,KWT,122777,,,
Kuwait,1929,KWT,123820,,,
Kuwait,1930,KWT,124871,,,
Kuwait,1931,KWT,125932,,,
Kuwait,1932,KWT,127001,,,
Kuwait,1933,KWT,128080,,,
Kuwait,1934,KWT,129167,,,
Kuwait,1935,KWT,130264,,,
Kuwait,1936,KWT,131371,,,
Kuwait,1937,KWT,132486,,,
Kuwait,1938,KWT,133611,,,
Kuwait,1939,KWT,134746,,,
Kuwait,1940,KWT,135890,,,
Kuwait,1941,KWT,137044,,,
Kuwait,1942,KWT,138208,,,
Kuwait,1943,KWT,139382,,,
Kuwait,1944,KWT,140565,,,
Kuwait,1945,KWT,141759,,,
Kuwait,1946,KWT,142963,,,
Kuwait,1947,KWT,144177,,,
Kuwait,1948,KWT,145401,,,
Kuwait,1949,KWT,148537,,,
Kuwait,1950,KWT,153973,,,
Kuwait,1951,KWT,158462,,,
Kuwait,1952,KWT,163169,,,
Kuwait,1953,KWT,168102,,,
Kuwait,1954,KWT,173256,,,
Kuwait,1955,KWT,186125,,,
Kuwait,1956,KWT,207222,,,
Kuwait,1957,KWT,227052,,,
Kuwait,1958,KWT,250216,,,
Kuwait,1959,KWT,279532,,,
Kuwait,1960,KWT,311066,,,
Kuwait,1961,KWT,345953,,,
Kuwait,1962,KWT,385005,,,
Kuwait,1963,KWT,427702,,,
Kuwait,1964,KWT,473122,,,
Kuwait,1965,KWT,521180,,152004.219,
Kuwait,1966,KWT,572597,,144746.547,
Kuwait,1967,KWT,628104,,134306.469,
Kuwait,1968,KWT,687726,,129087.234,
Kuwait,1969,KWT,749460,,121336.453,
Kuwait,1970,KWT,809118,,90725.359,
Kuwait,1971,KWT,865079,,84566.594,
Kuwait,1972,KWT,920358,,87963.906,
Kuwait,1973,KWT,977665,,82506.938,
Kuwait,1974,KWT,1038354,,74542.086,
Kuwait,1975,KWT,1104869,,62457.023,
Kuwait,1976,KWT,1178717,,69820.375,
Kuwait,1977,KWT,1258029,,66881.828,
Kuwait,1978,KWT,1340323,,68948.344,
Kuwait,1979,KWT,1423523,,79188.906,
Kuwait,1980,KWT,1504789,,56302.949,
Kuwait,1981,KWT,1583428,,68654.062,
Kuwait,1982,KWT,1662489,,64314.699,
Kuwait,1983,KWT,1744302,,67668.031,
Kuwait,1984,KWT,1820692,,69084.828,
Kuwait,1985,KWT,1894255,,63642.477,
Kuwait,1986,KWT,1972520,,69985.805,
Kuwait,1987,KWT,2053007,,62111.918,
Kuwait,1988,KWT,2134708,,67453.562,
Kuwait,1989,KWT,2217470,,69922.156,
Kuwait,1990,KWT,1684833,,54303.703,
Kuwait,1991,KWT,1351403,,34128.016,
Kuwait,1992,KWT,1634968,,49955.27,
Kuwait,1993,KWT,1672158,,59906.363,
Kuwait,1994,KWT,1664371,,70257.469,
Kuwait,1995,KWT,1681518,,89532.055,
Kuwait,1996,KWT,1730255,,86126.094,
Kuwait,1997,KWT,1787692,,86732.641,
Kuwait,1998,KWT,1844308,,103553.047,
Kuwait,1999,KWT,1900035,,104348.141,
Kuwait,2000,KWT,1954713,0,111608.148,10.65
Kuwait,2001,KWT,2008127,0,109465.539,10.53
Kuwait,2002,KWT,2059983,0,113044.562,8
Kuwait,2003,KWT,2109886,0,131814.344,9.8
Kuwait,2004,KWT,2157329,0,143647.453,11.43
Kuwait,2005,KWT,2236797,0,152611.672,10.97
Kuwait,2006,KWT,2364741,0,138972.203,14.95
Kuwait,2007,KWT,2507890,0,127463.469,15.55
Kuwait,2008,KWT,2651433,0,130233.758,18.46
Kuwait,2009,KWT,2795489,0,125259.391,15.35
Kuwait,2010,KWT,2943374,0,137603.578,19.75
Kuwait,2011,KWT,3132815,0,130844.328,22.5
Kuwait,2012,KWT,3337025,0,126699.711,31.31
Kuwait,2013,KWT,3507755,0,127883.844,27.27
Kuwait,2014,KWT,3665769,0,119275.031,33.78
Kuwait,2015,KWT,3834465,0,122225.258,37.77
Kuwait,2016,KWT,4003976,0,116373.016,40.73
Kuwait,2017,KWT,4154686,0,112401.039,36.41
Kuwait,2018,KWT,4323389,0,111575,39.44
Kuwait,2019,KWT,4442201,0,99692.883,42.4
Kuwait,2020,KWT,4400146,0,95378.398,39.24
Kuwait,2021,KWT,4360748,0,107581.398,41.08
Kuwait,2022,KWT,4589514,0,102111.328,43.51
Kuwait,2023,KWT,4838781,0,103089.836,43.57
Kuwait,2024,KWT,4934508,0,106398.594,44.78
Kyrgyzstan,1992,KGZ,4600308,,13925.849,
Kyrgyzstan,1993,KGZ,4626809,,11733.349,
Kyrgyzstan,1994,KGZ,4649190,,8738.146,
Kyrgyzstan,1995,KGZ,4713641,,6863.011,
Kyrgyzstan,1996,KGZ,4782885,,9066.211,
Kyrgyzstan,1997,KGZ,4847998,,8775.691,
Kyrgyzstan,1998,KGZ,4907792,,9123.519,
Kyrgyzstan,1999,KGZ,4968593,,9101.356,
Kyrgyzstan,2000,KGZ,5025150,0,8554.152,1.47
Kyrgyzstan,2001,KGZ,5071960,0,8168.012,1.68
Kyrgyzstan,2002,KGZ,5116252,0,6944.132,1.73
Kyrgyzstan,2003,KGZ,5159422,0,6508.634,1.47
Kyrgyzstan,2004,KGZ,5203048,0,6561.337,1.61
Kyrgyzstan,2005,KGZ,5246337,0,6315.117,0.65
Kyrgyzstan,2006,KGZ,5282451,0,6649.086,0.7
Kyrgyzstan,2007,KGZ,5313376,0,7616.677,0.38
Kyrgyzstan,2008,KGZ,5342530,0,7964.552,0.22
Kyrgyzstan,2009,KGZ,5398013,0,8012.048,0.08
Kyrgyzstan,2010,KGZ,5491763,0,7097.546,0.18
Kyrgyzstan,2011,KGZ,5594537,0,7469.331,0.15
Kyrgyzstan,2012,KGZ,5696521,0,9026.362,0.08
Kyrgyzstan,2013,KGZ,5797294,0,8369.903,0.03
Kyrgyzstan,2014,KGZ,5898322,0,8409.271,0.12
Kyrgyzstan,2015,KGZ,6001876,0,7766.934,0.17
Kyrgyzstan,2016,KGZ,6108460,0,7790.065,0.19
Kyrgyzstan,2017,KGZ,6220148,0,7503.813,0.12
Kyrgyzstan,2018,KGZ,6341733,0,8019.065,0.08
Kyrgyzstan,2019,KGZ,6494036,0,7083.414,0.09
Kyrgyzstan,2020,KGZ,6664143,0,6303.29,0.08
Kyrgyzstan,2021,KGZ,6820483,0,6373.353,0.17
Kyrgyzstan,2022,KGZ,6955792,0,7569.569,0.12
Kyrgyzstan,2023,KGZ,7073523,0,8082.865,0.13
Kyrgyzstan,2024,KGZ,7186014,0,,0.21
Laos,1980,LAO,3292575,,582.414,
Laos,1981,LAO,3366638,,310.693,
Laos,1982,LAO,3450022,,298.45,
Laos,1983,LAO,3541003,,291.157,
Laos,1984,LAO,3637845,,243.107,
Laos,1985,LAO,3739985,,253.74,
Laos,1986,LAO,3846720,,289.071,
Laos,1987,LAO,3957624,,283.494,
Laos,1988,LAO,4072608,,268.947,
Laos,1989,LAO,4190972,,306.182,
Laos,1990,LAO,4311960,,303.673,
Laos,1991,LAO,4435121,,325.536,
Laos,1992,LAO,4559650,,328.157,
Laos,1993,LAO,4685064,,337.123,
Laos,1994,LAO,4809223,,330.196,
Laos,1995,LAO,4929410,,368.387,
Laos,1996,LAO,5045686,,406.155,
Laos,1997,LAO,5152015,,429.554,
Laos,1998,LAO,5248273,,416.906,
Laos,1999,LAO,5340784,,408.503,
Laos,2000,LAO,5431213,0,927.386,0
Laos,2001,LAO,5521481,0,972.886,0
Laos,2002,LAO,5610888,0,1003.498,0
Laos,2003,LAO,5697944,0,1075.667,0
Laos,2004,LAO,5781627,0,1096.164,0
Laos,2005,LAO,5869531,0,1243.305,0
Laos,2006,LAO,5963199,0,1515.797,0
Laos,2007,LAO,6056237,0,1579.572,0
Laos,2008,LAO,6148974,0,1728.93,0
Laos,2009,LAO,6241649,0,1952.968,0
Laos,2010,LAO,6334198,0,2160.704,0
Laos,2011,LAO,6426592,0,2263.163,0
Laos,2012,LAO,6518981,0,2548.289,0
Laos,2013,LAO,6611385,0.01,2815.821,0
Laos,2014,LAO,6703170,0,2958.908,0
Laos,2015,LAO,6801647,0,5482.171,0
Laos,2016,LAO,6908800,0,8507.049,0
Laos,2017,LAO,7018150,0.03,9871.347,0
Laos,2018,LAO,7128043,0.05,10029.2,0
Laos,2019,LAO,7237635,0.05,10097.163,0
Laos,2020,LAO,7346534,0.06,9094.354,0
Laos,2021,LAO,7453192,0.05,9379.786,0
Laos,2022,LAO,7559008,0.04,8552.412,0
Laos,2023,LAO,7665001,0.04,10100.14,0
Latin America and Caribbean (Ember),2000,,,18.8,,137.59
Latin America and Caribbean (Ember),2001,,,20.77,,159.08
Latin America and Caribbean (Ember),2002,,,21.87,,176.12
Latin America and Caribbean (Ember),2003,,,24.59,,197.64
Latin America and Caribbean (Ember),2004,,,25.9,,224.43
Latin America and Caribbean (Ember),2005,,,27.8,,218.4
Latin America and Caribbean (Ember),2006,,,28.16,,248.33
Latin America and Caribbean (Ember),2007,,,34.01,,262.9
Latin America and Caribbean (Ember),2008,,,36.44,,282.72
Latin America and Caribbean (Ember),2009,,,40.83,,279
Latin America and Caribbean (Ember),2010,,,51.64,,325.59
Latin America and Caribbean (Ember),2011,,,53.91,,323.05
Latin America and Caribbean (Ember),2012,,,57.8,,369.19
Latin America and Caribbean (Ember),2013,,,64.8,,417.67
Latin America and Caribbean (Ember),2014,,,71.69,,441.39
Latin America and Caribbean (Ember),2015,,,76.32,,460.1
Latin America and Caribbean (Ember),2016,,,78.46,,453.3
Latin America and Caribbean (Ember),2017,,,79.72,,457.26
Latin America and Caribbean (Ember),2018,,,80.4,,468.33
Latin America and Caribbean (Ember),2019,,,81.89,,474.48
Latin America and Caribbean (Ember),2020,,,86.74,,452.74
Latin America and Caribbean (Ember),2021,,,85.22,,470.79
Latin America and Caribbean (Ember),2022,,,83.06,,424.11
Latin America and Caribbean (Ember),2023,,,86.86,,441.8
Latin America and Caribbean (Ember),2024,,,87.96,,452.18
Latvia,1985,LVA,2579237,,41209.336,
Latvia,1986,LVA,2599784,,37991.066,
Latvia,1987,LVA,2625969,,34319.852,
Latvia,1988,LVA,2652250,,32069.686,
Latvia,1989,LVA,2664839,,31910.703,
Latvia,1990,LVA,2660131,0,32558.719,1.73
Latvia,1991,LVA,2648933,0,30079.197,1.81
Latvia,1992,LVA,2614833,0,21914.455,1.15
Latvia,1993,LVA,2563820,0,19294.713,0.56
Latvia,1994,LVA,2521238,0,19003.898,0.31
Latvia,1995,LVA,2485948,0,18040.334,0.53
Latvia,1996,LVA,2457907,0,16983.689,0.52
Latvia,1997,LVA,2433229,0,17272.965,1.25
Latvia,1998,LVA,2410217,0,18987.279,1.08
Latvia,1999,LVA,2390822,0,16264.097,0.95
Latvia,2000,LVA,2368320,0,16068.618,1.13
Latvia,2001,LVA,2338299,0,17519.527,1.3
Latvia,2002,LVA,2311358,0.01,17873.787,1.31
Latvia,2003,LVA,2288983,0.02,17838.24,1.53
Latvia,2004,LVA,2264179,0.04,20282.883,1.43
Latvia,2005,LVA,2239787,0.04,21149.693,1.49
Latvia,2006,LVA,2219039,0.04,20249.385,2.1
Latvia,2007,LVA,2200774,0.04,21040.67,1.92
Latvia,2008,LVA,2177710,0.04,21398.684,2.06
Latvia,2009,LVA,2142044,0.05,20577.336,2.01
Latvia,2010,LVA,2097834,0.07,23815.148,2.99
Latvia,2011,LVA,2059940,0.12,21669.318,3.01
Latvia,2012,LVA,2034639,0.29,22749.254,2.06
Latvia,2013,LVA,2013004,0.5,22147.385,2.67
Latvia,2014,LVA,1994153,0.67,20567.852,2.34
Latvia,2015,LVA,1977874,0.77,21292.598,2.76
Latvia,2016,LVA,1959863,0.82,22950.191,2.94
Latvia,2017,LVA,1942599,0.93,25378.883,2.07
Latvia,2018,LVA,1927586,0.94,22825.789,3.22
Latvia,2019,LVA,1914267,0.93,23645.102,3.25
Latvia,2020,LVA,1901119,0.86,21682.367,2.08
Latvia,2021,LVA,1885593,0.86,22845.332,2.13
Latvia,2022,LVA,1881059,0.8,20474.271,1.21
Latvia,2023,LVA,1882399,0.66,21654.951,1.42
Latvia,2024,LVA,1871874,0.62,20722.363,1.68
Lebanon,1980,LBN,2944765,,9695.02,
Lebanon,1981,LBN,3008985,,8855.333,
Lebanon,1982,LBN,3054932,,8483.944,
Lebanon,1983,LBN,3095001,,8720.335,
Lebanon,1984,LBN,3152742,,8175.336,
Lebanon,1985,LBN,3217377,,9352.805,
Lebanon,1986,LBN,3300373,,8718.37,
Lebanon,1987,LBN,3385557,,8910.333,
Lebanon,1988,LBN,3454647,,7857.75,
Lebanon,1989,LBN,3525288,,6110.92,
Lebanon,1990,LBN,3595175,,5638.822,
Lebanon,1991,LBN,3668916,,9094.085,
Lebanon,1992,LBN,3747375,,9093.898,
Lebanon,1993,LBN,3820652,,11176.632,
Lebanon,1994,LBN,3889802,,12358.376,
Lebanon,1995,LBN,3960741,,13113.397,
Lebanon,1996,LBN,4034782,,13631.499,
Lebanon,1997,LBN,4108409,,15342.784,
Lebanon,1998,LBN,4181287,,15271.765,
Lebanon,1999,LBN,4255278,,15600.096,
Lebanon,2000,LBN,4329345,0,13793.698,0
Lebanon,2001,LBN,4401923,0,14536.152,0
Lebanon,2002,LBN,4463505,0,14182.44,0
Lebanon,2003,LBN,4525513,0,13828.311,0
Lebanon,2004,LBN,4599285,0,13763.996,0
Lebanon,2005,LBN,4671105,0,12968.104,0
Lebanon,2006,LBN,4751146,0,11933.208,0
Lebanon,2007,LBN,4844119,0,10372.43,0
Lebanon,2008,LBN,4925359,0,13316.851,0
Lebanon,2009,LBN,4992295,0,16190.095,0.19
Lebanon,2010,LBN,5041290,0,15401.946,0.99
Lebanon,2011,LBN,5096018,0,15405.057,0
Lebanon,2012,LBN,5235742,0,16755.264,0
Lebanon,2013,LBN,5743441,0,15143.684,0
Lebanon,2014,LBN,6346993,0,14433.08,0
Lebanon,2015,LBN,6472470,0,15547.409,0
Lebanon,2016,LBN,6323061,0,16396.982,0
Lebanon,2017,LBN,6160129,0,17961.676,0
Lebanon,2018,LBN,5984120,0.03,17397.031,0
Lebanon,2019,LBN,5794601,0.03,18132.562,0
Lebanon,2020,LBN,5702400,0.03,17183.104,0
Lebanon,2021,LBN,5718129,0.03,14689.979,0
Lebanon,2022,LBN,5744492,0.03,12473.167,0
Lebanon,2023,LBN,5773494,0.03,12632.702,0
Lesotho,1980,LSO,1406530,,425.101,
Lesotho,1981,LSO,1448073,,411.777,
Lesotho,1982,LSO,1490732,,399.994,
Lesotho,1983,LSO,1534414,,388.607,
Lesotho,1984,LSO,1578992,,378.67,
Lesotho,1985,LSO,1624385,,403.791,
Lesotho,1986,LSO,1666140,,412.922,
Lesotho,1987,LSO,1703395,,403.891,
Lesotho,1988,LSO,1739847,,266.111,
Lesotho,1989,LSO,1775437,,387.502,
Lesotho,1990,LSO,1809698,,486.257,
Lesotho,1991,LSO,1842383,,485.229,
Lesotho,1992,LSO,1873281,,496.879,
Lesotho,1993,LSO,1901799,,505.717,
Lesotho,1994,LSO,1927708,,554.633,
Lesotho,1995,LSO,1951441,,555.062,
Lesotho,1996,LSO,1972424,,555.788,
Lesotho,1997,LSO,1988140,,541.798,
Lesotho,1998,LSO,1998048,,469.034,
Lesotho,1999,LSO,2003238,,488.289,
Lesotho,2000,LSO,2003919,0,946.312,0
Lesotho,2001,LSO,2000859,0,961.376,0
Lesotho,2002,LSO,1994686,0,977.28,0
Lesotho,2003,LSO,1985060,0,995.66,0
Lesotho,2004,LSO,1971130,0,1040.304,0
Lesotho,2005,LSO,1953080,0,1129.982,0
Lesotho,2006,LSO,1945066,0,1175.113,0
Lesotho,2007,LSO,1953273,0,1495.337,0
Lesotho,2008,LSO,1966547,0,1270.846,0
Lesotho,2009,LSO,1980884,0,1469.491,0
Lesotho,2010,LSO,1996256,0,1557.578,0
Lesotho,2011,LSO,2014015,0,1505.866,0
Lesotho,2012,LSO,2034363,0,1613.91,0
Lesotho,2013,LSO,2056509,0,1610.642,0
Lesotho,2014,LSO,2080091,0,1641.573,0
Lesotho,2015,LSO,2104614,0,1577.33,0
Lesotho,2016,LSO,2130424,0,1737.047,0
Lesotho,2017,LSO,2157117,0,1842.364,0
Lesotho,2018,LSO,2183611,0,1771.341,0
Lesotho,2019,LSO,2209414,0,1821.103,0
Lesotho,2020,LSO,2235727,0,1613.199,0
Lesotho,2021,LSO,2261549,0,1755.905,0
Lesotho,2022,LSO,2286112,0,2108.48,0
Lesotho,2023,LSO,2311476,,2378.811,
Liberia,1980,LBR,1929260,,4446.222,
Liberia,1981,LBR,1986864,,3979.005,
Liberia,1982,LBR,2045076,,3872.59,
Liberia,1983,LBR,2107114,,3754.776,
Liberia,1984,LBR,2173314,,3313.448,
Liberia,1985,LBR,2240549,,3221.575,
Liberia,1986,LBR,2308516,,2371.911,
Liberia,1987,LBR,2377233,,1745.98,
Liberia,1988,LBR,2446942,,2175.64,
Liberia,1989,LBR,2517864,,1728.65,
Liberia,1990,LBR,2223667,,1080.268,
Liberia,1991,LBR,1956523,,691.586,
Liberia,1992,LBR,2072466,,684.634,
Liberia,1993,LBR,2155135,,726.56,
Liberia,1994,LBR,2149929,,728.32,
Liberia,1995,LBR,2169167,,721.86,
Liberia,1996,LBR,2232286,,728.595,
Liberia,1997,LBR,2412995,,672.205,
Liberia,1998,LBR,2670128,,628.516,
Liberia,1999,LBR,2821689,,594.757,
Liberia,2000,LBR,2928117,0,645.785,0
Liberia,2001,LBR,3015343,0,668.841,0
Liberia,2002,LBR,3094793,0,642.845,0
Liberia,2003,LBR,3119534,0,698.434,0
Liberia,2004,LBR,3156893,0,748.674,0
Liberia,2005,LBR,3301016,0,838.092,0
Liberia,2006,LBR,3490792,0,811.785,0
Liberia,2007,LBR,3669050,0,720.876,0
Liberia,2008,LBR,3821006,0,613.272,0
Liberia,2009,LBR,3943035,0,542.472,0
Liberia,2010,LBR,4058897,0,829.713,0
Liberia,2011,LBR,4221177,0,888.324,0
Liberia,2012,LBR,4373046,0,951.045,0
Liberia,2013,LBR,4470246,0,822.972,0
Liberia,2014,LBR,4564299,0,1061.386,0
Liberia,2015,LBR,4659436,0,1043.527,0
Liberia,2016,LBR,4755607,0,1175.481,0
Liberia,2017,LBR,4848927,0,995.341,0
Liberia,2018,LBR,4944728,0,440.826,0
Liberia,2019,LBR,5043719,0,718.299,0
Liberia,2020,LBR,5149470,0,548.427,0
Liberia,2021,LBR,5259327,0,508.531,0
Liberia,2022,LBR,5373297,0,531.162,0
Liberia,2023,LBR,5493035,0,533.96,0
Libya,1900,LBY,514376,,,
Libya,1901,LBY,522427,,,
Libya,1902,LBY,530539,,,
Libya,1903,LBY,538714,,,
Libya,1904,LBY,547013,,,
Libya,1905,LBY,555440,,,
Libya,1906,LBY,563995,,,
Libya,1907,LBY,572681,,,
Libya,1908,LBY,581500,,,
Libya,1909,LBY,590172,,,
Libya,1910,LBY,598690,,,
Libya,1911,LBY,607048,,,
Libya,1912,LBY,615240,,,
Libya,1913,LBY,623258,,,
Libya,1914,LBY,631380,,,
Libya,1915,LBY,639607,,,
Libya,1916,LBY,647939,,,
Libya,1917,LBY,656379,,,
Libya,1918,LBY,664048,,,
Libya,1919,LBY,671733,,,
Libya,1920,LBY,679435,,,
Libya,1921,LBY,687152,,,
Libya,1922,LBY,694884,,,
Libya,1923,LBY,702630,,,
Libya,1924,LBY,710462,,,
Libya,1925,LBY,718382,,,
Libya,1926,LBY,726390,,,
Libya,1927,LBY,734487,,,
Libya,1928,LBY,742675,,,
Libya,1929,LBY,751334,,,
Libya,1930,LBY,760476,,,
Libya,1931,LBY,770112,,,
Libya,1932,LBY,780251,,,
Libya,1933,LBY,790906,,,
Libya,1934,LBY,801706,,,
Libya,1935,LBY,812653,,,
Libya,1936,LBY,823750,,,
Libya,1937,LBY,834999,,,
Libya,1938,LBY,846401,,,
Libya,1939,LBY,860189,,,
Libya,1940,LBY,876455,,,
Libya,1941,LBY,895293,,,
Libya,1942,LBY,916801,,,
Libya,1943,LBY,941079,,,
Libya,1944,LBY,965999,,,
Libya,1945,LBY,991580,,,
Libya,1946,LBY,1017838,,,
Libya,1947,LBY,1044792,,,
Libya,1948,LBY,1072459,,,
Libya,1949,LBY,1101077,,,
Libya,1950,LBY,1131471,,,
Libya,1951,LBY,1145389,,,
Libya,1952,LBY,1162480,,,
Libya,1953,LBY,1183300,,,
Libya,1954,LBY,1208183,,,
Libya,1955,LBY,1241389,,,
Libya,1956,LBY,1282962,,,
Libya,1957,LBY,1328858,,,
Libya,1958,LBY,1379206,,,
Libya,1959,LBY,1433965,,,
Libya,1960,LBY,1492890,,,
Libya,1961,LBY,1555703,,,
Libya,1962,LBY,1621960,,,
Libya,1963,LBY,1690458,,,
Libya,1964,LBY,1753692,,,
Libya,1965,LBY,1804016,,,
Libya,1966,LBY,1849066,,,
Libya,1967,LBY,1898203,,,
Libya,1968,LBY,1952789,,,
Libya,1969,LBY,2014294,,,
Libya,1970,LBY,2082597,,,
Libya,1971,LBY,2153537,,,
Libya,1972,LBY,2226105,,,
Libya,1973,LBY,2314200,,,
Libya,1974,LBY,2432218,,,
Libya,1975,LBY,2571563,,,
Libya,1976,LBY,2721246,,,
Libya,1977,LBY,2881540,,,
Libya,1978,LBY,3052532,,,
Libya,1979,LBY,3233849,,,
Libya,1980,LBY,3424375,,34383.223,
Libya,1981,LBY,3621488,,29115.6,
Libya,1982,LBY,3724772,,28002.148,
Libya,1983,LBY,3718966,,30193.688,
Libya,1984,LBY,3773639,,29797.709,
Libya,1985,LBY,3898746,,31720.879,
Libya,1986,LBY,4017403,,32196.91,
Libya,1987,LBY,4129743,,32205.834,
Libya,1988,LBY,4237757,,32134.729,
Libya,1989,LBY,4342927,,32443.957,
Libya,1990,LBY,4445243,,33494.316,
Libya,1991,LBY,4544404,,34203.898,
Libya,1992,LBY,4640360,,31258.516,
Libya,1993,LBY,4733053,,31748.699,
Libya,1994,LBY,4822039,,32218.666,
Libya,1995,LBY,4906851,,33059.832,
Libya,1996,LBY,4987402,,34375.734,
Libya,1997,LBY,5064642,,35646.328,
Libya,1998,LBY,5140711,,33797.156,
Libya,1999,LBY,5218039,,30057.596,
Libya,2000,LBY,5305020,0,40140.523,3.4
Libya,2001,LBY,5403639,0,39725.164,3.55
Libya,2002,LBY,5508412,0,40171.859,3.7
Libya,2003,LBY,5619405,0,38797.039,3.86
Libya,2004,LBY,5736696,0,38933.094,3.83
Libya,2005,LBY,5858793,0,39424.711,5.98
Libya,2006,LBY,5980212,0,35416.367,9.8
Libya,2007,LBY,6104381,0,34466.789,11.54
Libya,2008,LBY,6235433,0,35030.727,11.75
Libya,2009,LBY,6366689,0,39264.84,11.91
Libya,2010,LBY,6497837,0,40569.051,15.34
Libya,2011,LBY,6343210,0,27274.67,15.55
Libya,2012,LBY,6179327,0,34885.809,20.73
Libya,2013,LBY,6304636,0,36775.57,22.14
Libya,2014,LBY,6427260,0,35231.008,20.26
Libya,2015,LBY,6531825,0,27587.34,20.26
Libya,2016,LBY,6632130,0,26594.119,22.8
Libya,2017,LBY,6738771,0,41165.113,22.83
Libya,2018,LBY,6849058,0,38450.117,22.41
Libya,2019,LBY,6951040,0,32330.232,23.25
Libya,2020,LBY,7045403,0,25440.334,21.63
Libya,2021,LBY,7135179,0,28791.734,26.61
Libya,2022,LBY,7223804,0,30359.734,26.7
Libya,2023,LBY,7305659,0,29554.363,26.7
Libya,2024,LBY,7381029,,,
Lithuania,1985,LTU,3562393,,50722.402,
Lithuania,1986,LTU,3593782,,46393.746,
Lithuania,1987,LTU,3627368,,48152.828,
Lithuania,1988,LTU,3672653,,49914.766,
Lithuania,1989,LTU,3696107,,53724.773,
Lithuania,1990,LTU,3695016,0,53062.188,6.77
Lithuania,1991,LTU,3701408,0,55805.352,6.29
Lithuania,1992,LTU,3697552,0,35524.789,1.26
Lithuania,1993,LTU,3680201,0,28100.664,0.26
Lithuania,1994,LTU,3654893,0,24378.572,0.33
Lithuania,1995,LTU,3627038,0,27396.791,0.23
Lithuania,1996,LTU,3599721,0,30085.943,0.65
Lithuania,1997,LTU,3573418,0,28106.1,0.49
Lithuania,1998,LTU,3547768,0,30396.541,0.28
Lithuania,1999,LTU,3522905,0,25028.938,1
Lithuania,2000,LTU,3500410,0,22425.547,1.62
Lithuania,2001,LTU,3473008,0,26014.41,1.88
Lithuania,2002,LTU,3444051,0,28448.023,2.11
Lithuania,2003,LTU,3415276,0.01,29933.268,2.52
Lithuania,2004,LTU,3376703,0.01,30611.701,2.69
Lithuania,2005,LTU,3322264,0.01,28395.758,3.02
Lithuania,2006,LTU,3269809,0.02,27434.281,2.46
Lithuania,2007,LTU,3231378,0.05,30665.432,2.4
Lithuania,2008,LTU,3198482,0.07,30585.244,2.03
Lithuania,2009,LTU,3163255,0.1,28460.291,2.1
Lithuania,2010,LTU,3097721,0.15,21369.939,3.19
Lithuania,2011,LTU,3028642,0.16,22682.41,2.67
Lithuania,2012,LTU,2988334,0.22,22966.498,2.88
Lithuania,2013,LTU,2958359,0.36,21436.043,2.22
Lithuania,2014,LTU,2933171,0.4,20866.352,1.75
Lithuania,2015,LTU,2905771,0.45,22063.779,1.98
Lithuania,2016,LTU,2869109,0.44,22908.295,0.99
Lithuania,2017,LTU,2829317,0.5,24440.611,0.6
Lithuania,2018,LTU,2802485,0.54,25323.756,0.33
Lithuania,2019,LTU,2795057,0.53,25257.848,0.52
Lithuania,2020,LTU,2795766,0.59,25143.193,1.7
Lithuania,2021,LTU,2794490,0.69,25102.789,1.22
Lithuania,2022,LTU,2816923,0.71,23098.156,0.51
Lithuania,2023,LTU,2854104,0.76,24025.424,0.58
Lithuania,2024,LTU,2859112,0.98,25660.391,0.84
Low-income countries,1900,,78667414,,,
Low-income countries,1901,,78682862,,,
Low-income countries,1902,,78706428,,,
Low-income countries,1903,,78738727,,,
Low-income countries,1904,,78775575,,,
Low-income countries,1905,,78816986,,,
Low-income countries,1906,,78862973,,,
Low-income countries,1907,,78913561,,,
Low-income countries,1908,,78968750,,,
Low-income countries,1909,,79127211,,,
Low-income countries,1910,,79394799,,,
Low-income countries,1911,,79777152,,,
Low-income countries,1912,,80282415,,,
Low-income countries,1913,,80917242,,,
Low-income countries,1914,,81591165,,,
Low-income countries,1915,,82306863,,,
Low-income countries,1916,,83067204,,,
Low-income countries,1917,,83875278,,,
Low-income countries,1918,,84738735,,,
Low-income countries,1919,,85484497,,,
Low-income countries,1920,,86111014,,,
Low-income countries,1921,,86615768,,,
Low-income countries,1922,,86995211,,,
Low-income countries,1923,,87244742,,,
Low-income countries,1924,,87532261,,,
Low-income countries,1925,,87856497,,,
Low-income countries,1926,,88216249,,,
Low-income countries,1927,,88610397,,,
Low-income countries,1928,,89037891,,,
Low-income countries,1929,,89554143,,,
Low-income countries,1930,,90154401,,,
Low-income countries,1931,,90834164,,,
Low-income countries,1932,,91589136,,,
Low-income countries,1933,,92415258,,,
Low-income countries,1934,,93252252,,,
Low-income countries,1935,,94100274,,,
Low-income countries,1936,,94959473,,,
Low-income countries,1937,,95830003,,,
Low-income countries,1938,,96712017,,,
Low-income countries,1939,,97666562,,,
Low-income countries,1940,,98695327,,,
Low-income countries,1941,,99800027,,,
Low-income countries,1942,,100982424,,,
Low-income countries,1943,,102244306,,,
Low-income countries,1944,,103526614,,,
Low-income countries,1945,,104829688,,,
Low-income countries,1946,,106153873,,,
Low-income countries,1947,,107499520,,,
Low-income countries,1948,,108866986,,,
Low-income countries,1949,,110396461,,,
Low-income countries,1950,,112417205,,,
Low-income countries,1951,,113856123,,,
Low-income countries,1952,,115581857,,,
Low-income countries,1953,,117615341,,,
Low-income countries,1954,,119859727,,,
Low-income countries,1955,,122293857,,,
Low-income countries,1956,,124856294,,,
Low-income countries,1957,,127501605,,,
Low-income countries,1958,,130192609,,,
Low-income countries,1959,,133046217,,,
Low-income countries,1960,,136125820,,,
Low-income countries,1961,,139355410,,,
Low-income countries,1962,,142712701,,,
Low-income countries,1963,,146205580,,,
Low-income countries,1964,,149870174,,,
Low-income countries,1965,,153698896,,,
Low-income countries,1966,,157660077,,,
Low-income countries,1967,,161829587,,,
Low-income countries,1968,,166200342,,,
Low-income countries,1969,,170666287,,,
Low-income countries,1970,,175246513,,,
Low-income countries,1971,,179913485,,,
Low-income countries,1972,,184581678,,,
Low-income countries,1973,,189471388,,,
Low-income countries,1974,,194562775,,,
Low-income countries,1975,,199687541,,,
Low-income countries,1976,,204927812,,,
Low-income countries,1977,,210124532,,,
Low-income countries,1978,,215869565,,,
Low-income countries,1979,,221895036,,,
Low-income countries,1980,,226853037,,2147.245,
Low-income countries,1981,,231334774,,2134.137,
Low-income countries,1982,,236940859,,2176.108,
Low-income countries,1983,,243386897,,2236.577,
Low-income countries,1984,,249991156,,2260.378,
Low-income countries,1985,,256719478,,2044.131,
Low-income countries,1986,,263482214,,1977.631,
Low-income countries,1987,,270539194,,1974.556,
Low-income countries,1988,,277807495,,2213.35,
Low-income countries,1989,,285400482,,1976.654,
Low-income countries,1990,,292948330,,2008.168,
Low-income countries,1991,,300652989,,1878.162,
Low-income countries,1992,,309670903,,1855.659,
Low-income countries,1993,,319597257,,1886.972,
Low-income countries,1994,,329120151,,1817.102,
Low-income countries,1995,,338706576,,1886.386,
Low-income countries,1996,,348800202,,1835.243,
Low-income countries,1997,,358821630,,1809.655,
Low-income countries,1998,,369081969,,1729.71,
Low-income countries,1999,,379700603,,1879.27,
Low-income countries,2000,,390079810,0.33,1795.422,9.36
Low-income countries,2001,,400757350,0.35,1743.664,11.05
Low-income countries,2002,,412670958,0.36,1735.088,12.77
Low-income countries,2003,,425077153,0.38,1716.008,15.27
Low-income countries,2004,,437382892,0.4,1777.063,13.22
Low-income countries,2005,,450155732,0.4,1833.602,14.09
Low-income countries,2006,,463744571,0.4,1818.613,14.41
Low-income countries,2007,,477551649,0.4,1774.76,12.16
Low-income countries,2008,,491406454,0.43,1821.446,12.94
Low-income countries,2009,,505585083,0.47,1719.689,19.87
Low-income countries,2010,,520054170,0.47,1705.838,27.68
Low-income countries,2011,,534808816,0.42,1501.496,24.03
Low-income countries,2012,,549451745,0.61,1354.59,20.83
Low-income countries,2013,,563526732,0.67,1290.947,18.14
Low-income countries,2014,,577586457,0.73,1253.278,17.22
Low-income countries,2015,,592175469,0.84,1122.695,16
Low-income countries,2016,,607867550,0.86,1126.211,15.24
Low-income countries,2017,,624557044,0.86,1291.178,14.54
Low-income countries,2018,,642186275,1.05,1264.928,14.15
Low-income countries,2019,,660718421,1.01,1275.5,14.89
Low-income countries,2020,,679560808,0.83,1162.153,12.98
Low-income countries,2021,,698215268,0.93,1115.686,13.84
Low-income countries,2022,,716865809,1.04,1112.384,12.21
Low-income countries,2023,,736466459,,1109.341,
Low-income countries,2024,,756667958,,,
Lower-middle-income countries,1900,,443464073,,,
Lower-middle-income countries,1901,,446098965,,,
Lower-middle-income countries,1902,,449128779,,,
Lower-middle-income countries,1903,,452562537,,,
Lower-middle-income countries,1904,,456057886,,,
Lower-middle-income countries,1905,,459617010,,,
Lower-middle-income countries,1906,,463242620,,,
Lower-middle-income countries,1907,,466936701,,,
Lower-middle-income countries,1908,,470701767,,,
Lower-middle-income countries,1909,,473988473,,,
Lower-middle-income countries,1910,,476785767,,,
Lower-middle-income countries,1911,,479086199,,,
Lower-middle-income countries,1912,,480876621,,,
Lower-middle-income countries,1913,,482143817,,,
Lower-middle-income countries,1914,,483424757,,,
Lower-middle-income countries,1915,,484719507,,,
Lower-middle-income countries,1916,,486028158,,,
Lower-middle-income countries,1917,,487354434,,,
Lower-middle-income countries,1918,,488893619,,,
Lower-middle-income countries,1919,,491108929,,,
Lower-middle-income countries,1920,,494008683,,,
Lower-middle-income countries,1921,,497597031,,,
Lower-middle-income countries,1922,,501883380,,,
Lower-middle-income countries,1923,,506876447,,,
Lower-middle-income countries,1924,,511932610,,,
Lower-middle-income countries,1925,,517051856,,,
Lower-middle-income countries,1926,,522235001,,,
Lower-middle-income countries,1927,,527482858,,,
Lower-middle-income countries,1928,,532796272,,,
Lower-middle-income countries,1929,,538633716,,,
Lower-middle-income countries,1930,,545005966,,,
Lower-middle-income countries,1931,,551925685,,,
Lower-middle-income countries,1932,,559407948,,,
Lower-middle-income countries,1933,,567464435,,,
Lower-middle-income countries,1934,,575651587,,,
Lower-middle-income countries,1935,,583960986,,,
Lower-middle-income countries,1936,,592391606,,,
Lower-middle-income countries,1937,,600940683,,,
Lower-middle-income countries,1938,,609623230,,,
Lower-middle-income countries,1939,,617004543,,,
Lower-middle-income countries,1940,,623084701,,,
Lower-middle-income countries,1941,,627857196,,,
Lower-middle-income countries,1942,,631328652,,,
Lower-middle-income countries,1943,,633501601,,,
Lower-middle-income countries,1944,,635814140,,,
Lower-middle-income countries,1945,,638268328,,,
Lower-middle-income countries,1946,,640861710,,,
Lower-middle-income countries,1947,,643596803,,,
Lower-middle-income countries,1948,,646476287,,,
Lower-middle-income countries,1949,,651575738,,,
Lower-middle-income countries,1950,,648289463,,,
Lower-middle-income countries,1951,,662454733,,,
Lower-middle-income countries,1952,,677401949,,,
Lower-middle-income countries,1953,,692929778,,,
Lower-middle-income countries,1954,,709181786,,,
Lower-middle-income countries,1955,,726288830,,,
Lower-middle-income countries,1956,,744009729,,,
Lower-middle-income countries,1957,,762101433,,,
Lower-middle-income countries,1958,,780762688,,,
Lower-middle-income countries,1959,,800309720,,,
Lower-middle-income countries,1960,,820432675,,,
Lower-middle-income countries,1961,,841045554,,,
Lower-middle-income countries,1962,,862159103,,,
Lower-middle-income countries,1963,,883813682,,,
Lower-middle-income countries,1964,,905989194,,,
Lower-middle-income countries,1965,,928291576,,984.089,
Lower-middle-income countries,1966,,950568906,,1022.849,
Lower-middle-income countries,1967,,973418801,,1041.991,
Lower-middle-income countries,1968,,996828669,,1099.878,
Lower-middle-income countries,1969,,1020575229,,1156.902,
Lower-middle-income countries,1970,,1045159738,,1143.692,
Lower-middle-income countries,1971,,1069570829,,1155.542,
Lower-middle-income countries,1972,,1094653937,,1177.399,
Lower-middle-income countries,1973,,1121463914,,1188.105,
Lower-middle-income countries,1974,,1149216973,,1197.36,
Lower-middle-income countries,1975,,1177835803,,1256.911,
Lower-middle-income countries,1976,,1207026504,,1273.054,
Lower-middle-income countries,1977,,1237143677,,1323.11,
Lower-middle-income countries,1978,,1267780648,,1349.527,
Lower-middle-income countries,1979,,1299681665,,1400.428,
Lower-middle-income countries,1980,,1333878754,,1428.946,
Lower-middle-income countries,1981,,1369121632,,1518.317,
Lower-middle-income countries,1982,,1404778309,,1510.171,
Lower-middle-income countries,1983,,1441034781,,1550.805,
Lower-middle-income countries,1984,,1477907041,,1597.45,
Lower-middle-income countries,1985,,1515552078,,1935.75,
Lower-middle-income countries,1986,,1553815501,,1976.922,
Lower-middle-income countries,1987,,1592569215,,2056.46,
Lower-middle-income countries,1988,,1631722258,,2135.547,
Lower-middle-income countries,1989,,1671269097,,2240.188,
Lower-middle-income countries,1990,,1711864220,,2318.127,
Lower-middle-income countries,1991,,1752608523,,2343.769,
Lower-middle-income countries,1992,,1793067376,,2374.911,
Lower-middle-income countries,1993,,1833937911,,2411.148,
Lower-middle-income countries,1994,,1874934474,,2468.903,
Lower-middle-income countries,1995,,1916258972,,2585.496,
Lower-middle-income countries,1996,,1957849353,,2649.568,
Lower-middle-income countries,1997,,1999733954,,2708.878,
Lower-middle-income countries,1998,,2042077792,,2786.585,
Lower-middle-income countries,1999,,2084331968,,2843.878,
Lower-middle-income countries,2000,,2126916405,2.46,2915.785,203.74
Lower-middle-income countries,2001,,2169845903,2.89,2904.823,216.77
Lower-middle-income countries,2002,,2211922405,3.5,2944.589,252.53
Lower-middle-income countries,2003,,2253565571,5.44,2977.469,288.19
Lower-middle-income countries,2004,,2295613093,6.32,3159.966,330.5
Lower-middle-income countries,2005,,2337232229,6.75,3257.415,337.62
Lower-middle-income countries,2006,,2379086325,9.19,3310.972,351.81
Lower-middle-income countries,2007,,2421832593,10.73,3492.238,379.64
Lower-middle-income countries,2008,,2464297892,12.66,3612.297,389.97
Lower-middle-income countries,2009,,2507036280,13.84,3751.176,420.17
Lower-middle-income countries,2010,,2550520230,16.57,3848.249,462.25
Lower-middle-income countries,2011,,2594096178,18.91,3981.66,468.86
Lower-middle-income countries,2012,,2637381315,20.32,4066.628,462.99
Lower-middle-income countries,2013,,2680848784,21.82,4140.078,439.23
Lower-middle-income countries,2014,,2724066420,25.73,4301.698,449.17
Lower-middle-income countries,2015,,2765984952,24.01,4407.203,483.58
Lower-middle-income countries,2016,,2807490854,23.33,4554.7,528.97
Lower-middle-income countries,2017,,2848767185,21.86,4689.114,548.3
Lower-middle-income countries,2018,,2889324239,25.16,4864.466,579.69
Lower-middle-income countries,2019,,2929401303,26.27,4943.302,585.55
Lower-middle-income countries,2020,,2969245757,27.14,4656.378,588.39
Lower-middle-income countries,2021,,3007019418,28.96,4950.86,585.57
Lower-middle-income countries,2022,,3044254723,31.27,5085.666,577.97
Lower-middle-income countries,2023,,3083154885,31.04,5283.799,571.69
Lower-middle-income countries,2024,,3122339016,,5473.922,
Luxembourg,1965,LUX,329709,,126790.773,
Luxembourg,1966,LUX,333085,,120261.258,
Luxembourg,1967,LUX,335524,,117581.578,
Luxembourg,1968,LUX,337015,,126608.109,
Luxembourg,1969,LUX,338271,,135748.922,
Luxembourg,1970,LUX,339337,,140512.922,
Luxembourg,1971,LUX,341961,,134063.641,
Luxembourg,1972,LUX,346085,,136598.547,
Luxembourg,1973,LUX,349206,,143513.562,
Luxembourg,1974,LUX,351432,,144818.703,
Luxembourg,1975,LUX,353686,,119530.102,
Luxembourg,1976,LUX,355877,,118981.742,
Luxembourg,1977,LUX,358252,,110319.055,
Luxembourg,1978,LUX,361047,,113884.258,
Luxembourg,1979,LUX,362898,,116463.5,
Luxembourg,1980,LUX,363711,,107121.336,
Luxembourg,1981,LUX,364487,,91423.406,
Luxembourg,1982,LUX,365061,,85520.922,
Luxembourg,1983,LUX,365495,,79850.281,
Luxembourg,1984,LUX,365904,,85935.188,
Luxembourg,1985,LUX,366665,,88058.891,
Luxembourg,1986,LUX,368409,,85676.836,
Luxembourg,1987,LUX,370789,,80453.891,
Luxembourg,1988,LUX,373789,,81789.188,
Luxembourg,1989,LUX,377384,,93053.711,
Luxembourg,1990,LUX,381707,0.01,97329.25,0.03
Luxembourg,1991,LUX,386819,0.01,103223.312,0.03
Luxembourg,1992,LUX,391972,0.01,102157.375,0.03
Luxembourg,1993,LUX,397210,0.01,102134.523,0.02
Luxembourg,1994,LUX,402597,0.02,96896.617,0.05
Luxembourg,1995,LUX,408237,0.02,83124.758,0.15
Luxembourg,1996,LUX,413779,0.02,84342.805,0.19
Luxembourg,1997,LUX,418970,0.02,81529.898,0.18
Luxembourg,1998,LUX,424158,0.02,77772.297,0.19
Luxembourg,1999,LUX,429909,0.02,81086.125,0.2
Luxembourg,2000,LUX,436142,0.02,85302.953,0.21
Luxembourg,2001,LUX,441754,0.03,90246.359,0.67
Luxembourg,2002,LUX,446392,0.03,97632.016,2.62
Luxembourg,2003,LUX,451845,0.03,101149.508,2.62
Luxembourg,2004,LUX,458305,0.04,112981.047,3.15
Luxembourg,2005,LUX,465369,0.05,112927.523,3.11
Luxembourg,2006,LUX,472869,0.06,109177.461,3.25
Luxembourg,2007,LUX,480277,0.06,104368.211,2.89
Luxembourg,2008,LUX,488995,0.07,101761.266,2.4
Luxembourg,2009,LUX,498196,0.08,95530.586,2.84
Luxembourg,2010,LUX,507418,0.08,98766.18,2.92
Luxembourg,2011,LUX,518583,0.09,94143.305,2.34
Luxembourg,2012,LUX,530951,0.09,90315.195,2.39
Luxembourg,2013,LUX,543358,0.09,84092.562,1.42
Luxembourg,2014,LUX,556285,0.12,79589.086,1.45
Luxembourg,2015,LUX,569540,0.13,75560.039,0.84
Luxembourg,2016,LUX,583511,0.14,72765.094,0.26
Luxembourg,2017,LUX,596506,0.17,74357.836,0.22
Luxembourg,2018,LUX,608109,0.22,76353.008,0.2
Luxembourg,2019,LUX,620167,0.28,76250.828,0.19
Luxembourg,2020,LUX,630597,0.37,64289.547,0.18
Luxembourg,2021,LUX,640276,0.39,67493.578,0.17
Luxembourg,2022,LUX,653315,0.39,59423.344,0.1
Luxembourg,2023,LUX,665101,0.38,56679.461,0.09
Luxembourg,2024,LUX,673042,0.44,59047.879,0.07
Macao,1980,MAC,246108,,8211.828,
Macao,1981,MAC,252516,,7732.148,
Macao,1982,MAC,261054,,7961.794,
Macao,1983,MAC,270519,,10709.949,
Macao,1984,MAC,280560,,11344.476,
Macao,1985,MAC,291288,,9026.548,
Macao,1986,MAC,302680,,12415.851,
Macao,1987,MAC,314630,,13003.881,
Macao,1988,MAC,326912,,12172.318,
Macao,1989,MAC,339223,,12492.15,
Macao,1990,MAC,351123,,12730.14,
Macao,1991,MAC,362275,,12160.38,
Macao,1992,MAC,372256,,12239.172,
Macao,1993,MAC,381331,,13113.937,
Macao,1994,MAC,390126,,13681.826,
Macao,1995,MAC,398703,,13864.266,
Macao,1996,MAC,407033,,15002.634,
Macao,1997,MAC,415074,,15085.991,
Macao,1998,MAC,422816,,15827.271,
Macao,1999,MAC,430253,,16516.43,
Macao,2000,MAC,437316,0,15780.08,0
Macao,2001,MAC,445121,0.06,16362.185,0
Macao,2002,MAC,456026,0.07,17263.035,0
Macao,2003,MAC,469062,0.15,17705.162,0
Macao,2004,MAC,482209,0.15,20296.918,0
Macao,2005,MAC,495416,0.16,20307.605,0
Macao,2006,MAC,508752,0.17,21026.564,0
Macao,2007,MAC,522281,0.17,20978.555,0
Macao,2008,MAC,535935,0.18,18332.191,0.4
Macao,2009,MAC,549492,0.18,19031.008,0.45
Macao,2010,MAC,562809,0.2,19226.939,0.7
Macao,2011,MAC,575644,0.21,18956.566,0.36
Macao,2012,MAC,587450,0.23,18773.168,0
Macao,2013,MAC,598752,0.24,18736.98,0
Macao,2014,MAC,610308,0.26,19851.902,0.25
Macao,2015,MAC,622185,0.2,20828.768,0
Macao,2016,MAC,634317,0.2,20759.721,0
Macao,2017,MAC,646558,0.21,24844.086,0.67
Macao,2018,MAC,658777,0.18,20720.635,0.26
Macao,2019,MAC,670982,0.22,21234.24,0.45
Macao,2020,MAC,683069,0.19,18908.174,0.21
Macao,2021,MAC,694404,0.21,17740.322,0.25
Macao,2022,MAC,704360,0.2,17662.996,0.25
Macao,2023,MAC,713916,,18944.184,
Madagascar,1900,MDG,2678373,,,
Madagascar,1901,MDG,2661485,,,
Madagascar,1902,MDG,2646307,,,
Madagascar,1903,MDG,2632815,,,
Madagascar,1904,MDG,2619388,,,
Madagascar,1905,MDG,2606027,,,
Madagascar,1906,MDG,2592730,,,
Madagascar,1907,MDG,2579499,,,
Madagascar,1908,MDG,2566331,,,
Madagascar,1909,MDG,2554245,,,
Madagascar,1910,MDG,2543231,,,
Madagascar,1911,MDG,2533278,,,
Madagascar,1912,MDG,2524377,,,
Madagascar,1913,MDG,2516519,,,
Madagascar,1914,MDG,2508682,,,
Madagascar,1915,MDG,2500866,,,
Madagascar,1916,MDG,2493071,,,
Madagascar,1917,MDG,2485298,,,
Madagascar,1918,MDG,2480328,,,
Madagascar,1919,MDG,2483766,,,
Madagascar,1920,MDG,2495724,,,
Madagascar,1921,MDG,2516310,,,
Madagascar,1922,MDG,2545639,,,
Madagascar,1923,MDG,2583823,,,
Madagascar,1924,MDG,2622580,,,
Madagascar,1925,MDG,2661919,,,
Madagascar,1926,MDG,2701848,,,
Madagascar,1927,MDG,2742376,,,
Madagascar,1928,MDG,2783511,,,
Madagascar,1929,MDG,2824690,,,
Madagascar,1930,MDG,2865906,,,
Madagascar,1931,MDG,2907150,,,
Madagascar,1932,MDG,2948415,,,
Madagascar,1933,MDG,2989693,,,
Madagascar,1934,MDG,3031549,,,
Madagascar,1935,MDG,3073990,,,
Madagascar,1936,MDG,3117026,,,
Madagascar,1937,MDG,3160665,,,
Madagascar,1938,MDG,3204914,,,
Madagascar,1939,MDG,3252418,,,
Madagascar,1940,MDG,3303271,,,
Madagascar,1941,MDG,3357567,,,
Madagascar,1942,MDG,3415404,,,
Madagascar,1943,MDG,3476882,,,
Madagascar,1944,MDG,3539465,,,
Madagascar,1945,MDG,3603176,,,
Madagascar,1946,MDG,3668033,,,
Madagascar,1947,MDG,3734058,,,
Madagascar,1948,MDG,3801271,,,
Madagascar,1949,MDG,3874476,,,
Madagascar,1950,MDG,3956077,,,
Madagascar,1951,MDG,4057204,,,
Madagascar,1952,MDG,4160844,,,
Madagascar,1953,MDG,4267535,,,
Madagascar,1954,MDG,4377321,,,
Madagascar,1955,MDG,4490119,,,
Madagascar,1956,MDG,4606423,,,
Madagascar,1957,MDG,4726637,,,
Madagascar,1958,MDG,4850852,,,
Madagascar,1959,MDG,4979096,,,
Madagascar,1960,MDG,5111033,,,
Madagascar,1961,MDG,5246163,,,
Madagascar,1962,MDG,5384155,,,
Madagascar,1963,MDG,5525189,,,
Madagascar,1964,MDG,5669867,,,
Madagascar,1965,MDG,5819117,,,
Madagascar,1966,MDG,5974281,,,
Madagascar,1967,MDG,6136495,,,
Madagascar,1968,MDG,6306501,,,
Madagascar,1969,MDG,6484718,,,
Madagascar,1970,MDG,6672004,,,
Madagascar,1971,MDG,6868874,,,
Madagascar,1972,MDG,7074405,,,
Madagascar,1973,MDG,7288053,,,
Madagascar,1974,MDG,7509733,,,
Madagascar,1975,MDG,7739341,,,
Madagascar,1976,MDG,7976838,,,
Madagascar,1977,MDG,8222240,,,
Madagascar,1978,MDG,8475862,,,
Madagascar,1979,MDG,8737585,,,
Madagascar,1980,MDG,9006039,,579.284,
Madagascar,1981,MDG,9279017,,495.704,
Madagascar,1982,MDG,9557679,,423.753,
Madagascar,1983,MDG,9843046,,539.395,
Madagascar,1984,MDG,10134559,,523.195,
Madagascar,1985,MDG,10433143,,541.078,
Madagascar,1986,MDG,10736862,,356.542,
Madagascar,1987,MDG,11047297,,495.537,
Madagascar,1988,MDG,11369458,,527.347,
Madagascar,1989,MDG,11705002,,368.342,
Madagascar,1990,MDG,12055649,,348.772,
Madagascar,1991,MDG,12421413,,353.398,
Madagascar,1992,MDG,12800870,,374.696,
Madagascar,1993,MDG,13197353,,367.914,
Madagascar,1994,MDG,13613859,,391.711,
Madagascar,1995,MDG,14051279,,397.592,
Madagascar,1996,MDG,14510712,,389.91,
Madagascar,1997,MDG,14990818,,384.693,
Madagascar,1998,MDG,15489364,,372.865,
Madagascar,1999,MDG,16000506,,359.883,
Madagascar,2000,MDG,16516336,0.01,516.682,0
Madagascar,2001,MDG,17032933,0.01,490.901,0
Madagascar,2002,MDG,17549915,0.01,355.058,0
Madagascar,2003,MDG,18071860,0.01,450.4,0
Madagascar,2004,MDG,18606606,0.01,479.493,0
Madagascar,2005,MDG,19159711,0.01,448.104,0
Madagascar,2006,MDG,19730916,0.01,429.445,0
Madagascar,2007,MDG,20318590,0.01,441.541,0
Madagascar,2008,MDG,20923842,0.01,460.266,0
Madagascar,2009,MDG,21547277,0.01,384.633,0
Madagascar,2010,MDG,22183343,0.01,400.652,0
Madagascar,2011,MDG,22822305,0.02,445.294,0
Madagascar,2012,MDG,23462444,0.02,518.102,0
Madagascar,2013,MDG,24109290,0.02,526.938,0
Madagascar,2014,MDG,24764356,0.02,556.573,0
Madagascar,2015,MDG,25426703,0.02,597.421,0
Madagascar,2016,MDG,26099950,0.02,616.708,0
Madagascar,2017,MDG,26788379,0.03,552.947,0
Madagascar,2018,MDG,27494930,0.03,462.902,0
Madagascar,2019,MDG,28219559,0.02,551.201,0
Madagascar,2020,MDG,28953560,0.02,409.262,0
Madagascar,2021,MDG,29691087,0.03,527.316,0
Madagascar,2022,MDG,30437261,0.03,544.343,0
Madagascar,2023,MDG,31195937,,532.202,
Madagascar,2024,MDG,31964960,,,
Malawi,1980,MWI,6265529,,439.262,
Malawi,1981,MWI,6516460,,449.451,
Malawi,1982,MWI,6778885,,394.31,
Malawi,1983,MWI,7051707,,332.6,
Malawi,1984,MWI,7332811,,312.551,
Malawi,1985,MWI,7620509,,343.256,
Malawi,1986,MWI,7906485,,317.174,
Malawi,1987,MWI,8293173,,309.361,
Malawi,1988,MWI,8753265,,294.935,
Malawi,1989,MWI,9176223,,329.631,
Malawi,1990,MWI,9545860,,343.471,
Malawi,1991,MWI,9844228,,391.132,
Malawi,1992,MWI,10135082,,384.537,
Malawi,1993,MWI,10284027,,367.309,
Malawi,1994,MWI,10164899,,395.748,
Malawi,1995,MWI,10150122,,415.327,
Malawi,1996,MWI,10352227,,412.159,
Malawi,1997,MWI,10562035,,406.485,
Malawi,1998,MWI,10792877,,408.394,
Malawi,1999,MWI,11047812,,396.794,
Malawi,2000,MWI,11315947,0.07,430.202,0
Malawi,2001,MWI,11593057,0.07,401.729,0
Malawi,2002,MWI,11880443,0.07,379.282,0
Malawi,2003,MWI,12181575,0.07,393.577,0
Malawi,2004,MWI,12500736,0.07,404.2,0
Malawi,2005,MWI,12840034,0.06,367.86,0
Malawi,2006,MWI,13198699,0.06,373.235,0
Malawi,2007,MWI,13576344,0.06,358.312,0
Malawi,2008,MWI,13976415,0.06,402.037,0
Malawi,2009,MWI,14395788,0.06,356.468,0
Malawi,2010,MWI,14826466,0.06,420.676,0
Malawi,2011,MWI,15265026,0.06,407.037,0
Malawi,2012,MWI,15709577,0.05,394.273,0
Malawi,2013,MWI,16161816,0.05,391.172,0
Malawi,2014,MWI,16621534,0.06,388.758,0
Malawi,2015,MWI,17085587,0.05,361.836,0
Malawi,2016,MWI,17557741,0.05,385.015,0
Malawi,2017,MWI,18039714,0.05,402.66,0
Malawi,2018,MWI,18528086,0.05,368.759,0
Malawi,2019,MWI,19025748,0.05,419.864,0
Malawi,2020,MWI,19533885,0.05,400.502,0
Malawi,2021,MWI,20047264,0.05,414.817,0
Malawi,2022,MWI,20568731,0.05,535.854,0
Malawi,2023,MWI,21104480,,525.152,
Malaysia,1900,MYS,2094024,,,
Malaysia,1901,MYS,2153226,,,
Malaysia,1902,MYS,2210550,,,
Malaysia,1903,MYS,2265841,,,
Malaysia,1904,MYS,2322511,,,
Malaysia,1905,MYS,2380595,,,
Malaysia,1906,MYS,2440128,,,
Malaysia,1907,MYS,2501146,,,
Malaysia,1908,MYS,2563685,,,
Malaysia,1909,MYS,2624687,,,
Malaysia,1910,MYS,2684056,,,
Malaysia,1911,MYS,2741696,,,
Malaysia,1912,MYS,2797504,,,
Malaysia,1913,MYS,2851375,,,
Malaysia,1914,MYS,2906279,,,
Malaysia,1915,MYS,2962236,,,
Malaysia,1916,MYS,3019266,,,
Malaysia,1917,MYS,3077388,,,
Malaysia,1918,MYS,3140574,,,
Malaysia,1919,MYS,3206111,,,
Malaysia,1920,MYS,3274070,,,
Malaysia,1921,MYS,3344525,,,
Malaysia,1922,MYS,3417552,,,
Malaysia,1923,MYS,3493228,,,
Malaysia,1924,MYS,3570579,,,
Malaysia,1925,MYS,3649643,,,
Malaysia,1926,MYS,3730458,,,
Malaysia,1927,MYS,3813063,,,
Malaysia,1928,MYS,3897496,,,
Malaysia,1929,MYS,3982894,,,
Malaysia,1930,MYS,4069257,,,
Malaysia,1931,MYS,4156587,,,
Malaysia,1932,MYS,4244888,,,
Malaysia,1933,MYS,4334158,,,
Malaysia,1934,MYS,4425306,,,
Malaysia,1935,MYS,4518371,,,
Malaysia,1936,MYS,4613393,,,
Malaysia,1937,MYS,4710414,,,
Malaysia,1938,MYS,4809474,,,
Malaysia,1939,MYS,4906611,,,
Malaysia,1940,MYS,5001715,,,
Malaysia,1941,MYS,5094675,,,
Malaysia,1942,MYS,5185374,,,
Malaysia,1943,MYS,5273693,,,
Malaysia,1944,MYS,5363517,,,
Malaysia,1945,MYS,5454871,,,
Malaysia,1946,MYS,5547780,,,
Malaysia,1947,MYS,5642272,,,
Malaysia,1948,MYS,5738373,,,
Malaysia,1949,MYS,5848384,,,
Malaysia,1950,MYS,6098285,,,
Malaysia,1951,MYS,6257415,,,
Malaysia,1952,MYS,6422851,,,
Malaysia,1953,MYS,6593945,,,
Malaysia,1954,MYS,6772374,,,
Malaysia,1955,MYS,6959959,,,
Malaysia,1956,MYS,7156627,,,
Malaysia,1957,MYS,7362818,,,
Malaysia,1958,MYS,7562886,,,
Malaysia,1959,MYS,7755779,,,
Malaysia,1960,MYS,7956201,,,
Malaysia,1961,MYS,8164448,,,
Malaysia,1962,MYS,8380174,,,
Malaysia,1963,MYS,8602166,,,
Malaysia,1964,MYS,8828416,,,
Malaysia,1965,MYS,9056415,,3653.367,
Malaysia,1966,MYS,9284693,,4122.107,
Malaysia,1967,MYS,9507107,,4323.3,
Malaysia,1968,MYS,9725283,,4370.333,
Malaysia,1969,MYS,9947604,,4688.023,
Malaysia,1970,MYS,10178802,,4348.55,
Malaysia,1971,MYS,10423466,,4743.357,
Malaysia,1972,MYS,10676839,,5158.095,
Malaysia,1973,MYS,10935622,,5306.238,
Malaysia,1974,MYS,11200903,,5252.106,
Malaysia,1975,MYS,11471914,,5288.928,
Malaysia,1976,MYS,11750093,,5765.903,
Malaysia,1977,MYS,12035716,,6584.571,
Malaysia,1978,MYS,12328158,,8567.404,
Malaysia,1979,MYS,12627866,,9615.345,
Malaysia,1980,MYS,12983365,,9778.878,
Malaysia,1981,MYS,13399206,,9796.551,
Malaysia,1982,MYS,13832796,,10161.271,
Malaysia,1983,MYS,14285914,,11296.671,
Malaysia,1984,MYS,14759013,,11783.747,
Malaysia,1985,MYS,15252262,,11300.094,2.194
Malaysia,1986,MYS,15760425,,12001.605,2.862
Malaysia,1987,MYS,16276735,,11983.008,3.33
Malaysia,1988,MYS,16796612,,12213.242,4.03
Malaysia,1989,MYS,17315003,,13257.531,4.087
Malaysia,1990,MYS,17833179,,13544.84,5.54
Malaysia,1991,MYS,18342474,,16492.316,7.726
Malaysia,1992,MYS,18834569,,18118.637,12.672
Malaysia,1993,MYS,19322667,,17766.031,15.459
Malaysia,1994,MYS,19820446,,18391.775,19.446
Malaysia,1995,MYS,20330602,,19617.18,25.447
Malaysia,1996,MYS,20850085,,21352.889,32.954
Malaysia,1997,MYS,21375225,,24160.979,41.576
Malaysia,1998,MYS,21906713,,22662.439,44.719
Malaysia,1999,MYS,22435532,,23643.684,51.129
Malaysia,2000,MYS,22967817,0.57,26659.512,55.94
Malaysia,2001,MYS,23526535,0.57,26646.164,60.11
Malaysia,2002,MYS,24102477,0.4,27394.982,60.01
Malaysia,2003,MYS,24679604,0.42,28984.545,60.39
Malaysia,2004,MYS,25256773,0.58,30602.789,63.88
Malaysia,2005,MYS,25836075,0.59,32374.299,63.89
Malaysia,2006,MYS,26417909,0.62,31993.541,67.39
Malaysia,2007,MYS,26998383,0.76,33389.027,67.95
Malaysia,2008,MYS,27570052,0.8,33899.559,71.48
Malaysia,2009,MYS,28124779,1.39,32186.479,67.35
Malaysia,2010,MYS,28655772,1.26,32635.191,65.22
Malaysia,2011,MYS,29162034,1.54,32616.752,55.73
Malaysia,2012,MYS,29662835,1.5,35083.586,60.99
Malaysia,2013,MYS,30174269,1.1,36091.805,71.17
Malaysia,2014,MYS,30696133,0.69,35757.457,73.84
Malaysia,2015,MYS,31232796,0.75,35686.035,69.96
Malaysia,2016,MYS,31789692,0.76,36876.836,65.23
Malaysia,2017,MYS,32355642,0.76,36732.113,62.13
Malaysia,2018,MYS,32910963,1.35,36769.809,64.05
Malaysia,2019,MYS,33440590,1.14,37119.496,72.28
Malaysia,2020,MYS,33889554,1.23,35317.523,53.69
Malaysia,2021,MYS,34282404,1.23,36500.762,60.96
Malaysia,2022,MYS,34695494,1.23,39068.727,68.45
Malaysia,2023,MYS,35126295,1.23,37724.605,69.23
Malaysia,2024,MYS,35557670,1.47,38865.867,72.71
Maldives,1980,MDV,164844,,375.475,
Maldives,1981,MDV,169544,,364.068,
Maldives,1982,MDV,174341,,354.051,
Maldives,1983,MDV,179141,,344.564,
Maldives,1984,MDV,184212,,1343.989,
Maldives,1985,MDV,190182,,1298.243,
Maldives,1986,MDV,196949,,1452.745,
Maldives,1987,MDV,203961,,1402.801,
Maldives,1988,MDV,210899,,1656.141,
Maldives,1989,MDV,217749,,1600.133,
Maldives,1990,MDV,224772,,1877.129,
Maldives,1991,MDV,231810,,1820.138,
Maldives,1992,MDV,238559,,1772.904,
Maldives,1993,MDV,244893,,2015.208,
Maldives,1994,MDV,250831,,3948.787,
Maldives,1995,MDV,256660,,5303.287,
Maldives,1996,MDV,262354,,5428.862,
Maldives,1997,MDV,267711,,4596.334,
Maldives,1998,MDV,272734,,4968.615,
Maldives,1999,MDV,277423,,4884.645,
Maldives,2000,MDV,282025,0,10147.516,0
Maldives,2001,MDV,286778,0,8367.658,0
Maldives,2002,MDV,291631,0,9838.454,0
Maldives,2003,MDV,296497,0,8413.009,0
Maldives,2004,MDV,301416,0,10825.335,0
Maldives,2005,MDV,306429,0,9640.38,0
Maldives,2006,MDV,313866,0,11927.223,0
Maldives,2007,MDV,324489,0,11941.918,0
Maldives,2008,MDV,336178,0,12532.423,0
Maldives,2009,MDV,348282,0,12852.759,0
Maldives,2010,MDV,360802,0,12540.963,0
Maldives,2011,MDV,373683,0,13086.583,0
Maldives,2012,MDV,386821,0,16100.758,0
Maldives,2013,MDV,400077,0,16418.617,0
Maldives,2014,MDV,413623,0,21282.586,0
Maldives,2015,MDV,428165,0,15375.396,0
Maldives,2016,MDV,443316,0,15741.273,0
Maldives,2017,MDV,458297,0,15783.812,0
Maldives,2018,MDV,473106,0,12040.488,0
Maldives,2019,MDV,487737,0,12777.098,0
Maldives,2020,MDV,502127,0,10117.312,0
Maldives,2021,MDV,516163,0,12536.174,0
Maldives,2022,MDV,524116,0,14143.395,0
Maldives,2023,MDV,526009,0,14912.831,0
Mali,1980,MLI,7530522,,250.204,
Mali,1981,MLI,7692763,,321.99,
Mali,1982,MLI,7860196,,241.883,
Mali,1983,MLI,8034400,,238.754,
Mali,1984,MLI,8208599,,235.627,
Mali,1985,MLI,8374661,,251.815,
Mali,1986,MLI,8531272,,193.198,
Mali,1987,MLI,8681167,,220.337,
Mali,1988,MLI,8834001,,124.235,
Mali,1989,MLI,8999935,,232.503,
Mali,1990,MLI,9178826,,229.794,
Mali,1991,MLI,9362885,,225.411,
Mali,1992,MLI,9553540,,236.029,
Mali,1993,MLI,9754786,,231.615,
Mali,1994,MLI,9967035,,226.884,
Mali,1995,MLI,10185368,,222.315,
Mali,1996,MLI,10407274,,229.342,
Mali,1997,MLI,10646499,,225.231,
Mali,1998,MLI,10919577,,225.019,
Mali,1999,MLI,11227420,,218.85,
Mali,2000,MLI,11559291,0.05,354.247,0
Mali,2001,MLI,11912162,0.05,347.357,0
Mali,2002,MLI,12288051,0.05,325.864,0
Mali,2003,MLI,12684951,0.05,300.458,0
Mali,2004,MLI,13102415,0.05,306.472,0
Mali,2005,MLI,13538648,0.05,316.05,0
Mali,2006,MLI,13990143,0.05,364.025,0
Mali,2007,MLI,14457776,0.05,425.291,0
Mali,2008,MLI,14940786,0.05,488.064,0
Mali,2009,MLI,15435536,0.05,602.175,0
Mali,2010,MLI,15945201,0.05,600.647,0
Mali,2011,MLI,16469054,0.05,673.231,0
Mali,2012,MLI,16957039,0.05,654.481,0
Mali,2013,MLI,17459619,0.05,692.098,0
Mali,2014,MLI,18020267,0.05,720.216,0
Mali,2015,MLI,18593022,0.06,838.405,0
Mali,2016,MLI,19191298,0.06,1012.113,0
Mali,2017,MLI,19813016,0.06,1082.177,0
Mali,2018,MLI,20442031,0.06,1088.259,0
Mali,2019,MLI,21068405,0.06,1150.75,0
Mali,2020,MLI,21713837,0.07,1235.452,0
Mali,2021,MLI,22388637,0.07,1272.093,0
Mali,2022,MLI,23072641,0.07,1268.751,0
Mali,2023,MLI,23769130,0.07,1262.197,0
Malta,1980,MLT,342882,,16076.346,
Malta,1981,MLT,344754,,17574.09,
Malta,1982,MLT,346653,,18553.201,
Malta,1983,MLT,348598,,13087.896,
Malta,1984,MLT,350555,,18384.707,
Malta,1985,MLT,352567,,12575.711,
Malta,1986,MLT,355082,,16329.653,
Malta,1987,MLT,358089,,18085.92,
Malta,1988,MLT,361226,,20004.762,
Malta,1989,MLT,364530,,20421.025,
Malta,1990,MLT,367913,0,22033.674,0
Malta,1991,MLT,371335,0,22997.986,0
Malta,1992,MLT,374805,0,23947.59,0
Malta,1993,MLT,378222,0,25050.432,0
Malta,1994,MLT,381467,0,26590.453,0
Malta,1995,MLT,384559,0,25594.115,0
Malta,1996,MLT,387627,0,26337.684,0
Malta,1997,MLT,390687,0,27874.633,0
Malta,1998,MLT,393782,0,28964.922,0
Malta,1999,MLT,396897,0,31861.633,0
Malta,2000,MLT,399905,0,46297.684,0
Malta,2001,MLT,402788,0,50635.199,0
Malta,2002,MLT,405571,0,49065.758,0
Malta,2003,MLT,408236,0,56651.102,0
Malta,2004,MLT,410800,0,59101.789,0
Malta,2005,MLT,413324,0,50114.059,0
Malta,2006,MLT,415463,0,50950.824,0
Malta,2007,MLT,417201,0,55272.398,0
Malta,2008,MLT,418969,0,57001.211,0
Malta,2009,MLT,420800,0,60474.445,0
Malta,2010,MLT,422654,0,71871.523,0
Malta,2011,MLT,424635,0,67998.922,0
Malta,2012,MLT,426616,0.01,64478.266,0
Malta,2013,MLT,428457,0.01,60896.258,0
Malta,2014,MLT,434494,0.01,61302.926,0
Malta,2015,MLT,444978,0.01,65432.043,0
Malta,2016,MLT,455276,0.01,71012.43,0
Malta,2017,MLT,467902,0.01,78640.641,1.29
Malta,2018,MLT,484560,0.01,79115.156,1.75
Malta,2019,MLT,504017,0.01,79262.109,1.83
Malta,2020,MLT,518212,0.01,71572.867,1.84
Malta,2021,MLT,524383,0.01,67572.727,1.91
Malta,2022,MLT,528194,0.01,71835.617,1.94
Malta,2023,MLT,532964,0.01,71107.688,2.01
Malta,2024,MLT,539612,0.01,,1.84
Martinique,1980,MTQ,332290,,8256.35,
Martinique,1981,MTQ,332997,,8216.31,
Martinique,1982,MTQ,335051,,8165.94,
Martinique,1983,MTQ,338658,,7899.434,
Martinique,1984,MTQ,342827,,6935.574,
Martinique,1985,MTQ,347156,,8406.615,
Martinique,1986,MTQ,351578,,8646.75,
Martinique,1987,MTQ,356144,,9752.947,
Martinique,1988,MTQ,360801,,11740.649,
Martinique,1989,MTQ,365568,,16006.05,
Martinique,1990,MTQ,370999,,17230.557,
Martinique,1991,MTQ,377313,,14157.611,
Martinique,1992,MTQ,383938,,15315.36,
Martinique,1993,MTQ,390545,,20513.594,
Martinique,1994,MTQ,397073,,19930.115,
Martinique,1995,MTQ,403505,,19890.939,
Martinique,1996,MTQ,409833,,19637.471,
Martinique,1997,MTQ,416094,,19587.996,
Martinique,1998,MTQ,421815,,19174.607,
Martinique,1999,MTQ,423895,,19080.52,
Martinique,2000,MTQ,421388,,22328.326,
Martinique,2001,MTQ,417157,,22636.342,
Martinique,2002,MTQ,412479,,23874.428,
Martinique,2003,MTQ,408417,,23768.201,
Martinique,2004,MTQ,405104,,24042.641,
Martinique,2005,MTQ,401849,,23775.148,
Martinique,2006,MTQ,400459,,23861.902,
Martinique,2007,MTQ,400812,,24755.674,
Martinique,2008,MTQ,400699,,24881.477,
Martinique,2009,MTQ,399527,,24915,
Martinique,2010,MTQ,397389,,24994.576,
Martinique,2011,MTQ,394576,,0,
Martinique,2012,MTQ,391741,,0,
Martinique,2013,MTQ,389470,,0,
Martinique,2014,MTQ,387027,,0,
Martinique,2015,MTQ,383737,0,0,
Martinique,2016,MTQ,378892,0,0,
Martinique,2017,MTQ,371510,0,0,
Martinique,2018,MTQ,364100,0.08,0,
Martinique,2019,MTQ,359621,0.24,0,
Martinique,2020,MTQ,356625,0.22,0,
Martinique,2021,MTQ,353286,0.23,0,
Martinique,2022,MTQ,349462,0.25,0,
Martinique,2023,MTQ,346008,,0,
Mauritania,1980,MRT,1474046,,1765.818,
Mauritania,1981,MRT,1516883,,1637.032,
Mauritania,1982,MRT,1561183,,1597.604,
Mauritania,1983,MRT,1606748,,1554.767,
Mauritania,1984,MRT,1653696,,2246.677,
Mauritania,1985,MRT,1702110,,2175.749,
Mauritania,1986,MRT,1751843,,1215.408,
Mauritania,1987,MRT,1803016,,1628.306,
Mauritania,1988,MRT,1855862,,2047.108,
Mauritania,1989,MRT,1903059,,2300.973,
Mauritania,1990,MRT,1951881,,2013.312,
Mauritania,1991,MRT,2009739,,2046.636,
Mauritania,1992,MRT,2088143,,6438.851,
Mauritania,1993,MRT,2174333,,6330.098,
Mauritania,1994,MRT,2249462,,6100.056,
Mauritania,1995,MRT,2312027,,6022.333,
Mauritania,1996,MRT,2358193,,5974.554,
Mauritania,1997,MRT,2411316,,5847.315,
Mauritania,1998,MRT,2474650,,5721.644,
Mauritania,1999,MRT,2541700,,5569.167,
Mauritania,2000,MRT,2613450,0,1906.441,0
Mauritania,2001,MRT,2678766,0,1940.382,0
Mauritania,2002,MRT,2738659,0,2040.292,0
Mauritania,2003,MRT,2802050,0,2085.049,0
Mauritania,2004,MRT,2868671,0,2190.644,0
Mauritania,2005,MRT,2939060,0,2229.57,0
Mauritania,2006,MRT,3013659,0,2115.799,0
Mauritania,2007,MRT,3093065,0,2330.352,0
Mauritania,2008,MRT,3183276,0,2789.692,0
Mauritania,2009,MRT,3284454,0,2656.944,0
Mauritania,2010,MRT,3390968,0,2552.857,0
Mauritania,2011,MRT,3502813,0,2658.193,0
Mauritania,2012,MRT,3619035,0,2852.738,0
Mauritania,2013,MRT,3734324,0,2473.533,0
Mauritania,2014,MRT,3848511,0,2886.787,0
Mauritania,2015,MRT,3965959,0,2800.819,0
Mauritania,2016,MRT,4086655,0,2542.395,0
Mauritania,2017,MRT,4210603,0,3739.247,0
Mauritania,2018,MRT,4337685,0,3996.467,0
Mauritania,2019,MRT,4467714,0,4034.871,0
Mauritania,2020,MRT,4600136,0,4025.454,0
Mauritania,2021,MRT,4734874,0,3711.977,0
Mauritania,2022,MRT,4875644,0,4159.303,0
Mauritania,2023,MRT,5022442,,4142.476,
Mauritius,1980,MUS,954221,,3992.829,
Mauritius,1981,MUS,969222,,3513.199,
Mauritius,1982,MUS,983609,,3370.385,
Mauritius,1983,MUS,997375,,3576.351,
Mauritius,1984,MUS,1011247,,3753.025,
Mauritius,1985,MUS,1025066,,3867.476,
Mauritius,1986,MUS,1038348,,4808.486,
Mauritius,1987,MUS,1051115,,4115.604,
Mauritius,1988,MUS,1063596,,5605.115,
Mauritius,1989,MUS,1075985,,6379.866,
Mauritius,1990,MUS,1089033,,7137.557,
Mauritius,1991,MUS,1103050,,7157.837,
Mauritius,1992,MUS,1117676,,8403.564,
Mauritius,1993,MUS,1132397,,8374.746,
Mauritius,1994,MUS,1146559,,8291.994,
Mauritius,1995,MUS,1159824,,8684.609,
Mauritius,1996,MUS,1172390,,8662.659,
Mauritius,1997,MUS,1184304,,8686.618,
Mauritius,1998,MUS,1195111,,8832.188,
Mauritius,1999,MUS,1205903,,9794.299,
Mauritius,2000,MUS,1216632,0.43,13104.263,0
Mauritius,2001,MUS,1225807,0.48,13332.863,0
Mauritius,2002,MUS,1234090,0.45,12971.968,0
Mauritius,2003,MUS,1242094,0.45,13112.625,0
Mauritius,2004,MUS,1249799,0.47,13432.692,0
Mauritius,2005,MUS,1257215,0.45,14340.227,0
Mauritius,2006,MUS,1263785,0.45,14961.199,0
Mauritius,2007,MUS,1269522,0.47,15454.462,0
Mauritius,2008,MUS,1274635,0.49,15743.598,0
Mauritius,2009,MUS,1278976,0.49,15110.805,0
Mauritius,2010,MUS,1282710,0.55,16275.126,0
Mauritius,2011,MUS,1286270,0.49,16704.727,0
Mauritius,2012,MUS,1289174,0.5,16781.137,0
Mauritius,2013,MUS,1290988,0.49,16960.322,0
Mauritius,2014,MUS,1292006,0.48,17446.719,0
Mauritius,2015,MUS,1292283,0.53,18058.996,0
Mauritius,2016,MUS,1291807,0.52,18795.404,0
Mauritius,2017,MUS,1290654,0.48,20664.514,0
Mauritius,2018,MUS,1288836,0.46,19499.125,0
Mauritius,2019,MUS,1286269,0.46,20152.344,0
Mauritius,2020,MUS,1283231,0.41,17047.527,0
Mauritius,2021,MUS,1279628,0.37,16870.012,0
Mauritius,2022,MUS,1276134,0.3,16850.51,0
Mauritius,2023,MUS,1273591,0.32,17639.248,0
Mexico,1900,MEX,13261087,,,
Mexico,1901,MEX,13411660,,,
Mexico,1902,MEX,13550290,,,
Mexico,1903,MEX,13676676,,,
Mexico,1904,MEX,13804239,,,
Mexico,1905,MEX,13932988,,,
Mexico,1906,MEX,14062935,,,
Mexico,1907,MEX,14194091,,,
Mexico,1908,MEX,14326467,,,
Mexico,1909,MEX,14429522,,,
Mexico,1910,MEX,14503032,,,
Mexico,1911,MEX,14546769,,,
Mexico,1912,MEX,14560504,,,
Mexico,1913,MEX,14544007,,,
Mexico,1914,MEX,14527526,,,
Mexico,1915,MEX,14511060,,,
Mexico,1916,MEX,14494609,,,
Mexico,1917,MEX,14478175,,,
Mexico,1918,MEX,14468493,,,
Mexico,1919,MEX,14502107,,,
Mexico,1920,MEX,14579605,,,
Mexico,1921,MEX,14701588,,,
Mexico,1922,MEX,14868662,,,
Mexico,1923,MEX,15081445,,,
Mexico,1924,MEX,15297272,,,
Mexico,1925,MEX,15516188,,,
Mexico,1926,MEX,15738237,,,
Mexico,1927,MEX,15963464,,,
Mexico,1928,MEX,16191914,,,
Mexico,1929,MEX,16433663,,,
Mexico,1930,MEX,16689077,,,
Mexico,1931,MEX,16958527,,,
Mexico,1932,MEX,17242393,,,
Mexico,1933,MEX,17541066,,,
Mexico,1934,MEX,17844913,,,
Mexico,1935,MEX,18154022,,,
Mexico,1936,MEX,18468486,,,
Mexico,1937,MEX,18788397,,,
Mexico,1938,MEX,19113850,,,
Mexico,1939,MEX,19510841,,,
Mexico,1940,MEX,19982850,,,
Mexico,1941,MEX,20533490,,,
Mexico,1942,MEX,21166520,,,
Mexico,1943,MEX,21885841,,,
Mexico,1944,MEX,22629608,,,
Mexico,1945,MEX,23398651,,,
Mexico,1946,MEX,24193829,,,
Mexico,1947,MEX,25016030,,,
Mexico,1948,MEX,25866173,,,
Mexico,1949,MEX,26727593,,,
Mexico,1950,MEX,27587941,,,
Mexico,1951,MEX,28320487,,,
Mexico,1952,MEX,29090173,,,
Mexico,1953,MEX,29899242,,,
Mexico,1954,MEX,30753012,,,
Mexico,1955,MEX,31650600,,,
Mexico,1956,MEX,32587939,,,
Mexico,1957,MEX,33562718,,,
Mexico,1958,MEX,34575074,,,
Mexico,1959,MEX,35627261,,,
Mexico,1960,MEX,36724614,,,
Mexico,1961,MEX,37890125,,,
Mexico,1962,MEX,39129204,,,
Mexico,1963,MEX,40424068,,,
Mexico,1964,MEX,41772051,,,
Mexico,1965,MEX,43174476,,6793.95,
Mexico,1966,MEX,44629105,,6959.207,
Mexico,1967,MEX,46129602,,6862.176,
Mexico,1968,MEX,47668308,,7232.575,
Mexico,1969,MEX,49233192,,7686.427,
Mexico,1970,MEX,50814958,,7951.042,
Mexico,1971,MEX,52412564,,8105.483,
Mexico,1972,MEX,54030172,,8691.06,
Mexico,1973,MEX,55667287,,9098.157,
Mexico,1974,MEX,57320150,,9729.229,
Mexico,1975,MEX,58982403,,10097.632,
Mexico,1976,MEX,60645513,,10452.249,
Mexico,1977,MEX,62308499,,10732.164,
Mexico,1978,MEX,63979053,,11761.815,
Mexico,1979,MEX,65648868,,12674.108,
Mexico,1980,MEX,67300338,,13466.851,
Mexico,1981,MEX,68892107,,14545.665,
Mexico,1982,MEX,70433258,,14827.006,
Mexico,1983,MEX,71971238,,14348.042,
Mexico,1984,MEX,73506848,,14703.748,
Mexico,1985,MEX,75043415,,15116.531,7.213
Mexico,1986,MEX,76585638,,14371.812,7.652
Mexico,1987,MEX,78136652,,14550.141,8.959
Mexico,1988,MEX,79695526,,14373.012,8.303
Mexico,1989,MEX,81247174,,14890.727,9.759
Mexico,1990,MEX,82820170,,15926.936,13.208
Mexico,1991,MEX,84430565,,16080.432,18.932
Mexico,1992,MEX,86044806,,16085.911,18.776
Mexico,1993,MEX,87653817,,15805.196,19.067
Mexico,1994,MEX,89259202,,16408.885,21.38
Mexico,1995,MEX,90862449,,15840.837,22.398
Mexico,1996,MEX,92452700,,15974.521,21.168
Mexico,1997,MEX,94021204,,16088.914,23.121
Mexico,1998,MEX,95575242,,16470.494,30.022
Mexico,1999,MEX,97115710,,16447.414,32.905
Mexico,2000,MEX,98625553,6.36,17198.152,40.31
Mexico,2001,MEX,100099101,6.25,16786.094,50.86
Mexico,2002,MEX,101548627,6.07,16948.551,69.6
Mexico,2003,MEX,102978517,6.95,16915.814,80.58
Mexico,2004,MEX,104394131,7.26,17662.844,92.37
Mexico,2005,MEX,105811504,8.14,19092.096,86.48
Mexico,2006,MEX,107253666,7.49,19108.301,116.06
Mexico,2007,MEX,108774356,8.25,19017.145,128.79
Mexico,2008,MEX,110374286,7.9,19512.02,131.27
Mexico,2009,MEX,111999720,7.55,18904.01,138.16
Mexico,2010,MEX,113623898,8,18706.043,147.07
Mexico,2011,MEX,115243503,7.97,19279.93,153.52
Mexico,2012,MEX,116818208,7.45,19191.277,154.6
Mexico,2013,MEX,118343572,7.87,18952.084,165.78
Mexico,2014,MEX,119784265,8.1,18621.592,173.74
Mexico,2015,MEX,121072310,8.4,18215.734,185.55
Mexico,2016,MEX,122251344,8.32,18618.848,192.83
Mexico,2017,MEX,123400052,8.09,18879.297,197.7
Mexico,2018,MEX,124573713,7.36,18337.242,215.77
Mexico,2019,MEX,125762978,7.21,17971.641,208.41
Mexico,2020,MEX,126799053,7.01,16329.474,209.26
Mexico,2021,MEX,127648151,6.11,17223.479,195.73
Mexico,2022,MEX,128613116,6.7,17858.697,203.16
Mexico,2023,MEX,129739761,6.63,17682.662,219.24
Mexico,2024,MEX,130861001,5.99,17653.777,221.67
Micronesia (country),1980,FSM,77421,,0,
Micronesia (country),1981,FSM,79810,,0,
Micronesia (country),1982,FSM,82236,,0,
Micronesia (country),1983,FSM,84698,,0,
Micronesia (country),1984,FSM,87196,,0,
Micronesia (country),1985,FSM,89721,,0,
Micronesia (country),1986,FSM,92275,,0,
Micronesia (country),1987,FSM,94860,,0,
Micronesia (country),1988,FSM,97110,,0,
Micronesia (country),1989,FSM,99018,,0,
Micronesia (country),1990,FSM,100904,,0,
Micronesia (country),1991,FSM,102764,,0,
Micronesia (country),1992,FSM,104823,,0,
Micronesia (country),1993,FSM,107082,,0,
Micronesia (country),1994,FSM,109090,,0,
Micronesia (country),1995,FSM,110244,,0,
Micronesia (country),1996,FSM,110723,,0,
Micronesia (country),1997,FSM,111088,,0,
Micronesia (country),1998,FSM,111394,,0,
Micronesia (country),1999,FSM,111693,,0,
Micronesia (country),2000,FSM,112067,,4693.666,
Micronesia (country),2001,FSM,112378,,5317.89,
Micronesia (country),2002,FSM,112464,,4942.726,
Micronesia (country),2003,FSM,112298,,5338.601,
Micronesia (country),2004,FSM,111939,,5153.893,
Micronesia (country),2005,FSM,111420,,4418.712,
Micronesia (country),2006,FSM,110739,,4578.737,
Micronesia (country),2007,FSM,109896,,5145.256,
Micronesia (country),2008,FSM,108947,,4518.136,
Micronesia (country),2009,FSM,107968,,6295.37,
Micronesia (country),2010,FSM,107559,,4416.757,
Micronesia (country),2011,FSM,107712,,5094.992,
Micronesia (country),2012,FSM,107908,,5662.862,
Micronesia (country),2013,FSM,108133,,5951.227,
Micronesia (country),2014,FSM,108407,,6217.404,
Micronesia (country),2015,FSM,108727,,6516.499,
Micronesia (country),2016,FSM,109088,,6870.513,
Micronesia (country),2017,FSM,109495,,6916.526,
Micronesia (country),2018,FSM,109925,,4330.093,
Micronesia (country),2019,FSM,110293,,4349.02,
Micronesia (country),2020,FSM,110930,,4218.897,
Micronesia (country),2021,FSM,111635,,4140.93,
Micronesia (country),2022,FSM,112122,,4197.099,
Micronesia (country),2023,FSM,112646,,4428.093,
Middle Africa (EI),1965,,,,,
Middle Africa (EI),1966,,,,,
Middle Africa (EI),1967,,,,,
Middle Africa (EI),1968,,,,,
Middle Africa (EI),1969,,,,,
Middle Africa (EI),1970,,,,,
Middle Africa (EI),1971,,,,,
Middle Africa (EI),1972,,,,,
Middle Africa (EI),1973,,,,,
Middle Africa (EI),1974,,,,,
Middle Africa (EI),1975,,,,,
Middle Africa (EI),1976,,,,,
Middle Africa (EI),1977,,,,,
Middle Africa (EI),1978,,,,,
Middle Africa (EI),1979,,,,,
Middle Africa (EI),1980,,,,,
Middle Africa (EI),1981,,,,,
Middle Africa (EI),1982,,,,,
Middle Africa (EI),1983,,,,,
Middle Africa (EI),1984,,,,,
Middle Africa (EI),1985,,,,,
Middle Africa (EI),1986,,,,,
Middle Africa (EI),1987,,,,,
Middle Africa (EI),1988,,,,,
Middle Africa (EI),1989,,,,,
Middle Africa (EI),1990,,,,,
Middle Africa (EI),1991,,,,,
Middle Africa (EI),1992,,,,,
Middle Africa (EI),1993,,,,,
Middle Africa (EI),1994,,,,,
Middle Africa (EI),1995,,,,,
Middle Africa (EI),1996,,,,,
Middle Africa (EI),1997,,,,,
Middle Africa (EI),1998,,,,,
Middle Africa (EI),1999,,,,,
Middle Africa (EI),2000,,,,,
Middle Africa (EI),2001,,,,,
Middle Africa (EI),2002,,,,,
Middle Africa (EI),2003,,,,,
Middle Africa (EI),2004,,,,,
Middle Africa (EI),2005,,,,,
Middle Africa (EI),2006,,,,,
Middle Africa (EI),2007,,,,,
Middle Africa (EI),2008,,,,,
Middle Africa (EI),2009,,,,,
Middle Africa (EI),2010,,,,,
Middle Africa (EI),2011,,,,,
Middle Africa (EI),2012,,,,,
Middle Africa (EI),2013,,,,,
Middle Africa (EI),2014,,,,,
Middle Africa (EI),2015,,,,,
Middle Africa (EI),2016,,,,,
Middle Africa (EI),2017,,,,,
Middle Africa (EI),2018,,,,,
Middle Africa (EI),2019,,,,,
Middle Africa (EI),2020,,,,,
Middle Africa (EI),2021,,,,,
Middle Africa (EI),2022,,,,,
Middle Africa (EI),2023,,,,,
Middle Africa (EI),2024,,,,,
Middle East (EI),1965,,,,,
Middle East (EI),1966,,,,,
Middle East (EI),1967,,,,,
Middle East (EI),1968,,,,,
Middle East (EI),1969,,,,,
Middle East (EI),1970,,,,,
Middle East (EI),1971,,,,,
Middle East (EI),1972,,,,,
Middle East (EI),1973,,,,,
Middle East (EI),1974,,,,,
Middle East (EI),1975,,,,,
Middle East (EI),1976,,,,,
Middle East (EI),1977,,,,,
Middle East (EI),1978,,,,,
Middle East (EI),1979,,,,,
Middle East (EI),1980,,,,,
Middle East (EI),1981,,,,,
Middle East (EI),1982,,,,,
Middle East (EI),1983,,,,,
Middle East (EI),1984,,,,,
Middle East (EI),1985,,,,,74.875
Middle East (EI),1986,,,,,81.607
Middle East (EI),1987,,,,,83.134
Middle East (EI),1988,,,,,96.835
Middle East (EI),1989,,,,,112.02
Middle East (EI),1990,,,,,119.45
Middle East (EI),1991,,,,,119.697
Middle East (EI),1992,,,,,134.293
Middle East (EI),1993,,,,,153.806
Middle East (EI),1994,,,,,167.269
Middle East (EI),1995,,,,,169.028
Middle East (EI),1996,,,,,178.366
Middle East (EI),1997,,,,,194.703
Middle East (EI),1998,,,,,212.94
Middle East (EI),1999,,,,,223.321
Middle East (EI),2000,,,,,242.622
Middle East (EI),2001,,,,,269.52
Middle East (EI),2002,,,,,292.192
Middle East (EI),2003,,,,,313.623
Middle East (EI),2004,,,,,338.212
Middle East (EI),2005,,,,,383.282
Middle East (EI),2006,,,,,400.105
Middle East (EI),2007,,,,,435.945
Middle East (EI),2008,,,,,449.784
Middle East (EI),2009,,,,,480.022
Middle East (EI),2010,,,,,548.592
Middle East (EI),2011,,,,,521.712
Middle East (EI),2012,,,,,563.268
Middle East (EI),2013,,,,,566.591
Middle East (EI),2014,,,,,656.891
Middle East (EI),2015,,,,,715.847
Middle East (EI),2016,,,,,783.63
Middle East (EI),2017,,,,,862.016
Middle East (EI),2018,,,,,903.085
Middle East (EI),2019,,,,,897.471
Middle East (EI),2020,,,,,924.403
Middle East (EI),2021,,,,,974.036
Middle East (EI),2022,,,,,1003.808
Middle East (EI),2023,,,,,1038.431
Middle East (EI),2024,,,,,1105.769
Middle East (EIA),1980,,,,,
Middle East (EIA),1981,,,,,
Middle East (EIA),1982,,,,,
Middle East (EIA),1983,,,,,
Middle East (EIA),1984,,,,,
Middle East (EIA),1985,,,,,
Middle East (EIA),1986,,,,,
Middle East (EIA),1987,,,,,
Middle East (EIA),1988,,,,,
Middle East (EIA),1989,,,,,
Middle East (EIA),1990,,,,,
Middle East (EIA),1991,,,,,
Middle East (EIA),1992,,,,,
Middle East (EIA),1993,,,,,
Middle East (EIA),1994,,,,,
Middle East (EIA),1995,,,,,
Middle East (EIA),1996,,,,,
Middle East (EIA),1997,,,,,
Middle East (EIA),1998,,,,,
Middle East (EIA),1999,,,,,
Middle East (EIA),2000,,,,,
Middle East (EIA),2001,,,,,
Middle East (EIA),2002,,,,,
Middle East (EIA),2003,,,,,
Middle East (EIA),2004,,,,,
Middle East (EIA),2005,,,,,
Middle East (EIA),2006,,,,,
Middle East (EIA),2007,,,,,
Middle East (EIA),2008,,,,,
Middle East (EIA),2009,,,,,
Middle East (EIA),2010,,,,,
Middle East (EIA),2011,,,,,
Middle East (EIA),2012,,,,,
Middle East (EIA),2013,,,,,
Middle East (EIA),2014,,,,,
Middle East (EIA),2015,,,,,
Middle East (EIA),2016,,,,,
Middle East (EIA),2017,,,,,
Middle East (EIA),2018,,,,,
Middle East (EIA),2019,,,,,
Middle East (EIA),2020,,,,,
Middle East (EIA),2021,,,,,
Middle East (EIA),2022,,,,,
Middle East (EIA),2023,,,,,
Middle East (Ember),2000,,,0.03,,242.63
Middle East (Ember),2001,,,0.03,,269.51
Middle East (Ember),2002,,,0.03,,292.03
Middle East (Ember),2003,,,0.04,,315.96
Middle East (Ember),2004,,,0.04,,339.94
Middle East (Ember),2005,,,0.03,,383.61
Middle East (Ember),2006,,,0.04,,401.4
Middle East (Ember),2007,,,0.04,,436.78
Middle East (Ember),2008,,,0.05,,453.17
Middle East (Ember),2009,,,0.08,,478.49
Middle East (Ember),2010,,,0.11,,546.34
Middle East (Ember),2011,,,0.13,,521.48
Middle East (Ember),2012,,,0.15,,553.87
Middle East (Ember),2013,,,0.18,,560.81
Middle East (Ember),2014,,,0.25,,651.64
Middle East (Ember),2015,,,0.25,,716.62
Middle East (Ember),2016,,,0.28,,778.64
Middle East (Ember),2017,,,0.18,,859.95
Middle East (Ember),2018,,,0.35,,908.51
Middle East (Ember),2019,,,0.3,,905.47
Middle East (Ember),2020,,,0.33,,933.6
Middle East (Ember),2021,,,0.32,,987.06
Middle East (Ember),2022,,,0.33,,1029.5
Middle East (Ember),2023,,,0.53,,1048.32
Middle East (Ember),2024,,,0.6,,1099.27
Middle East (Shift),1900,,,,,
Middle East (Shift),1901,,,,,
Middle East (Shift),1902,,,,,
Middle East (Shift),1903,,,,,
Middle East (Shift),1904,,,,,
Middle East (Shift),1905,,,,,
Middle East (Shift),1906,,,,,
Middle East (Shift),1907,,,,,
Middle East (Shift),1908,,,,,
Middle East (Shift),1909,,,,,
Middle East (Shift),1910,,,,,
Middle East (Shift),1911,,,,,
Middle East (Shift),1912,,,,,
Middle East (Shift),1913,,,,,
Middle East (Shift),1914,,,,,
Middle East (Shift),1915,,,,,
Middle East (Shift),1916,,,,,
Middle East (Shift),1917,,,,,
Middle East (Shift),1918,,,,,
Middle East (Shift),1919,,,,,
Middle East (Shift),1920,,,,,
Middle East (Shift),1921,,,,,
Middle East (Shift),1922,,,,,
Middle East (Shift),1923,,,,,
Middle East (Shift),1924,,,,,
Middle East (Shift),1925,,,,,
Middle East (Shift),1926,,,,,
Middle East (Shift),1927,,,,,
Middle East (Shift),1928,,,,,
Middle East (Shift),1929,,,,,
Middle East (Shift),1930,,,,,
Middle East (Shift),1931,,,,,
Middle East (Shift),1932,,,,,
Middle East (Shift),1933,,,,,
Middle East (Shift),1934,,,,,
Middle East (Shift),1935,,,,,
Middle East (Shift),1936,,,,,
Middle East (Shift),1937,,,,,
Middle East (Shift),1938,,,,,
Middle East (Shift),1939,,,,,
Middle East (Shift),1940,,,,,
Middle East (Shift),1941,,,,,
Middle East (Shift),1942,,,,,
Middle East (Shift),1943,,,,,
Middle East (Shift),1944,,,,,
Middle East (Shift),1945,,,,,
Middle East (Shift),1946,,,,,
Middle East (Shift),1947,,,,,
Middle East (Shift),1948,,,,,
Middle East (Shift),1949,,,,,
Middle East (Shift),1950,,,,,
Middle East (Shift),1951,,,,,
Middle East (Shift),1952,,,,,
Middle East (Shift),1953,,,,,
Middle East (Shift),1954,,,,,
Middle East (Shift),1955,,,,,
Middle East (Shift),1956,,,,,
Middle East (Shift),1957,,,,,
Middle East (Shift),1958,,,,,
Middle East (Shift),1959,,,,,
Middle East (Shift),1960,,,,,
Middle East (Shift),1961,,,,,
Middle East (Shift),1962,,,,,
Middle East (Shift),1963,,,,,
Middle East (Shift),1964,,,,,
Middle East (Shift),1965,,,,,
Middle East (Shift),1966,,,,,
Middle East (Shift),1967,,,,,
Middle East (Shift),1968,,,,,
Middle East (Shift),1969,,,,,
Middle East (Shift),1970,,,,,
Middle East (Shift),1971,,,,,
Middle East (Shift),1972,,,,,
Middle East (Shift),1973,,,,,
Middle East (Shift),1974,,,,,
Middle East (Shift),1975,,,,,
Middle East (Shift),1976,,,,,
Middle East (Shift),1977,,,,,
Middle East (Shift),1978,,,,,
Middle East (Shift),1979,,,,,
Middle East (Shift),1980,,,,,
Middle East (Shift),1981,,,,,
Middle East (Shift),1982,,,,,
Middle East (Shift),1983,,,,,
Middle East (Shift),1984,,,,,
Middle East (Shift),1985,,,,,
Middle East (Shift),1986,,,,,
Middle East (Shift),1987,,,,,
Middle East (Shift),1988,,,,,
Middle East (Shift),1989,,,,,
Middle East (Shift),1990,,,,,
Middle East (Shift),1991,,,,,
Middle East (Shift),1992,,,,,
Middle East (Shift),1993,,,,,
Middle East (Shift),1994,,,,,
Middle East (Shift),1995,,,,,
Middle East (Shift),1996,,,,,
Middle East (Shift),1997,,,,,
Middle East (Shift),1998,,,,,
Middle East (Shift),1999,,,,,
Middle East (Shift),2000,,,,,
Middle East (Shift),2001,,,,,
Middle East (Shift),2002,,,,,
Middle East (Shift),2003,,,,,
Middle East (Shift),2004,,,,,
Middle East (Shift),2005,,,,,
Middle East (Shift),2006,,,,,
Middle East (Shift),2007,,,,,
Middle East (Shift),2008,,,,,
Middle East (Shift),2009,,,,,
Middle East (Shift),2010,,,,,
Middle East (Shift),2011,,,,,
Middle East (Shift),2012,,,,,
Middle East (Shift),2013,,,,,
Middle East (Shift),2014,,,,,
Middle East (Shift),2015,,,,,
Middle East (Shift),2016,,,,,
Moldova,1992,MDA,4455714,,13858.922,
Moldova,1993,MDA,4448241,,10260.907,
Moldova,1994,MDA,4434457,,7191.396,
Moldova,1995,MDA,4414216,,7372.288,
Moldova,1996,MDA,4387653,,8482.272,
Moldova,1997,MDA,4355537,,9410.57,
Moldova,1998,MDA,4318713,,8812.478,
Moldova,1999,MDA,4278220,,7242.805,
Moldova,2000,MDA,4234969,0,7592.804,5.03
Moldova,2001,MDA,4189769,0,7669.354,5.46
Moldova,2002,MDA,4142937,0,8401.969,5.27
Moldova,2003,MDA,4095418,0,9454.323,5.39
Moldova,2004,MDA,4046672,0,8927.952,5.44
Moldova,2005,MDA,3988668,0,9927.586,5.6
Moldova,2006,MDA,3921320,0,10696.137,5.7
Moldova,2007,MDA,3851397,0,9459.463,5.52
Moldova,2008,MDA,3779503,0,9947.718,5.62
Moldova,2009,MDA,3706212,0,9140.857,5.79
Moldova,2010,MDA,3631990,0,8803.365,5.68
Moldova,2011,MDA,3557278,0,9124.393,5.41
Moldova,2012,MDA,3482629,0,12861.652,5.52
Moldova,2013,MDA,3408741,0,12900.738,4.18
Moldova,2014,MDA,3342715,0.01,12572.957,5.03
Moldova,2015,MDA,3287168,0.01,11441.152,5.76
Moldova,2016,MDA,3237798,0.01,11629.28,5.59
Moldova,2017,MDA,3193500,0.02,11959.887,4.63
Moldova,2018,MDA,3153779,0.03,12921.51,5.05
Moldova,2019,MDA,3112561,0.03,13243.286,5.32
Moldova,2020,MDA,3069135,0.03,12957.657,5.82
Moldova,2021,MDA,3023780,0.03,14385.653,6.18
Moldova,2022,MDA,3039986,0.03,12261.839,4.63
Moldova,2023,MDA,3067072,0.01,11903.726,4.14
Moldova,2024,MDA,3034967,0.01,,4.3
Mongolia,1900,MNG,696737,,,
Mongolia,1901,MNG,698562,,,
Mongolia,1902,MNG,700663,,,
Mongolia,1903,MNG,703044,,,
Mongolia,1904,MNG,705433,,,
Mongolia,1905,MNG,707829,,,
Mongolia,1906,MNG,710234,,,
Mongolia,1907,MNG,712647,,,
Mongolia,1908,MNG,715068,,,
Mongolia,1909,MNG,717248,,,
Mongolia,1910,MNG,719186,,,
Mongolia,1911,MNG,720880,,,
Mongolia,1912,MNG,722329,,,
Mongolia,1913,MNG,723532,,,
Mongolia,1914,MNG,724737,,,
Mongolia,1915,MNG,725944,,,
Mongolia,1916,MNG,727154,,,
Mongolia,1917,MNG,728365,,,
Mongolia,1918,MNG,729664,,,
Mongolia,1919,MNG,730965,,,
Mongolia,1920,MNG,732268,,,
Mongolia,1921,MNG,733574,,,
Mongolia,1922,MNG,734882,,,
Mongolia,1923,MNG,736193,,,
Mongolia,1924,MNG,737506,,,
Mongolia,1925,MNG,738821,,,
Mongolia,1926,MNG,740138,,,
Mongolia,1927,MNG,741458,,,
Mongolia,1928,MNG,742780,,,
Mongolia,1929,MNG,744105,,,
Mongolia,1930,MNG,745432,,,
Mongolia,1931,MNG,746761,,,
Mongolia,1932,MNG,748093,,,
Mongolia,1933,MNG,749427,,,
Mongolia,1934,MNG,750764,,,
Mongolia,1935,MNG,752102,,,
Mongolia,1936,MNG,753444,,,
Mongolia,1937,MNG,754787,,,
Mongolia,1938,MNG,756133,,,
Mongolia,1939,MNG,757482,,,
Mongolia,1940,MNG,758832,,,
Mongolia,1941,MNG,760186,,,
Mongolia,1942,MNG,761541,,,
Mongolia,1943,MNG,762899,,,
Mongolia,1944,MNG,764260,,,
Mongolia,1945,MNG,765623,,,
Mongolia,1946,MNG,766988,,,
Mongolia,1947,MNG,768356,,,
Mongolia,1948,MNG,769726,,,
Mongolia,1949,MNG,774006,,,
Mongolia,1950,MNG,781691,,,
Mongolia,1951,MNG,794329,,,
Mongolia,1952,MNG,807093,,,
Mongolia,1953,MNG,820278,,,
Mongolia,1954,MNG,834023,,,
Mongolia,1955,MNG,848687,,,
Mongolia,1956,MNG,868487,,,
Mongolia,1957,MNG,893240,,,
Mongolia,1958,MNG,919297,,,
Mongolia,1959,MNG,947419,,,
Mongolia,1960,MNG,977602,,,
Mongolia,1961,MNG,1009292,,,
Mongolia,1962,MNG,1041446,,,
Mongolia,1963,MNG,1071366,,,
Mongolia,1964,MNG,1100238,,,
Mongolia,1965,MNG,1131185,,,
Mongolia,1966,MNG,1163763,,,
Mongolia,1967,MNG,1196997,,,
Mongolia,1968,MNG,1229931,,,
Mongolia,1969,MNG,1262291,,,
Mongolia,1970,MNG,1295275,,,
Mongolia,1971,MNG,1330076,,,
Mongolia,1972,MNG,1366829,,,
Mongolia,1973,MNG,1405507,,,
Mongolia,1974,MNG,1446056,,,
Mongolia,1975,MNG,1488301,,,
Mongolia,1976,MNG,1531953,,,
Mongolia,1977,MNG,1576248,,,
Mongolia,1978,MNG,1619479,,,
Mongolia,1979,MNG,1660661,,,
Mongolia,1980,MNG,1701341,,10923.312,
Mongolia,1981,MNG,1742856,,9647.424,
Mongolia,1982,MNG,1785364,,11584.162,
Mongolia,1983,MNG,1829093,,11395.818,
Mongolia,1984,MNG,1874355,,11196.678,
Mongolia,1985,MNG,1921519,,12268.706,
Mongolia,1986,MNG,1970967,,12918.687,
Mongolia,1987,MNG,2022803,,13098.38,
Mongolia,1988,MNG,2076326,,13339.722,
Mongolia,1989,MNG,2124190,,12411.858,
Mongolia,1990,MNG,2164578,,11231.988,
Mongolia,1991,MNG,2202772,,10988.608,
Mongolia,1992,MNG,2239130,,9742.031,
Mongolia,1993,MNG,2273515,,8875.222,
Mongolia,1994,MNG,2305743,,8430.774,
Mongolia,1995,MNG,2335717,,8032.041,
Mongolia,1996,MNG,2363469,,8053.048,
Mongolia,1997,MNG,2389133,,6461.444,
Mongolia,1998,MNG,2412793,,6766.343,
Mongolia,1999,MNG,2434041,,6735.087,
Mongolia,2000,MNG,2455182,0,6921.876,0
Mongolia,2001,MNG,2477704,0,6804.768,0
Mongolia,2002,MNG,2500074,0,7188.687,0
Mongolia,2003,MNG,2521809,0,7071.168,0
Mongolia,2004,MNG,2542801,0,7747.934,0
Mongolia,2005,MNG,2563466,0,7940.083,0
Mongolia,2006,MNG,2584761,0,8309.95,0
Mongolia,2007,MNG,2607976,0,9135.48,0
Mongolia,2008,MNG,2634431,0,9536.326,0
Mongolia,2009,MNG,2665333,0,9992.191,0
Mongolia,2010,MNG,2701739,0,12244.189,0
Mongolia,2011,MNG,2745183,0,12809.284,0
Mongolia,2012,MNG,2795463,0,14956.306,0
Mongolia,2013,MNG,2851887,0,16651.838,0
Mongolia,2014,MNG,2913041,0,16812.264,0
Mongolia,2015,MNG,2976528,0,15730.632,0
Mongolia,2016,MNG,3040815,0,15564.2,0
Mongolia,2017,MNG,3104371,0,16759.918,0
Mongolia,2018,MNG,3167714,0,17967.139,0
Mongolia,2019,MNG,3232118,0,19338.586,0
Mongolia,2020,MNG,3290786,0,18992.549,0
Mongolia,2021,MNG,3339676,0,18217.949,0
Mongolia,2022,MNG,3386015,0,15471.304,0
Mongolia,2023,MNG,3431938,0,19674.547,0
Mongolia,2024,MNG,3475541,0,,0
Montenegro,2005,MNE,634059,0,,0
Montenegro,2006,MNE,633876,0,19364.283,0
Montenegro,2007,MNE,633388,0,18849.15,0
Montenegro,2008,MNE,632855,0,20630.123,0
Montenegro,2009,MNE,632445,0,15405.96,0
Montenegro,2010,MNE,632088,0,18621.549,0
Montenegro,2011,MNE,632689,0,18448.959,0
Montenegro,2012,MNE,633546,0,17150.955,0
Montenegro,2013,MNE,633199,0,15910.187,0
Montenegro,2014,MNE,631377,0,15636.253,0
Montenegro,2015,MNE,628145,0,17168.646,0
Montenegro,2016,MNE,624246,0,16356.96,0
Montenegro,2017,MNE,620112,0,17004.279,0
Montenegro,2018,MNE,615798,0,18089.064,0
Montenegro,2019,MNE,611671,0,18504.979,0
Montenegro,2020,MNE,607934,0,16967.131,0
Montenegro,2021,MNE,603854,0,18423.676,0
Montenegro,2022,MNE,614649,0,18506.336,0
Montenegro,2023,MNE,633553,0,18582.631,0
Montenegro,2024,MNE,638481,0,,0
Montserrat,1980,MSR,11364,,5498.177,
Montserrat,1981,MSR,11275,,5526.437,
Montserrat,1982,MSR,11200,,5563.444,
Montserrat,1983,MSR,11148,,5589.395,
Montserrat,1984,MSR,11078,,5640.124,
Montserrat,1985,MSR,11018,,11310.688,
Montserrat,1986,MSR,10967,,4644.743,
Montserrat,1987,MSR,10920,,5840.571,
Montserrat,1988,MSR,10872,,5866.989,
Montserrat,1989,MSR,10798,,5906.56,
Montserrat,1990,MSR,10700,,7023.431,
Montserrat,1991,MSR,10464,,12551.849,
Montserrat,1992,MSR,10013,,13150.103,
Montserrat,1993,MSR,9454,,13892.802,
Montserrat,1994,MSR,8867,,14812.512,
Montserrat,1995,MSR,8257,,23453.205,
Montserrat,1996,MSR,7626,,25459.387,
Montserrat,1997,MSR,6979,,27747.975,
Montserrat,1998,MSR,6321,,30636.469,
Montserrat,1999,MSR,5685,,34064.734,
Montserrat,2000,MSR,5053,0,23018.779,0
Montserrat,2001,MSR,4616,0,25197.982,0
Montserrat,2002,MSR,4500,0,37255.918,0
Montserrat,2003,MSR,4515,0,37132.141,0
Montserrat,2004,MSR,4541,0,36919.539,0
Montserrat,2005,MSR,4574,0,36653.176,0
Montserrat,2006,MSR,4606,0,36398.527,0
Montserrat,2007,MSR,4649,0,40085.457,0
Montserrat,2008,MSR,4700,0,50905.336,0
Montserrat,2009,MSR,4759,0,42509.035,0
Montserrat,2010,MSR,4819,0,56092.406,0
Montserrat,2011,MSR,4846,0,38559.43,0
Montserrat,2012,MSR,4822,0,37594.273,0
Montserrat,2013,MSR,4774,0,47845.586,0
Montserrat,2014,MSR,4738,0,45017.266,0
Montserrat,2015,MSR,4693,0,51149.113,0
Montserrat,2016,MSR,4665,0,29353.949,0
Montserrat,2017,MSR,4624,0,26601.775,0
Montserrat,2018,MSR,4595,0,27406.453,0
Montserrat,2019,MSR,4564,0,23059.762,0
Montserrat,2020,MSR,4532,0,22780.908,0
Montserrat,2021,MSR,4505,0,24293.627,0
Montserrat,2022,MSR,4476,0,24477.215,0
Montserrat,2023,MSR,4440,,24283.598,
Morocco,1900,MAR,4681030,,,
Morocco,1901,MAR,4744697,,,
Morocco,1902,MAR,4815374,,,
Morocco,1903,MAR,4893229,,,
Morocco,1904,MAR,4972344,,,
Morocco,1905,MAR,5052737,,,
Morocco,1906,MAR,5134431,,,
Morocco,1907,MAR,5217445,,,
Morocco,1908,MAR,5301801,,,
Morocco,1909,MAR,5375224,,,
Morocco,1910,MAR,5437479,,,
Morocco,1911,MAR,5488325,,,
Morocco,1912,MAR,5527518,,,
Morocco,1913,MAR,5554809,,,
Morocco,1914,MAR,5582234,,,
Morocco,1915,MAR,5609795,,,
Morocco,1916,MAR,5637492,,,
Morocco,1917,MAR,5665326,,,
Morocco,1918,MAR,5693973,,,
Morocco,1919,MAR,5729691,,,
Morocco,1920,MAR,5772593,,,
Morocco,1921,MAR,5822794,,,
Morocco,1922,MAR,5880407,,,
Morocco,1923,MAR,5945551,,,
Morocco,1924,MAR,6011417,,,
Morocco,1925,MAR,6078012,,,
Morocco,1926,MAR,6145344,,,
Morocco,1927,MAR,6213423,,,
Morocco,1928,MAR,6282256,,,
Morocco,1929,MAR,6360339,,,
Morocco,1930,MAR,6447923,,,
Morocco,1931,MAR,6545268,,,
Morocco,1932,MAR,6652636,,,
Morocco,1933,MAR,6770297,,,
Morocco,1934,MAR,6890039,,,
Morocco,1935,MAR,7011899,,,
Morocco,1936,MAR,7135915,,,
Morocco,1937,MAR,7262123,,,
Morocco,1938,MAR,7390564,,,
Morocco,1939,MAR,7517200,,,
Morocco,1940,MAR,7641938,,,
Morocco,1941,MAR,7764682,,,
Morocco,1942,MAR,7885334,,,
Morocco,1943,MAR,8003793,,,
Morocco,1944,MAR,8124032,,,
Morocco,1945,MAR,8246076,,,
Morocco,1946,MAR,8369954,,,
Morocco,1947,MAR,8495694,,,
Morocco,1948,MAR,8623322,,,
Morocco,1949,MAR,8773203,,,
Morocco,1950,MAR,8935456,,,
Morocco,1951,MAR,9159293,,,
Morocco,1952,MAR,9394882,,,
Morocco,1953,MAR,9639571,,,
Morocco,1954,MAR,9893319,,,
Morocco,1955,MAR,10158130,,,
Morocco,1956,MAR,10434022,,,
Morocco,1957,MAR,10720555,,,
Morocco,1958,MAR,11013746,,,
Morocco,1959,MAR,11317012,,,
Morocco,1960,MAR,11624932,,,
Morocco,1961,MAR,11931097,,,
Morocco,1962,MAR,12253096,,,
Morocco,1963,MAR,12577499,,,
Morocco,1964,MAR,12898882,,,
Morocco,1965,MAR,13239173,,1341.546,
Morocco,1966,MAR,13597063,,1719.869,
Morocco,1967,MAR,13968180,,1763.991,
Morocco,1968,MAR,14347897,,1843.636,
Morocco,1969,MAR,14734252,,1968.815,
Morocco,1970,MAR,15129453,,2007.679,
Morocco,1971,MAR,15527227,,2078.927,
Morocco,1972,MAR,15924695,,2190.938,
Morocco,1973,MAR,16326276,,2373.854,
Morocco,1974,MAR,16733850,,2475.858,
Morocco,1975,MAR,17150790,,2455.288,
Morocco,1976,MAR,17574187,,2596.949,
Morocco,1977,MAR,18014761,,2841.587,
Morocco,1978,MAR,18477383,,2940.744,
Morocco,1979,MAR,18955587,,3197.095,
Morocco,1980,MAR,19459942,,3123.109,
Morocco,1981,MAR,19985407,,2949.665,
Morocco,1982,MAR,20520324,,2960.455,
Morocco,1983,MAR,21060697,,2961.495,
Morocco,1984,MAR,21593777,,2926.951,
Morocco,1985,MAR,22113953,,2953.012,
Morocco,1986,MAR,22600803,,2988.175,
Morocco,1987,MAR,23054390,,3017.432,
Morocco,1988,MAR,23500528,,3127.029,
Morocco,1989,MAR,23939414,,3377.153,
Morocco,1990,MAR,24375558,,3395.03,
Morocco,1991,MAR,24799016,,3379.32,
Morocco,1992,MAR,25212469,,3719.561,
Morocco,1993,MAR,25614586,,3699.685,
Morocco,1994,MAR,26000824,,4017.35,
Morocco,1995,MAR,26399431,,3880.835,
Morocco,1996,MAR,26808109,,3995.566,
Morocco,1997,MAR,27213340,,4091.882,
Morocco,1998,MAR,27621638,,4134.863,
Morocco,1999,MAR,28027188,,4227.753,
Morocco,2000,MAR,28423439,0,4132.624,0
Morocco,2001,MAR,28814646,0,4404.2,0
Morocco,2002,MAR,29198146,0,4455.488,0
Morocco,2003,MAR,29571415,0,4411.36,0
Morocco,2004,MAR,29953021,0,4959.868,0.12
Morocco,2005,MAR,30358145,0,5314.354,1.95
Morocco,2006,MAR,30771179,0,5351.266,2.43
Morocco,2007,MAR,31186468,0,5233.948,2.73
Morocco,2008,MAR,31606769,0,5699.121,2.77
Morocco,2009,MAR,32030779,0,5488.149,2.95
Morocco,2010,MAR,32467009,0,6004.753,2.81
Morocco,2011,MAR,32912585,0,6220.948,3.91
Morocco,2012,MAR,33355246,0,6248.547,5.95
Morocco,2013,MAR,33787573,0,6333.073,5.82
Morocco,2014,MAR,34204784,0.01,6344.875,5.6
Morocco,2015,MAR,34607590,0.01,6381.802,5.78
Morocco,2016,MAR,35023459,0.01,6376.418,5.91
Morocco,2017,MAR,35446395,0.04,6595.896,5.84
Morocco,2018,MAR,35839760,0.04,6747.087,5.2
Morocco,2019,MAR,36210907,0.04,7286.229,4.7
Morocco,2020,MAR,36584208,0.04,6625.93,3.46
Morocco,2021,MAR,36954443,0.04,7275.982,3.46
Morocco,2022,MAR,37329068,0.04,7146.277,0.69
Morocco,2023,MAR,37712516,0.04,7189.806,4.26
Morocco,2024,MAR,38081176,0.04,7256.846,4.43
Mozambique,1900,MOZ,4251279,,,
Mozambique,1901,MOZ,4219891,,,
Mozambique,1902,MOZ,4185345,,,
Mozambique,1903,MOZ,4147689,,,
Mozambique,1904,MOZ,4110368,,,
Mozambique,1905,MOZ,4073378,,,
Mozambique,1906,MOZ,4036717,,,
Mozambique,1907,MOZ,4000383,,,
Mozambique,1908,MOZ,3964371,,,
Mozambique,1909,MOZ,3931797,,,
Mozambique,1910,MOZ,3902611,,,
Mozambique,1911,MOZ,3876764,,,
Mozambique,1912,MOZ,3854207,,,
Mozambique,1913,MOZ,3834893,,,
Mozambique,1914,MOZ,3815671,,,
Mozambique,1915,MOZ,3796542,,,
Mozambique,1916,MOZ,3777505,,,
Mozambique,1917,MOZ,3758560,,,
Mozambique,1918,MOZ,3743526,,,
Mozambique,1919,MOZ,3742663,,,
Mozambique,1920,MOZ,3756127,,,
Mozambique,1921,MOZ,3784076,,,
Mozambique,1922,MOZ,3826669,,,
Mozambique,1923,MOZ,3884069,,,
Mozambique,1924,MOZ,3942330,,,
Mozambique,1925,MOZ,4001465,,,
Mozambique,1926,MOZ,4061487,,,
Mozambique,1927,MOZ,4122409,,,
Mozambique,1928,MOZ,4184245,,,
Mozambique,1929,MOZ,4246147,,,
Mozambique,1930,MOZ,4308103,,,
Mozambique,1931,MOZ,4370102,,,
Mozambique,1932,MOZ,4432133,,,
Mozambique,1933,MOZ,4494183,,,
Mozambique,1934,MOZ,4557101,,,
Mozambique,1935,MOZ,4620901,,,
Mozambique,1936,MOZ,4685593,,,
Mozambique,1937,MOZ,4751192,,,
Mozambique,1938,MOZ,4817708,,,
Mozambique,1939,MOZ,4889118,,,
Mozambique,1940,MOZ,4965561,,,
Mozambique,1941,MOZ,5047181,,,
Mozambique,1942,MOZ,5134123,,,
Mozambique,1943,MOZ,5226537,,,
Mozambique,1944,MOZ,5320614,,,
Mozambique,1945,MOZ,5416386,,,
Mozambique,1946,MOZ,5513881,,,
Mozambique,1947,MOZ,5613130,,,
Mozambique,1948,MOZ,5714167,,,
Mozambique,1949,MOZ,5816523,,,
Mozambique,1950,MOZ,5910234,,,
Mozambique,1951,MOZ,5978159,,,
Mozambique,1952,MOZ,6050766,,,
Mozambique,1953,MOZ,6123119,,,
Mozambique,1954,MOZ,6196983,,,
Mozambique,1955,MOZ,6274475,,,
Mozambique,1956,MOZ,6355040,,,
Mozambique,1957,MOZ,6438186,,,
Mozambique,1958,MOZ,6521557,,,
Mozambique,1959,MOZ,6610404,,,
Mozambique,1960,MOZ,6713698,,,
Mozambique,1961,MOZ,6834938,,,
Mozambique,1962,MOZ,6969369,,,
Mozambique,1963,MOZ,7109827,,,
Mozambique,1964,MOZ,7255064,,,
Mozambique,1965,MOZ,7406419,,,
Mozambique,1966,MOZ,7562991,,,
Mozambique,1967,MOZ,7724556,,,
Mozambique,1968,MOZ,7892610,,,
Mozambique,1969,MOZ,8066952,,,
Mozambique,1970,MOZ,8250504,,,
Mozambique,1971,MOZ,8456324,,,
Mozambique,1972,MOZ,8692931,,,
Mozambique,1973,MOZ,8954248,,,
Mozambique,1974,MOZ,9236094,,,
Mozambique,1975,MOZ,9540822,,,
Mozambique,1976,MOZ,9867205,,,
Mozambique,1977,MOZ,10224974,,,
Mozambique,1978,MOZ,10618247,,,
Mozambique,1979,MOZ,11028809,,,
Mozambique,1980,MOZ,11336220,,1886.681,
Mozambique,1981,MOZ,11568123,,877.783,
Mozambique,1982,MOZ,11824371,,900.937,
Mozambique,1983,MOZ,12073825,,1087.89,
Mozambique,1984,MOZ,12315953,,625.474,
Mozambique,1985,MOZ,12548951,,657.027,
Mozambique,1986,MOZ,12770581,,347.65,
Mozambique,1987,MOZ,12822573,,351.957,
Mozambique,1988,MOZ,12800556,,509.502,
Mozambique,1989,MOZ,12906842,,406.622,
Mozambique,1990,MOZ,13094535,,373.336,
Mozambique,1991,MOZ,13352091,,370.63,
Mozambique,1992,MOZ,13613314,,358.488,
Mozambique,1993,MOZ,14051203,,375.801,
Mozambique,1994,MOZ,15033852,,335.322,
Mozambique,1995,MOZ,15960530,,333.823,
Mozambique,1996,MOZ,16492484,,330.946,
Mozambique,1997,MOZ,16949988,,332.735,
Mozambique,1998,MOZ,17340463,,371.276,
Mozambique,1999,MOZ,17734499,,429.019,
Mozambique,2000,MOZ,18129652,0,563.938,0
Mozambique,2001,MOZ,18537735,0,738.629,0
Mozambique,2002,MOZ,18958338,0,687.184,0
Mozambique,2003,MOZ,19392477,0,886.254,0
Mozambique,2004,MOZ,19840312,0,899.958,0.01
Mozambique,2005,MOZ,20304577,0,924.565,0.01
Mozambique,2006,MOZ,20787088,0,977.409,0.01
Mozambique,2007,MOZ,21287638,0,1094.61,0.01
Mozambique,2008,MOZ,21819037,0,1012.976,0.01
Mozambique,2009,MOZ,22391751,0,1037.629,0.01
Mozambique,2010,MOZ,22999234,0,1031.445,0.02
Mozambique,2011,MOZ,23649045,0,1287.581,0.11
Mozambique,2012,MOZ,24337849,0,1601.851,0.11
Mozambique,2013,MOZ,25051613,0,1768.1,0.21
Mozambique,2014,MOZ,25788473,0,1905.264,0.21
Mozambique,2015,MOZ,26547576,0,1990.914,1.27
Mozambique,2016,MOZ,27337107,0,2136.813,2.83
Mozambique,2017,MOZ,28166397,0.14,2194.465,2.79
Mozambique,2018,MOZ,29018647,0.12,1625.51,2.87
Mozambique,2019,MOZ,29884378,0.11,1650.032,3.78
Mozambique,2020,MOZ,30783685,0.11,1476.798,3
Mozambique,2021,MOZ,31707798,0.11,1653.995,3.04
Mozambique,2022,MOZ,32656242,0.13,1720.951,3.06
Mozambique,2023,MOZ,33635163,0.13,1696.658,3.06
Mozambique,2024,MOZ,34631767,,,
Myanmar,1900,MMR,9411380,,,
Myanmar,1901,MMR,9603751,,,
Myanmar,1902,MMR,9772217,,,
Myanmar,1903,MMR,9915677,,,
Myanmar,1904,MMR,10061221,,,
Myanmar,1905,MMR,10208880,,,
Myanmar,1906,MMR,10358684,,,
Myanmar,1907,MMR,10510664,,,
Myanmar,1908,MMR,10664851,,,
Myanmar,1909,MMR,10806140,,,
Myanmar,1910,MMR,10934246,,,
Myanmar,1911,MMR,11048878,,,
Myanmar,1912,MMR,11149741,,,
Myanmar,1913,MMR,11236535,,,
Myanmar,1914,MMR,11323979,,,
Myanmar,1915,MMR,11412080,,,
Myanmar,1916,MMR,11500841,,,
Myanmar,1917,MMR,11590266,,,
Myanmar,1918,MMR,11697676,,,
Myanmar,1919,MMR,11808638,,,
Myanmar,1920,MMR,11923214,,,
Myanmar,1921,MMR,12041462,,,
Myanmar,1922,MMR,12163444,,,
Myanmar,1923,MMR,12289223,,,
Myanmar,1924,MMR,12416302,,,
Myanmar,1925,MMR,12544694,,,
Myanmar,1926,MMR,12674415,,,
Myanmar,1927,MMR,12805477,,,
Myanmar,1928,MMR,12937894,,,
Myanmar,1929,MMR,13079961,,,
Myanmar,1930,MMR,13231889,,,
Myanmar,1931,MMR,13393893,,,
Myanmar,1932,MMR,13566191,,,
Myanmar,1933,MMR,13749007,,,
Myanmar,1934,MMR,13934287,,,
Myanmar,1935,MMR,14122063,,,
Myanmar,1936,MMR,14312370,,,
Myanmar,1937,MMR,14505241,,,
Myanmar,1938,MMR,14700712,,,
Myanmar,1939,MMR,14907053,,,
Myanmar,1940,MMR,15124546,,,
Myanmar,1941,MMR,15353476,,,
Myanmar,1942,MMR,15594135,,,
Myanmar,1943,MMR,15846821,,,
Myanmar,1944,MMR,16103601,,,
Myanmar,1945,MMR,16364542,,,
Myanmar,1946,MMR,16629712,,,
Myanmar,1947,MMR,16899178,,,
Myanmar,1948,MMR,17173011,,,
Myanmar,1949,MMR,17450542,,,
Myanmar,1950,MMR,17737123,,,
Myanmar,1951,MMR,18070426,,,
Myanmar,1952,MMR,18418010,,,
Myanmar,1953,MMR,18779903,,,
Myanmar,1954,MMR,19156653,,,
Myanmar,1955,MMR,19550488,,,
Myanmar,1956,MMR,19959222,,,
Myanmar,1957,MMR,20382706,,,
Myanmar,1958,MMR,20816423,,,
Myanmar,1959,MMR,21264016,,,
Myanmar,1960,MMR,21730255,,,
Myanmar,1961,MMR,22210580,,,
Myanmar,1962,MMR,22704722,,,
Myanmar,1963,MMR,23213406,,,
Myanmar,1964,MMR,23737316,,,
Myanmar,1965,MMR,24279437,,,
Myanmar,1966,MMR,24836494,,,
Myanmar,1967,MMR,25406432,,,
Myanmar,1968,MMR,25989669,,,
Myanmar,1969,MMR,26585110,,,
Myanmar,1970,MMR,27193015,,,
Myanmar,1971,MMR,27807215,,,
Myanmar,1972,MMR,28428330,,,
Myanmar,1973,MMR,29026390,,,
Myanmar,1974,MMR,29598163,,,
Myanmar,1975,MMR,30176563,,,
Myanmar,1976,MMR,30758818,,,
Myanmar,1977,MMR,31355968,,,
Myanmar,1978,MMR,31972974,,,
Myanmar,1979,MMR,32596552,,,
Myanmar,1980,MMR,33227204,,560.986,
Myanmar,1981,MMR,33858786,,564.738,
Myanmar,1982,MMR,34482967,,611.15,
Myanmar,1983,MMR,35162714,,609.929,
Myanmar,1984,MMR,35899313,,653.862,
Myanmar,1985,MMR,36622832,,648.156,
Myanmar,1986,MMR,37314882,,646.571,
Myanmar,1987,MMR,37971601,,628.809,
Myanmar,1988,MMR,38600928,,598.187,
Myanmar,1989,MMR,39214624,,601.079,
Myanmar,1990,MMR,39817253,,570.204,
Myanmar,1991,MMR,40394159,,553.259,
Myanmar,1992,MMR,40950342,,560.732,
Myanmar,1993,MMR,41502423,,587.599,
Myanmar,1994,MMR,42055150,,696.462,
Myanmar,1995,MMR,42605343,,733.341,
Myanmar,1996,MMR,43154858,,730.628,
Myanmar,1997,MMR,43708802,,773.189,
Myanmar,1998,MMR,44257793,,887.116,
Myanmar,1999,MMR,44787727,,885.161,
Myanmar,2000,MMR,45290850,0,978.62,2.54
Myanmar,2001,MMR,45771140,0,889.03,2.34
Myanmar,2002,MMR,46232656,0,1016.454,2.29
Myanmar,2003,MMR,46667191,0,1146.096,2.68
Myanmar,2004,MMR,47068779,0,1195.207,2.76
Myanmar,2005,MMR,47438362,0,1532.599,2.4
Myanmar,2006,MMR,47785141,0,1418.06,2.03
Myanmar,2007,MMR,48125047,0,1519.31,1.89
Myanmar,2008,MMR,48390790,0,1358.99,1.9
Myanmar,2009,MMR,48660458,0,1190.134,1.21
Myanmar,2010,MMR,49024376,0,1228.715,1.76
Myanmar,2011,MMR,49419825,0,1239.859,2.12
Myanmar,2012,MMR,49837451,0.19,1518.668,2.38
Myanmar,2013,MMR,50262658,0.21,1748.04,2.79
Myanmar,2014,MMR,50681635,0.22,2079.958,4.98
Myanmar,2015,MMR,51089060,0.21,1894.966,6.23
Myanmar,2016,MMR,51495701,0.21,2201.666,8.05
Myanmar,2017,MMR,51894939,0.23,2868.16,8.34
Myanmar,2018,MMR,52272250,0.25,2971.094,7.43
Myanmar,2019,MMR,52640718,0.26,2882.835,6.08
Myanmar,2020,MMR,53016525,0.26,2892.347,6.99
Myanmar,2021,MMR,53387103,0.26,2767.67,7.88
Myanmar,2022,MMR,53756791,0.27,2488.871,11.47
Myanmar,2023,MMR,54133800,0.27,2457.113,13.6
Myanmar,2024,MMR,54500086,0.27,,12.3
Namibia,1990,NAM,1369309,,7418.709,
Namibia,1991,NAM,1415689,,3812.35,
Namibia,1992,NAM,1461324,,3436.283,
Namibia,1993,NAM,1508698,,4185.706,
Namibia,1994,NAM,1556315,,3868.406,
Namibia,1995,NAM,1602181,,4494.408,
Namibia,1996,NAM,1646107,,4540.366,
Namibia,1997,NAM,1689274,,4542.339,
Namibia,1998,NAM,1732747,,4501.538,
Namibia,1999,NAM,1776371,,6051.055,
Namibia,2000,NAM,1818650,0,5556.684,0
Namibia,2001,NAM,1857059,0,6452.129,0
Namibia,2002,NAM,1889976,0,5751.055,0
Namibia,2003,NAM,1917469,0,6010.251,0
Namibia,2004,NAM,1942087,0,6295.237,0
Namibia,2005,NAM,1966581,0,6712.8,0
Namibia,2006,NAM,1991890,0,6620.794,0
Namibia,2007,NAM,2018607,0,6833.511,0
Namibia,2008,NAM,2047059,0,7235.075,0
Namibia,2009,NAM,2077400,0,7396.02,0
Namibia,2010,NAM,2109815,0,7701.005,0
Namibia,2011,NAM,2146331,0,7822.107,0
Namibia,2012,NAM,2194656,0,7876.92,0
Namibia,2013,NAM,2252505,0,8094.935,0
Namibia,2014,NAM,2312143,0,8291.814,0
Namibia,2015,NAM,2374305,0,8520.548,0
Namibia,2016,NAM,2439219,0,8412.105,0
Namibia,2017,NAM,2506854,0,8261.7,0
Namibia,2018,NAM,2577327,0,7904.92,0
Namibia,2019,NAM,2650499,0,7529.841,0
Namibia,2020,NAM,2728760,0,6684.072,0
Namibia,2021,NAM,2810552,0,6530.722,0
Namibia,2022,NAM,2889668,0,6222.074,0
Namibia,2023,NAM,2963102,0,6369.585,0
Nauru,1980,NRU,7670,,76304.094,
Nauru,1981,NRU,7866,,74199.516,
Nauru,1982,NRU,8059,,72422.555,
Nauru,1983,NRU,8240,,70831.719,
Nauru,1984,NRU,8398,,69689.5,
Nauru,1985,NRU,8573,,68080.414,
Nauru,1986,NRU,8765,,63726.5,
Nauru,1987,NRU,8972,,62256.215,
Nauru,1988,NRU,9183,,60980.816,
Nauru,1989,NRU,9413,,59339.504,
Nauru,1990,NRU,9645,,57912.156,
Nauru,1991,NRU,9873,,56574.773,
Nauru,1992,NRU,10042,,55764.473,
Nauru,1993,NRU,10123,,55177.59,
Nauru,1994,NRU,10163,,54960.422,
Nauru,1995,NRU,10187,,61432.746,
Nauru,1996,NRU,10206,,61475.965,
Nauru,1997,NRU,10218,,61246.367,
Nauru,1998,NRU,10220,,61234.383,
Nauru,1999,NRU,10207,,61312.684,
Nauru,2000,NRU,10187,0,44937.637,0
Nauru,2001,NRU,10147,0,40890.367,0
Nauru,2002,NRU,10105,0,38541.898,0
Nauru,2003,NRU,10086,0,34617.867,0
Nauru,2004,NRU,10084,0,32495.346,0
Nauru,2005,NRU,10071,0,31884.871,0
Nauru,2006,NRU,10061,0,23238.6,0
Nauru,2007,NRU,10042,0,22675.703,0
Nauru,2008,NRU,10032,0,23086.703,0
Nauru,2009,NRU,10041,0,22420.668,0
Nauru,2010,NRU,10067,0,23571.98,0
Nauru,2011,NRU,10116,0,23058.318,0
Nauru,2012,NRU,10289,0,24056.672,0
Nauru,2013,NRU,10539,0,27437.01,0
Nauru,2014,NRU,10766,0,29001.471,0
Nauru,2015,NRU,10975,0,30294.217,0
Nauru,2016,NRU,11173,0,32657.586,0
Nauru,2017,NRU,11351,0,25127.229,0
Nauru,2018,NRU,11499,0,28063.158,0
Nauru,2019,NRU,11609,0,27454.725,0
Nauru,2020,NRU,11665,0,26711.461,0
Nauru,2021,NRU,11727,0,27542.607,0
Nauru,2022,NRU,11822,0,27801.133,0
Nauru,2023,NRU,11900,0,29242.105,0
Nepal,1900,NPL,5116267,,,
Nepal,1901,NPL,5136307,,,
Nepal,1902,NPL,5161345,,,
Nepal,1903,NPL,5191411,,,
Nepal,1904,NPL,5221651,,,
Nepal,1905,NPL,5252063,,,
Nepal,1906,NPL,5282650,,,
Nepal,1907,NPL,5313413,,,
Nepal,1908,NPL,5344352,,,
Nepal,1909,NPL,5368013,,,
Nepal,1910,NPL,5384368,,,
Nepal,1911,NPL,5393386,,,
Nepal,1912,NPL,5395039,,,
Nepal,1913,NPL,5389297,,,
Nepal,1914,NPL,5383558,,,
Nepal,1915,NPL,5377823,,,
Nepal,1916,NPL,5372091,,,
Nepal,1917,NPL,5366362,,,
Nepal,1918,NPL,5364500,,,
Nepal,1919,NPL,5362639,,,
Nepal,1920,NPL,5360778,,,
Nepal,1921,NPL,5358918,,,
Nepal,1922,NPL,5357059,,,
Nepal,1923,NPL,5355200,,,
Nepal,1924,NPL,5353342,,,
Nepal,1925,NPL,5351485,,,
Nepal,1926,NPL,5349628,,,
Nepal,1927,NPL,5347772,,,
Nepal,1928,NPL,5345917,,,
Nepal,1929,NPL,5344433,,,
Nepal,1930,NPL,5343320,,,
Nepal,1931,NPL,5342578,,,
Nepal,1932,NPL,5342207,,,
Nepal,1933,NPL,5342207,,,
Nepal,1934,NPL,5342207,,,
Nepal,1935,NPL,5342207,,,
Nepal,1936,NPL,5342207,,,
Nepal,1937,NPL,5342207,,,
Nepal,1938,NPL,5342207,,,
Nepal,1939,NPL,5393997,,,
Nepal,1940,NPL,5500086,,,
Nepal,1941,NPL,5663106,,,
Nepal,1942,NPL,5885818,,,
Nepal,1943,NPL,6171114,,,
Nepal,1944,NPL,6470239,,,
Nepal,1945,NPL,6783863,,,
Nepal,1946,NPL,7112689,,,
Nepal,1947,NPL,7457454,,,
Nepal,1948,NPL,7818930,,,
Nepal,1949,NPL,8133751,,,
Nepal,1950,NPL,8396610,,,
Nepal,1951,NPL,8572665,,,
Nepal,1952,NPL,8747300,,,
Nepal,1953,NPL,8918222,,,
Nepal,1954,NPL,9087775,,,
Nepal,1955,NPL,9257985,,,
Nepal,1956,NPL,9427889,,,
Nepal,1957,NPL,9598045,,,
Nepal,1958,NPL,9766252,,,
Nepal,1959,NPL,9938915,,,
Nepal,1960,NPL,10123664,,,
Nepal,1961,NPL,10318399,,,
Nepal,1962,NPL,10521122,,,
Nepal,1963,NPL,10729818,,,
Nepal,1964,NPL,10946389,,,
Nepal,1965,NPL,11173411,,,
Nepal,1966,NPL,11408714,,,
Nepal,1967,NPL,11652717,,,
Nepal,1968,NPL,11906275,,,
Nepal,1969,NPL,12167032,,,
Nepal,1970,NPL,12436191,,,
Nepal,1971,NPL,12710069,,,
Nepal,1972,NPL,12989103,,,
Nepal,1973,NPL,13275240,,,
Nepal,1974,NPL,13568436,,,
Nepal,1975,NPL,13870692,,,
Nepal,1976,NPL,14177650,,,
Nepal,1977,NPL,14499175,,,
Nepal,1978,NPL,14839704,,,
Nepal,1979,NPL,15190601,,,
Nepal,1980,NPL,15553106,,118.009,
Nepal,1981,NPL,15922422,,111.204,
Nepal,1982,NPL,16297996,,149.297,
Nepal,1983,NPL,16689121,,156.556,
Nepal,1984,NPL,17085243,,153.127,
Nepal,1985,NPL,17477694,,134.071,
Nepal,1986,NPL,17868128,,178.207,
Nepal,1987,NPL,18250512,,193.178,
Nepal,1988,NPL,18638660,,185.797,
Nepal,1989,NPL,19057811,,183.99,
Nepal,1990,NPL,19524579,,191.964,
Nepal,1991,NPL,20036507,,222.974,
Nepal,1992,NPL,20609708,,241.669,
Nepal,1993,NPL,21180158,,239.042,
Nepal,1994,NPL,21717483,,265.987,
Nepal,1995,NPL,22245443,,275.88,
Nepal,1996,NPL,22741867,,317.513,
Nepal,1997,NPL,23219458,,355.763,
Nepal,1998,NPL,23680358,,437.883,
Nepal,1999,NPL,24125201,,474.374,
Nepal,2000,NPL,24546509,0,468.388,0
Nepal,2001,NPL,24946755,0,478.171,0
Nepal,2002,NPL,25328989,0,477.54,0
Nepal,2003,NPL,25688762,0,498.735,0
Nepal,2004,NPL,26016652,0,483.319,0
Nepal,2005,NPL,26309462,0,495.115,0
Nepal,2006,NPL,26565430,0,468.016,0
Nepal,2007,NPL,26788498,0,456.079,0
Nepal,2008,NPL,26990036,0,521.395,0
Nepal,2009,NPL,27173035,0,602.942,0
Nepal,2010,NPL,27341955,0,646.762,0
Nepal,2011,NPL,27464499,0,682.33,0
Nepal,2012,NPL,27534916,0,731.917,0
Nepal,2013,NPL,27589997,0,785.825,0
Nepal,2014,NPL,27672373,0,848.153,0
Nepal,2015,NPL,27823631,0,757.939,0
Nepal,2016,NPL,27955471,0,1162.287,0
Nepal,2017,NPL,28011258,0,1333.339,0
Nepal,2018,NPL,28079688,0,1495.165,0
Nepal,2019,NPL,28414066,0,1280.682,0
Nepal,2020,NPL,28966580,0,1574.515,0
Nepal,2021,NPL,29475016,0,1633.55,0
Nepal,2022,NPL,29715435,0,1873.664,0
Nepal,2023,NPL,29694614,,1935.312,
Netherlands,1900,NLD,5140189,,,
Netherlands,1901,NLD,5209957,,,
Netherlands,1902,NLD,5282301,,,
Netherlands,1903,NLD,5357276,,,
Netherlands,1904,NLD,5433315,,,
Netherlands,1905,NLD,5510433,,,
Netherlands,1906,NLD,5588646,,,
Netherlands,1907,NLD,5667969,,,
Netherlands,1908,NLD,5748418,,,
Netherlands,1909,NLD,5830495,,,
Netherlands,1910,NLD,5914229,,,
Netherlands,1911,NLD,5999652,,,
Netherlands,1912,NLD,6086795,,,
Netherlands,1913,NLD,6175690,,,
Netherlands,1914,NLD,6265882,,,
Netherlands,1915,NLD,6357392,,,
Netherlands,1916,NLD,6450239,,,
Netherlands,1917,NLD,6544441,,,
Netherlands,1918,NLD,6640214,,,
Netherlands,1919,NLD,6736779,,,
Netherlands,1920,NLD,6834137,,,
Netherlands,1921,NLD,6932291,,,
Netherlands,1922,NLD,7031246,,,
Netherlands,1923,NLD,7131002,,,
Netherlands,1924,NLD,7232174,,,
Netherlands,1925,NLD,7334781,,,
Netherlands,1926,NLD,7438843,,,
Netherlands,1927,NLD,7544382,,,
Netherlands,1928,NLD,7651419,,,
Netherlands,1929,NLD,7756463,,,
Netherlands,1930,NLD,7859443,,,
Netherlands,1931,NLD,7960289,,,
Netherlands,1932,NLD,8058927,,,
Netherlands,1933,NLD,8155281,,,
Netherlands,1934,NLD,8252788,,,
Netherlands,1935,NLD,8351461,,,
Netherlands,1936,NLD,8451313,,,
Netherlands,1937,NLD,8552359,,,
Netherlands,1938,NLD,8654613,,,
Netherlands,1939,NLD,8760124,,,
Netherlands,1940,NLD,8868956,,,
Netherlands,1941,NLD,8981176,,,
Netherlands,1942,NLD,9096853,,,
Netherlands,1943,NLD,9216054,,,
Netherlands,1944,NLD,9336818,,,
Netherlands,1945,NLD,9459164,,,
Netherlands,1946,NLD,9583114,,,
Netherlands,1947,NLD,9708687,,,
Netherlands,1948,NLD,9835906,,,
Netherlands,1949,NLD,9964193,,,
Netherlands,1950,NLD,10113759,,,
Netherlands,1951,NLD,10264536,,,
Netherlands,1952,NLD,10382295,,,
Netherlands,1953,NLD,10493531,,,
Netherlands,1954,NLD,10615733,,,
Netherlands,1955,NLD,10751231,,,
Netherlands,1956,NLD,10889767,,,
Netherlands,1957,NLD,11026879,,,
Netherlands,1958,NLD,11187365,,,
Netherlands,1959,NLD,11348106,,,
Netherlands,1960,NLD,11486909,,,
Netherlands,1961,NLD,11639372,,,
Netherlands,1962,NLD,11807553,,,
Netherlands,1963,NLD,11969159,,,
Netherlands,1964,NLD,12131887,,,
Netherlands,1965,NLD,12301136,,33652.184,
Netherlands,1966,NLD,12464283,,35571.836,
Netherlands,1967,NLD,12607835,,37183.23,
Netherlands,1968,NLD,12740851,,41158.406,
Netherlands,1969,NLD,12890641,,45365.219,
Netherlands,1970,NLD,13052082,,50551.148,
Netherlands,1971,NLD,13208353,,52676.648,
Netherlands,1972,NLD,13342780,,60567.453,
Netherlands,1973,NLD,13453743,,63899.078,
Netherlands,1974,NLD,13559671,,60175.305,
Netherlands,1975,NLD,13680033,,60149.383,
Netherlands,1976,NLD,13786641,,65093.688,
Netherlands,1977,NLD,13868605,,63547.434,
Netherlands,1978,NLD,13953922,,64439.277,
Netherlands,1979,NLD,14050176,,66111.094,
Netherlands,1980,NLD,14162686,,61584.023,
Netherlands,1981,NLD,14262691,,57990.461,
Netherlands,1982,NLD,14333902,,53329.223,
Netherlands,1983,NLD,14396898,,53349.469,
Netherlands,1984,NLD,14462809,,55132.371,
Netherlands,1985,NLD,14538958,,56596.094,38.213
Netherlands,1986,NLD,14626488,,59046.316,41.502
Netherlands,1987,NLD,14724948,,59859.922,41.292
Netherlands,1988,NLD,14825915,,59650.305,36.428
Netherlands,1989,NLD,14921107,,59543.699,39.93
Netherlands,1990,NLD,15030886,0.67,60590.891,36.53
Netherlands,1991,NLD,15155093,0.74,61237.723,41.01
Netherlands,1992,NLD,15276787,0.73,61473.492,43.46
Netherlands,1993,NLD,15389718,0.84,61532.391,44.12
Netherlands,1994,NLD,15485453,0.92,60496.051,43.54
Netherlands,1995,NLD,15565034,1,62637.953,42.01
Netherlands,1996,NLD,15640032,1.3,65032.52,47.08
Netherlands,1997,NLD,15723621,1.45,63525.477,50.66
Netherlands,1998,NLD,15827109,1.57,63558.168,51.06
Netherlands,1999,NLD,15940183,1.77,62344.133,51.15
Netherlands,2000,NLD,16058757,1.99,62695.977,51.52
Netherlands,2001,NLD,16182705,2.35,64609.547,53.77
Netherlands,2002,NLD,16288060,2.9,64222.574,55.28
Netherlands,2003,NLD,16366914,2.54,64341.766,55.02
Netherlands,2004,NLD,16425562,3.31,66283.531,59.99
Netherlands,2005,NLD,16465707,5.26,67549,57.6
Netherlands,2006,NLD,16493851,5.17,66059.516,57.14
Netherlands,2007,NLD,16531360,4,66995.336,61.01
Netherlands,2008,NLD,16597259,5.13,65937.922,63.36
Netherlands,2009,NLD,16684148,6.11,64689.609,68.87
Netherlands,2010,NLD,16771232,7.04,69801.117,75.33
Netherlands,2011,NLD,16851061,7.06,66173.398,69.47
Netherlands,2012,NLD,16915191,7.2,64776.062,56.56
Netherlands,2013,NLD,16967066,5.95,62644.008,56.07
Netherlands,2014,NLD,17030085,5.01,59678.543,51.52
Netherlands,2015,NLD,17107429,4.94,60001.301,45.81
Netherlands,2016,NLD,17204693,4.91,60683.609,52.53
Netherlands,2017,NLD,17315376,4.6,60761.145,57.73
Netherlands,2018,NLD,17421285,4.55,58901.457,57.63
Netherlands,2019,NLD,17537505,5.82,58248.688,70.72
Netherlands,2020,NLD,17636732,8.84,56095.609,72.52
Netherlands,2021,NLD,17730565,10.92,57247.258,56.69
Netherlands,2022,NLD,17904421,9.82,53288.391,47.74
Netherlands,2023,NLD,18092526,7.64,51949.645,46.09
Netherlands,2024,NLD,18228740,6.68,50824.402,44.29
Netherlands Antilles,1965,ANT,144332,,,
Netherlands Antilles,1966,ANT,146920,,,
Netherlands Antilles,1967,ANT,149610,,,
Netherlands Antilles,1968,ANT,152279,,,
Netherlands Antilles,1969,ANT,154751,,,
Netherlands Antilles,1970,ANT,156908,,,
Netherlands Antilles,1971,ANT,158702,,,
Netherlands Antilles,1972,ANT,160183,,,
Netherlands Antilles,1973,ANT,161454,,,
Netherlands Antilles,1974,ANT,162673,,,
Netherlands Antilles,1975,ANT,163950,,,
Netherlands Antilles,1976,ANT,165320,,,
Netherlands Antilles,1977,ANT,166758,,,
Netherlands Antilles,1978,ANT,168250,,,
Netherlands Antilles,1979,ANT,169774,,,
Netherlands Antilles,1980,ANT,171309,,408208.562,
Netherlands Antilles,1981,ANT,172835,,370182.5,
Netherlands Antilles,1982,ANT,174362,,348593.531,
Netherlands Antilles,1983,ANT,175929,,323668.281,
Netherlands Antilles,1984,ANT,177586,,307076.094,
Netherlands Antilles,1985,ANT,179354,,253276.484,
Netherlands Antilles,1986,ANT,181252,,244976.391,
Netherlands Antilles,1987,ANT,183216,,243208.312,
Netherlands Antilles,1988,ANT,185116,,227400.906,
Netherlands Antilles,1989,ANT,186774,,235901.125,
Netherlands Antilles,1990,ANT,188047,,229233.312,
Netherlands Antilles,1991,ANT,188953,,217450.156,
Netherlands Antilles,1992,ANT,189511,,214297.375,
Netherlands Antilles,1993,ANT,189622,,214098.156,
Netherlands Antilles,1994,ANT,189159,,221886.375,
Netherlands Antilles,1995,ANT,188081,,237517.25,
Netherlands Antilles,1996,ANT,186311,,237091.328,
Netherlands Antilles,1997,ANT,183978,,254401.516,
Netherlands Antilles,1998,ANT,181506,,260984.797,
Netherlands Antilles,1999,ANT,179451,,257968.922,
Netherlands Antilles,2000,ANT,178219,,306620.938,
Netherlands Antilles,2001,ANT,177940,,315762.594,
Netherlands Antilles,2002,ANT,178514,,306022.25,
Netherlands Antilles,2003,ANT,179829,,301655.406,
Netherlands Antilles,2004,ANT,181695,,309793.688,
Netherlands Antilles,2005,ANT,183927,,317213.719,
Netherlands Antilles,2006,ANT,186541,,314900.094,
Netherlands Antilles,2007,ANT,189515,,327822.25,
Netherlands Antilles,2008,ANT,192610,,321933.094,
Netherlands Antilles,2009,ANT,195519,,304311.125,
Netherlands Antilles,2010,ANT,198009,,259121.891,
Netherlands Antilles,2011,ANT,,,,
Netherlands Antilles,2012,ANT,,,,
Netherlands Antilles,2013,ANT,,,,
Netherlands Antilles,2014,ANT,,,,
Netherlands Antilles,2015,ANT,,,,
Netherlands Antilles,2016,ANT,,,,
Netherlands Antilles,2017,ANT,,,,
Netherlands Antilles,2018,ANT,,,,
Netherlands Antilles,2019,ANT,,,,
Netherlands Antilles,2020,ANT,,,,
Netherlands Antilles,2021,ANT,,,,
Netherlands Antilles,2022,ANT,,,,
Netherlands Antilles,2023,ANT,,,,
Netherlands Antilles,2024,ANT,,,,
New Caledonia,1980,NCL,149826,,48463.023,
New Caledonia,1981,NCL,151458,,45892.879,
New Caledonia,1982,NCL,153013,,33612.188,
New Caledonia,1983,NCL,155019,,29976.361,
New Caledonia,1984,NCL,157601,,34449.605,
New Caledonia,1985,NCL,160252,,35138.871,
New Caledonia,1986,NCL,162912,,35853.625,
New Caledonia,1987,NCL,165659,,36572.535,
New Caledonia,1988,NCL,168521,,35914.227,
New Caledonia,1989,NCL,172043,,38952.156,
New Caledonia,1990,NCL,176468,,37261.715,
New Caledonia,1991,NCL,181251,,37957.801,
New Caledonia,1992,NCL,186084,,38198.359,
New Caledonia,1993,NCL,190858,,36692.648,
New Caledonia,1994,NCL,195626,,36674.359,
New Caledonia,1995,NCL,200392,,35459.199,
New Caledonia,1996,NCL,205048,,35122.965,
New Caledonia,1997,NCL,209568,,32178.488,
New Caledonia,1998,NCL,214062,,31902.83,
New Caledonia,1999,NCL,218532,,31279.449,
New Caledonia,2000,NCL,223110,0,40982.809,0
New Caledonia,2001,NCL,227714,0,38821.219,0
New Caledonia,2002,NCL,232239,0,41888.996,0
New Caledonia,2003,NCL,236684,0,44709.664,0
New Caledonia,2004,NCL,240865,0,42506.266,0
New Caledonia,2005,NCL,244391,0,46059.676,0
New Caledonia,2006,NCL,247557,0,45058.117,0
New Caledonia,2007,NCL,250730,0,47088.543,0
New Caledonia,2008,NCL,253831,0,46293.129,0
New Caledonia,2009,NCL,257261,0,46386.137,0
New Caledonia,2010,NCL,261580,0,54476.797,0
New Caledonia,2011,NCL,266550,0,52115.16,0
New Caledonia,2012,NCL,271640,0,54380.004,0
New Caledonia,2013,NCL,276832,0,57012.297,0
New Caledonia,2014,NCL,281233,0,66096.523,0
New Caledonia,2015,NCL,283179,0,66969.797,0
New Caledonia,2016,NCL,283432,0,72312.383,0
New Caledonia,2017,NCL,283554,0,69077.992,0
New Caledonia,2018,NCL,283551,0,77017.227,0
New Caledonia,2019,NCL,283616,0,72879.398,0
New Caledonia,2020,NCL,284187,0,67648.062,0
New Caledonia,2021,NCL,285227,0,59830.672,0
New Caledonia,2022,NCL,287130,0,63128.047,0
New Caledonia,2023,NCL,289879,,63832.758,
New Caledonia,2024,NCL,292655,,,
New Zealand,1900,NZL,809099,,,
New Zealand,1901,NZL,828174,,,
New Zealand,1902,NZL,848778,,,
New Zealand,1903,NZL,870968,,,
New Zealand,1904,NZL,893740,,,
New Zealand,1905,NZL,917106,,,
New Zealand,1906,NZL,941083,,,
New Zealand,1907,NZL,965687,,,
New Zealand,1908,NZL,990935,,,
New Zealand,1909,NZL,1014998,,,
New Zealand,1910,NZL,1037814,,,
New Zealand,1911,NZL,1059319,,,
New Zealand,1912,NZL,1079444,,,
New Zealand,1913,NZL,1098120,,,
New Zealand,1914,NZL,1117119,,,
New Zealand,1915,NZL,1136447,,,
New Zealand,1916,NZL,1156110,,,
New Zealand,1917,NZL,1176113,,,
New Zealand,1918,NZL,1196505,,,
New Zealand,1919,NZL,1217578,,,
New Zealand,1920,NZL,1239349,,,
New Zealand,1921,NZL,1261836,,,
New Zealand,1922,NZL,1285060,,,
New Zealand,1923,NZL,1309037,,,
New Zealand,1924,NZL,1333463,,,
New Zealand,1925,NZL,1358344,,,
New Zealand,1926,NZL,1383689,,,
New Zealand,1927,NZL,1409507,,,
New Zealand,1928,NZL,1435807,,,
New Zealand,1929,NZL,1459777,,,
New Zealand,1930,NZL,1481347,,,
New Zealand,1931,NZL,1500446,,,
New Zealand,1932,NZL,1517002,,,
New Zealand,1933,NZL,1530942,,,
New Zealand,1934,NZL,1545009,,,
New Zealand,1935,NZL,1559205,,,
New Zealand,1936,NZL,1573532,,,
New Zealand,1937,NZL,1587991,,,
New Zealand,1938,NZL,1602582,,,
New Zealand,1939,NZL,1619373,,,
New Zealand,1940,NZL,1638415,,,
New Zealand,1941,NZL,1659762,,,
New Zealand,1942,NZL,1683468,,,
New Zealand,1943,NZL,1709588,,,
New Zealand,1944,NZL,1736113,,,
New Zealand,1945,NZL,1763050,,,
New Zealand,1946,NZL,1790404,,,
New Zealand,1947,NZL,1818183,,,
New Zealand,1948,NZL,1846393,,,
New Zealand,1949,NZL,1877502,,,
New Zealand,1950,NZL,1911265,,,
New Zealand,1951,NZL,1951209,,,
New Zealand,1952,NZL,1997753,,,
New Zealand,1953,NZL,2047750,,,
New Zealand,1954,NZL,2095143,,,
New Zealand,1955,NZL,2139674,,,
New Zealand,1956,NZL,2184844,,,
New Zealand,1957,NZL,2233688,,,
New Zealand,1958,NZL,2284995,,,
New Zealand,1959,NZL,2333486,,,
New Zealand,1960,NZL,2379482,,,
New Zealand,1961,NZL,2429744,,,
New Zealand,1962,NZL,2484403,,,
New Zealand,1963,NZL,2538117,,,
New Zealand,1964,NZL,2588770,,,
New Zealand,1965,NZL,2636493,,32322.451,
New Zealand,1966,NZL,2682589,,33754.414,
New Zealand,1967,NZL,2723417,,33539.09,
New Zealand,1968,NZL,2754522,,33935.203,
New Zealand,1969,NZL,2784399,,34146.379,
New Zealand,1970,NZL,2822184,,37491.758,
New Zealand,1971,NZL,2867168,,38644.863,
New Zealand,1972,NZL,2919263,,40502.883,
New Zealand,1973,NZL,2978989,,41281.184,
New Zealand,1974,NZL,3041223,,40984.441,
New Zealand,1975,NZL,3094039,,40921.887,
New Zealand,1976,NZL,3126639,,41852.477,
New Zealand,1977,NZL,3140129,,42534.766,
New Zealand,1978,NZL,3142245,,42083.586,
New Zealand,1979,NZL,3141596,,42663.289,
New Zealand,1980,NZL,3146325,,42680.992,
New Zealand,1981,NZL,3159844,,42624.312,
New Zealand,1982,NZL,3185129,,43688.773,
New Zealand,1983,NZL,3219281,,44927.594,
New Zealand,1984,NZL,3249828,,47159.5,
New Zealand,1985,NZL,3268030,,47250.289,
New Zealand,1986,NZL,3281510,,50710.387,
New Zealand,1987,NZL,3299443,,50990.215,
New Zealand,1988,NZL,3316026,,52845.289,
New Zealand,1989,NZL,3333822,,53765.348,
New Zealand,1990,NZL,3396981,,54882.578,
New Zealand,1991,NZL,3480933,,54636.867,
New Zealand,1992,NZL,3532246,,53932.098,
New Zealand,1993,NZL,3573609,,54915.422,
New Zealand,1994,NZL,3621030,,57204.023,
New Zealand,1995,NZL,3674434,,58486.742,
New Zealand,1996,NZL,3729383,,58451.441,
New Zealand,1997,NZL,3776950,,57724.258,
New Zealand,1998,NZL,3811376,,57203.105,
New Zealand,1999,NZL,3835561,,57340.453,
New Zealand,2000,NZL,3857576,0.85,59508.152,9.45
New Zealand,2001,NZL,3891763,0.72,58452.426,12.16
New Zealand,2002,NZL,3951116,0.58,59550.859,10.15
New Zealand,2003,NZL,4022585,0.55,56697.605,9.71
New Zealand,2004,NZL,4083912,0.64,57464.543,6.86
New Zealand,2005,NZL,4135002,0.68,55322.531,9.26
New Zealand,2006,NZL,4181943,0.74,55061.594,9.61
New Zealand,2007,NZL,4223270,0.74,54329.863,11.81
New Zealand,2008,NZL,4261819,0.73,53992.191,10.56
New Zealand,2009,NZL,4304304,0.76,53324.062,8.86
New Zealand,2010,NZL,4347766,0.77,54081.445,9.84
New Zealand,2011,NZL,4382699,0.76,53868.23,8.35
New Zealand,2012,NZL,4411682,0.8,53913.836,8.81
New Zealand,2013,NZL,4453857,0.8,53789.949,8.63
New Zealand,2014,NZL,4522976,0.8,55422.555,7
New Zealand,2015,NZL,4614035,0.82,54663.062,6.8
New Zealand,2016,NZL,4714768,0.81,54230.543,5.71
New Zealand,2017,NZL,4812749,0.8,53988.824,6.98
New Zealand,2018,NZL,4900840,0.77,52734.938,5.66
New Zealand,2019,NZL,4989410,0.79,52824.816,5.42
New Zealand,2020,NZL,5069895,0.78,47200.766,5.94
New Zealand,2021,NZL,5107694,0.8,46175.445,4.65
New Zealand,2022,NZL,5131731,0.75,45347.203,4.31
New Zealand,2023,NZL,5172837,0.66,46344.711,3.36
New Zealand,2024,NZL,5213942,0.7,44711.75,4.27
Nicaragua,1980,NIC,3252404,,2653.502,
Nicaragua,1981,NIC,3345679,,2570.731,
Nicaragua,1982,NIC,3438747,,2510.791,
Nicaragua,1983,NIC,3530286,,2460.649,
Nicaragua,1984,NIC,3619109,,2268.531,
Nicaragua,1985,NIC,3706480,,2528.487,
Nicaragua,1986,NIC,3794161,,2413.073,
Nicaragua,1987,NIC,3882168,,2409.525,
Nicaragua,1988,NIC,3972317,,2401.302,
Nicaragua,1989,NIC,4066483,,2386.382,
Nicaragua,1990,NIC,4162566,,2206.941,
Nicaragua,1991,NIC,4259636,,2041.561,
Nicaragua,1992,NIC,4357031,,2336.557,
Nicaragua,1993,NIC,4453733,,2289.936,
Nicaragua,1994,NIC,4549317,,2357.605,
Nicaragua,1995,NIC,4642933,,2505.537,
Nicaragua,1996,NIC,4729979,,2611.584,
Nicaragua,1997,NIC,4809574,,2693.424,
Nicaragua,1998,NIC,4883659,,2971.69,
Nicaragua,1999,NIC,4954021,,3121.232,
Nicaragua,2000,NIC,5022636,0.15,3181.092,0
Nicaragua,2001,NIC,5087827,0.09,3275.757,0
Nicaragua,2002,NIC,5149914,0.13,3245.818,0
Nicaragua,2003,NIC,5210970,0.18,3403.215,0
Nicaragua,2004,NIC,5272909,0.22,3533.965,0
Nicaragua,2005,NIC,5342108,0.32,3518.621,0
Nicaragua,2006,NIC,5418857,0.32,3523.339,0
Nicaragua,2007,NIC,5497247,0.38,3652.414,0
Nicaragua,2008,NIC,5576597,0.34,3468.996,0
Nicaragua,2009,NIC,5656602,0.36,3474.477,0
Nicaragua,2010,NIC,5737451,0.38,3465.223,0
Nicaragua,2011,NIC,5819051,0.37,3623.915,0
Nicaragua,2012,NIC,5901290,0.45,3512.634,0
Nicaragua,2013,NIC,5983852,0.48,3574.803,0
Nicaragua,2014,NIC,6066493,0.49,3700.044,0
Nicaragua,2015,NIC,6149417,0.46,4094.406,0
Nicaragua,2016,NIC,6232664,0.53,4045.38,0
Nicaragua,2017,NIC,6316235,0.67,3990.252,0
Nicaragua,2018,NIC,6400074,0.7,2904.051,0
Nicaragua,2019,NIC,6483660,0.84,2988.323,0
Nicaragua,2020,NIC,6565267,0.73,2969.38,0
Nicaragua,2021,NIC,6644745,0.89,3228.125,0
Nicaragua,2022,NIC,6730662,0.89,3190.312,0
Nicaragua,2023,NIC,6823619,0.89,3124.248,0
Niger,1900,NER,1320431,,,
Niger,1901,NER,1334010,,,
Niger,1902,NER,1349586,,,
Niger,1903,NER,1367201,,,
Niger,1904,NER,1385041,,,
Niger,1905,NER,1403107,,,
Niger,1906,NER,1421403,,,
Niger,1907,NER,1439932,,,
Niger,1908,NER,1458697,,,
Niger,1909,NER,1476804,,,
Niger,1910,NER,1494234,,,
Niger,1911,NER,1510967,,,
Niger,1912,NER,1526982,,,
Niger,1913,NER,1542261,,,
Niger,1914,NER,1557686,,,
Niger,1915,NER,1573259,,,
Niger,1916,NER,1588981,,,
Niger,1917,NER,1604855,,,
Niger,1918,NER,1617694,,,
Niger,1919,NER,1632608,,,
Niger,1920,NER,1649641,,,
Niger,1921,NER,1668838,,,
Niger,1922,NER,1690245,,,
Niger,1923,NER,1713908,,,
Niger,1924,NER,1737903,,,
Niger,1925,NER,1762234,,,
Niger,1926,NER,1786905,,,
Niger,1927,NER,1811921,,,
Niger,1928,NER,1837288,,,
Niger,1929,NER,1862632,,,
Niger,1930,NER,1887949,,,
Niger,1931,NER,1913232,,,
Niger,1932,NER,1938477,,,
Niger,1933,NER,1963677,,,
Niger,1934,NER,1989205,,,
Niger,1935,NER,2015064,,,
Niger,1936,NER,2041260,,,
Niger,1937,NER,2067796,,,
Niger,1938,NER,2094678,,,
Niger,1939,NER,2123628,,,
Niger,1940,NER,2154703,,,
Niger,1941,NER,2187960,,,
Niger,1942,NER,2223458,,,
Niger,1943,NER,2261257,,,
Niger,1944,NER,2299699,,,
Niger,1945,NER,2338794,,,
Niger,1946,NER,2378553,,,
Niger,1947,NER,2418989,,,
Niger,1948,NER,2460111,,,
Niger,1949,NER,2510040,,,
Niger,1950,NER,2597818,,,
Niger,1951,NER,2684753,,,
Niger,1952,NER,2771894,,,
Niger,1953,NER,2859196,,,
Niger,1954,NER,2946889,,,
Niger,1955,NER,3035284,,,
Niger,1956,NER,3124754,,,
Niger,1957,NER,3215845,,,
Niger,1958,NER,3309227,,,
Niger,1959,NER,3405469,,,
Niger,1960,NER,3505056,,,
Niger,1961,NER,3608172,,,
Niger,1962,NER,3714521,,,
Niger,1963,NER,3823879,,,
Niger,1964,NER,3935821,,,
Niger,1965,NER,4049700,,,
Niger,1966,NER,4165551,,,
Niger,1967,NER,4283594,,,
Niger,1968,NER,4403640,,,
Niger,1969,NER,4525724,,,
Niger,1970,NER,4650272,,,
Niger,1971,NER,4776227,,,
Niger,1972,NER,4904847,,,
Niger,1973,NER,5037868,,,
Niger,1974,NER,5174956,,,
Niger,1975,NER,5317022,,,
Niger,1976,NER,5464963,,,
Niger,1977,NER,5619722,,,
Niger,1978,NER,5782939,,,
Niger,1979,NER,5955557,,,
Niger,1980,NER,6135968,,430.138,
Niger,1981,NER,6322011,,430.874,
Niger,1982,NER,6512733,,434.07,
Niger,1983,NER,6708646,,407.199,
Niger,1984,NER,6909974,,411.491,
Niger,1985,NER,7118457,,399.573,
Niger,1986,NER,7335814,,328.376,
Niger,1987,NER,7561154,,344.511,
Niger,1988,NER,7793752,,472.2,
Niger,1989,NER,8034782,,469.373,
Niger,1990,NER,8286066,,450.175,
Niger,1991,NER,8546900,,441.745,
Niger,1992,NER,8817633,,417.974,
Niger,1993,NER,9100789,,426.555,
Niger,1994,NER,9398266,,417.155,
Niger,1995,NER,9714537,,415.877,
Niger,1996,NER,10044848,,404.192,
Niger,1997,NER,10383977,,392.973,
Niger,1998,NER,10741416,,394.338,
Niger,1999,NER,11117414,,354.678,
Niger,2000,NER,11509634,0,288.233,0
Niger,2001,NER,11920648,0,272.511,0
Niger,2002,NER,12349150,0,279.741,0
Niger,2003,NER,12796979,0,296.841,0
Niger,2004,NER,13265843,0,314.178,0
Niger,2005,NER,13756192,0,285.699,0
Niger,2006,NER,14268583,0,274.103,0
Niger,2007,NER,14803604,0,287.419,0
Niger,2008,NER,15361921,0,307.89,0
Niger,2009,NER,15943673,0,349.234,0
Niger,2010,NER,16548833,0,416.404,0
Niger,2011,NER,17176286,0,402.54,0
Niger,2012,NER,17836770,0,514.329,0
Niger,2013,NER,18519899,0,557.46,0
Niger,2014,NER,19215917,0,509.83,0
Niger,2015,NER,19939496,0,518.866,0
Niger,2016,NER,20685758,0,466.943,0
Niger,2017,NER,21435449,0,438.044,0
Niger,2018,NER,22188074,0,381.827,0.04
Niger,2019,NER,22947765,0,475.52,0.05
Niger,2020,NER,23717615,0,464.736,0.05
Niger,2021,NER,24502145,0,445.613,0.05
Niger,2022,NER,25311978,0,532.965,0.05
Niger,2023,NER,26159863,0,519.358,0.05
Nigeria,1900,NGA,18664170,,,
Nigeria,1901,NGA,18832279,,,
Nigeria,1902,NGA,19015081,,,
Nigeria,1903,NGA,19212834,,,
Nigeria,1904,NGA,19412612,,,
Nigeria,1905,NGA,19614436,,,
Nigeria,1906,NGA,19818325,,,
Nigeria,1907,NGA,20024302,,,
Nigeria,1908,NGA,20232386,,,
Nigeria,1909,NGA,20442936,,,
Nigeria,1910,NGA,20655981,,,
Nigeria,1911,NGA,20871550,,,
Nigeria,1912,NGA,21089672,,,
Nigeria,1913,NGA,21310378,,,
Nigeria,1914,NGA,21533359,,,
Nigeria,1915,NGA,21758639,,,
Nigeria,1916,NGA,21986241,,,
Nigeria,1917,NGA,22216188,,,
Nigeria,1918,NGA,22420351,,,
Nigeria,1919,NGA,22657217,,,
Nigeria,1920,NGA,22927580,,,
Nigeria,1921,NGA,23232246,,,
Nigeria,1922,NGA,23572038,,,
Nigeria,1923,NGA,23947794,,,
Nigeria,1924,NGA,24329539,,,
Nigeria,1925,NGA,24717370,,,
Nigeria,1926,NGA,25111383,,,
Nigeria,1927,NGA,25511677,,,
Nigeria,1928,NGA,25918352,,,
Nigeria,1929,NGA,26326182,,,
Nigeria,1930,NGA,26735105,,,
Nigeria,1931,NGA,27145057,,,
Nigeria,1932,NGA,27555974,,,
Nigeria,1933,NGA,27967788,,,
Nigeria,1934,NGA,28385755,,,
Nigeria,1935,NGA,28809970,,,
Nigeria,1936,NGA,29240524,,,
Nigeria,1937,NGA,29677512,,,
Nigeria,1938,NGA,30121031,,,
Nigeria,1939,NGA,30590134,,,
Nigeria,1940,NGA,31085546,,,
Nigeria,1941,NGA,31608007,,,
Nigeria,1942,NGA,32158274,,,
Nigeria,1943,NGA,32737123,,,
Nigeria,1944,NGA,33326391,,,
Nigeria,1945,NGA,33926266,,,
Nigeria,1946,NGA,34536939,,,
Nigeria,1947,NGA,35158604,,,
Nigeria,1948,NGA,35791459,,,
Nigeria,1949,NGA,36467880,,,
Nigeria,1950,NGA,37283019,,,
Nigeria,1951,NGA,37994083,,,
Nigeria,1952,NGA,38716210,,,
Nigeria,1953,NGA,39439813,,,
Nigeria,1954,NGA,40176326,,,
Nigeria,1955,NGA,40935638,,,
Nigeria,1956,NGA,41716059,,,
Nigeria,1957,NGA,42517478,,,
Nigeria,1958,NGA,43324654,,,
Nigeria,1959,NGA,44161685,,,
Nigeria,1960,NGA,45053787,,,
Nigeria,1961,NGA,45989313,,,
Nigeria,1962,NGA,46965299,,,
Nigeria,1963,NGA,47973576,,,
Nigeria,1964,NGA,49012023,,,
Nigeria,1965,NGA,50086762,,,
Nigeria,1966,NGA,51188240,,,
Nigeria,1967,NGA,52293065,,,
Nigeria,1968,NGA,53432785,,,
Nigeria,1969,NGA,54631917,,,
Nigeria,1970,NGA,55893836,,,
Nigeria,1971,NGA,57214688,,,
Nigeria,1972,NGA,58601749,,,
Nigeria,1973,NGA,60082138,,,
Nigeria,1974,NGA,61679153,,,
Nigeria,1975,NGA,63410821,,,
Nigeria,1976,NGA,65258000,,,
Nigeria,1977,NGA,67234590,,,
Nigeria,1978,NGA,69326531,,,
Nigeria,1979,NGA,71498241,,,
Nigeria,1980,NGA,73764641,,1585.559,
Nigeria,1981,NGA,76068116,,1919.433,
Nigeria,1982,NGA,78378699,,1874.198,
Nigeria,1983,NGA,80438257,,1840.073,
Nigeria,1984,NGA,82526444,,1923.262,
Nigeria,1985,NGA,84897973,,1994.241,
Nigeria,1986,NGA,87235959,,1881.551,
Nigeria,1987,NGA,89591718,,1947.922,
Nigeria,1988,NGA,92020088,,2024.111,
Nigeria,1989,NGA,94531022,,2136.253,
Nigeria,1990,NGA,97120926,,2012.134,
Nigeria,1991,NGA,99720161,,2131.258,
Nigeria,1992,NGA,102372779,,2130.576,
Nigeria,1993,NGA,105122075,,2117.968,
Nigeria,1994,NGA,107935717,,1916.443,
Nigeria,1995,NGA,110819430,,2088.36,
Nigeria,1996,NGA,113754783,,2086.673,
Nigeria,1997,NGA,116754790,,2034.072,
Nigeria,1998,NGA,119846261,,1893.687,
Nigeria,1999,NGA,123047324,,1845.027,
Nigeria,2000,NGA,126382490,0.01,1704.075,9.1
Nigeria,2001,NGA,129862594,0.01,1880.878,9.55
Nigeria,2002,NGA,133471995,0.01,1880.187,13.31
Nigeria,2003,NGA,137202646,0.01,1946.971,12.74
Nigeria,2004,NGA,141057045,0.01,1961.007,16.17
Nigeria,2005,NGA,145017256,0.01,2102.179,15.77
Nigeria,2006,NGA,149077335,0.01,1838.13,16.85
Nigeria,2007,NGA,153267254,0.01,1643.461,16.75
Nigeria,2008,NGA,157595014,0.01,1969.013,15.39
Nigeria,2009,NGA,162049466,0.01,1211.625,15.25
Nigeria,2010,NGA,166642888,0.01,1445.278,19.75
Nigeria,2011,NGA,171379602,0.01,2022.947,21.15
Nigeria,2012,NGA,176200627,0.01,1987.339,23.05
Nigeria,2013,NGA,181049440,0.02,2503.916,23.56
Nigeria,2014,NGA,185896917,0.02,2658.422,26.89
Nigeria,2015,NGA,190671883,0.02,2458.865,26.7
Nigeria,2016,NGA,195443698,0.03,2431.617,28.33
Nigeria,2017,NGA,200254580,0.02,2297.201,24.44
Nigeria,2018,NGA,204938752,0.03,2398.611,28.94
Nigeria,2019,NGA,209485637,0.03,2457.388,27.95
Nigeria,2020,NGA,213996185,0.04,2221.549,30.19
Nigeria,2021,NGA,218529286,0.06,2345.254,31.1
Nigeria,2022,NGA,223150906,0.06,2319.896,28.61
Nigeria,2023,NGA,227882949,0.06,2342.639,32.78
Nigeria,2024,NGA,232679482,0.06,,30.89
Niue,1980,NIU,3550,,3520.073,
Niue,1981,NIU,3413,,3651.367,
Niue,1982,NIU,3281,,3798.267,
Niue,1983,NIU,3129,,3982.779,
Niue,1984,NIU,2974,,4201.835,
Niue,1985,NIU,2803,,4543.804,
Niue,1986,NIU,2658,,4789.334,
Niue,1987,NIU,2584,,4926.49,
Niue,1988,NIU,2559,,4976.04,
Niue,1989,NIU,2537,,5017.757,
Niue,1990,NIU,2506,,5079.829,
Niue,1991,NIU,2476,,5141.377,
Niue,1992,NIU,2443,,5212.315,
Niue,1993,NIU,2403,,5297.565,
Niue,1994,NIU,2362,,5389.521,
Niue,1995,NIU,2326,,5472.937,
Niue,1996,NIU,2290,,5560.562,
Niue,1997,NIU,2242,,5677.988,
Niue,1998,NIU,2187,,5820.782,
Niue,1999,NIU,2138,,5956.622,
Niue,2000,NIU,2068,0,13725.301,0
Niue,2001,NIU,2007,0,14493.465,0
Niue,2002,NIU,1965,0,14281.594,0
Niue,2003,NIU,1928,0,13664.849,0
Niue,2004,NIU,1891,0,13904.587,0
Niue,2005,NIU,1849,0,14701.655,0
Niue,2006,NIU,1818,0,14805.982,0
Niue,2007,NIU,1810,0,13725.276,0
Niue,2008,NIU,1805,0,21767.549,0
Niue,2009,NIU,1801,0,14357.932,0
Niue,2010,NIU,1786,0,13489.117,0
Niue,2011,NIU,1776,0,15083.333,0
Niue,2012,NIU,1784,0,14796.282,0
Niue,2013,NIU,1786,0,15888.222,0
Niue,2014,NIU,1792,0,16357.539,0
Niue,2015,NIU,1803,0,17585.445,0
Niue,2016,NIU,1806,0,16896.666,0
Niue,2017,NIU,1803,0,16501.904,0
Niue,2018,NIU,1805,0,17009.488,0
Niue,2019,NIU,1814,0,18138.418,0
Niue,2020,NIU,1822,0,17978.35,0
Niue,2021,NIU,1836,0,18198.82,0
Niue,2022,NIU,1844,0,18580.77,0
Niue,2023,NIU,1841,,19803.477,
Non-OECD (EI),1965,,,,,
Non-OECD (EI),1966,,,,,
Non-OECD (EI),1967,,,,,
Non-OECD (EI),1968,,,,,
Non-OECD (EI),1969,,,,,
Non-OECD (EI),1970,,,,,
Non-OECD (EI),1971,,,,,
Non-OECD (EI),1972,,,,,
Non-OECD (EI),1973,,,,,
Non-OECD (EI),1974,,,,,
Non-OECD (EI),1975,,,,,
Non-OECD (EI),1976,,,,,
Non-OECD (EI),1977,,,,,
Non-OECD (EI),1978,,,,,
Non-OECD (EI),1979,,,,,
Non-OECD (EI),1980,,,,,
Non-OECD (EI),1981,,,,,
Non-OECD (EI),1982,,,,,
Non-OECD (EI),1983,,,,,
Non-OECD (EI),1984,,,,,
Non-OECD (EI),1985,,,,,809.02
Non-OECD (EI),1986,,,,,854.694
Non-OECD (EI),1987,,,,,885.163
Non-OECD (EI),1988,,,,,920.731
Non-OECD (EI),1989,,,,,964.469
Non-OECD (EI),1990,,,,,982.622
Non-OECD (EI),1991,,,,,974.134
Non-OECD (EI),1992,,,,,956.868
Non-OECD (EI),1993,,,,,952.188
Non-OECD (EI),1994,,,,,912.986
Non-OECD (EI),1995,,,,,936.246
Non-OECD (EI),1996,,,,,985.041
Non-OECD (EI),1997,,,,,1040.467
Non-OECD (EI),1998,,,,,1076.275
Non-OECD (EI),1999,,,,,1142.602
Non-OECD (EI),2000,,,,,1205.855
Non-OECD (EI),2001,,,,,1289.958
Non-OECD (EI),2002,,,,,1375.413
Non-OECD (EI),2003,,,,,1481.331
Non-OECD (EI),2004,,,,,1605.18
Non-OECD (EI),2005,,,,,1691.967
Non-OECD (EI),2006,,,,,1757.779
Non-OECD (EI),2007,,,,,1882.527
Non-OECD (EI),2008,,,,,1955.738
Non-OECD (EI),2009,,,,,1984.922
Non-OECD (EI),2010,,,,,2238.764
Non-OECD (EI),2011,,,,,2245.952
Non-OECD (EI),2012,,,,,2393.835
Non-OECD (EI),2013,,,,,2422.992
Non-OECD (EI),2014,,,,,2577.42
Non-OECD (EI),2015,,,,,2706.581
Non-OECD (EI),2016,,,,,2806.892
Non-OECD (EI),2017,,,,,2926.588
Non-OECD (EI),2018,,,,,3021.11
Non-OECD (EI),2019,,,,,3071.361
Non-OECD (EI),2020,,,,,3014.421
Non-OECD (EI),2021,,,,,3216.201
Non-OECD (EI),2022,,,,,3204.346
Non-OECD (EI),2023,,,,,3305.309
Non-OECD (EI),2024,,,,,3468.981
Non-OECD (EIA),1980,,,,,
Non-OECD (EIA),1981,,,,,
Non-OECD (EIA),1982,,,,,
Non-OECD (EIA),1983,,,,,
Non-OECD (EIA),1984,,,,,
Non-OECD (EIA),1985,,,,,
Non-OECD (EIA),1986,,,,,
Non-OECD (EIA),1987,,,,,
Non-OECD (EIA),1988,,,,,
Non-OECD (EIA),1989,,,,,
Non-OECD (EIA),1990,,,,,
Non-OECD (EIA),1991,,,,,
Non-OECD (EIA),1992,,,,,
Non-OECD (EIA),1993,,,,,
Non-OECD (EIA),1994,,,,,
Non-OECD (EIA),1995,,,,,
Non-OECD (EIA),1996,,,,,
Non-OECD (EIA),1997,,,,,
Non-OECD (EIA),1998,,,,,
Non-OECD (EIA),1999,,,,,
Non-OECD (EIA),2000,,,,,
Non-OECD (EIA),2001,,,,,
Non-OECD (EIA),2002,,,,,
Non-OECD (EIA),2003,,,,,
Non-OECD (EIA),2004,,,,,
Non-OECD (EIA),2005,,,,,
Non-OECD (EIA),2006,,,,,
Non-OECD (EIA),2007,,,,,
Non-OECD (EIA),2008,,,,,
Non-OECD (EIA),2009,,,,,
Non-OECD (EIA),2010,,,,,
Non-OECD (EIA),2011,,,,,
Non-OECD (EIA),2012,,,,,
Non-OECD (EIA),2013,,,,,
Non-OECD (EIA),2014,,,,,
Non-OECD (EIA),2015,,,,,
Non-OECD (EIA),2016,,,,,
Non-OECD (EIA),2017,,,,,
Non-OECD (EIA),2018,,,,,
Non-OECD (EIA),2019,,,,,
Non-OECD (EIA),2020,,,,,
Non-OECD (EIA),2021,,,,,
Non-OECD (EIA),2022,,,,,
Non-OECD (EIA),2023,,,,,
Non-OPEC (EI),1965,,,,,
Non-OPEC (EI),1966,,,,,
Non-OPEC (EI),1967,,,,,
Non-OPEC (EI),1968,,,,,
Non-OPEC (EI),1969,,,,,
Non-OPEC (EI),1970,,,,,
Non-OPEC (EI),1971,,,,,
Non-OPEC (EI),1972,,,,,
Non-OPEC (EI),1973,,,,,
Non-OPEC (EI),1974,,,,,
Non-OPEC (EI),1975,,,,,
Non-OPEC (EI),1976,,,,,
Non-OPEC (EI),1977,,,,,
Non-OPEC (EI),1978,,,,,
Non-OPEC (EI),1979,,,,,
Non-OPEC (EI),1980,,,,,
Non-OPEC (EI),1981,,,,,
Non-OPEC (EI),1982,,,,,
Non-OPEC (EI),1983,,,,,
Non-OPEC (EI),1984,,,,,
Non-OPEC (EI),1985,,,,,
Non-OPEC (EI),1986,,,,,
Non-OPEC (EI),1987,,,,,
Non-OPEC (EI),1988,,,,,
Non-OPEC (EI),1989,,,,,
Non-OPEC (EI),1990,,,,,
Non-OPEC (EI),1991,,,,,
Non-OPEC (EI),1992,,,,,
Non-OPEC (EI),1993,,,,,
Non-OPEC (EI),1994,,,,,
Non-OPEC (EI),1995,,,,,
Non-OPEC (EI),1996,,,,,
Non-OPEC (EI),1997,,,,,
Non-OPEC (EI),1998,,,,,
Non-OPEC (EI),1999,,,,,
Non-OPEC (EI),2000,,,,,
Non-OPEC (EI),2001,,,,,
Non-OPEC (EI),2002,,,,,
Non-OPEC (EI),2003,,,,,
Non-OPEC (EI),2004,,,,,
Non-OPEC (EI),2005,,,,,
Non-OPEC (EI),2006,,,,,
Non-OPEC (EI),2007,,,,,
Non-OPEC (EI),2008,,,,,
Non-OPEC (EI),2009,,,,,
Non-OPEC (EI),2010,,,,,
Non-OPEC (EI),2011,,,,,
Non-OPEC (EI),2012,,,,,
Non-OPEC (EI),2013,,,,,
Non-OPEC (EI),2014,,,,,
Non-OPEC (EI),2015,,,,,
Non-OPEC (EI),2016,,,,,
Non-OPEC (EI),2017,,,,,
Non-OPEC (EI),2018,,,,,
Non-OPEC (EI),2019,,,,,
Non-OPEC (EI),2020,,,,,
Non-OPEC (EI),2021,,,,,
Non-OPEC (EI),2022,,,,,
Non-OPEC (EI),2023,,,,,
Non-OPEC (EI),2024,,,,,
Non-OPEC (EIA),1980,,,,,
Non-OPEC (EIA),1981,,,,,
Non-OPEC (EIA),1982,,,,,
Non-OPEC (EIA),1983,,,,,
Non-OPEC (EIA),1984,,,,,
Non-OPEC (EIA),1985,,,,,
Non-OPEC (EIA),1986,,,,,
Non-OPEC (EIA),1987,,,,,
Non-OPEC (EIA),1988,,,,,
Non-OPEC (EIA),1989,,,,,
Non-OPEC (EIA),1990,,,,,
Non-OPEC (EIA),1991,,,,,
Non-OPEC (EIA),1992,,,,,
Non-OPEC (EIA),1993,,,,,
Non-OPEC (EIA),1994,,,,,
Non-OPEC (EIA),1995,,,,,
Non-OPEC (EIA),1996,,,,,
Non-OPEC (EIA),1997,,,,,
Non-OPEC (EIA),1998,,,,,
Non-OPEC (EIA),1999,,,,,
Non-OPEC (EIA),2000,,,,,
Non-OPEC (EIA),2001,,,,,
Non-OPEC (EIA),2002,,,,,
Non-OPEC (EIA),2003,,,,,
Non-OPEC (EIA),2004,,,,,
Non-OPEC (EIA),2005,,,,,
Non-OPEC (EIA),2006,,,,,
Non-OPEC (EIA),2007,,,,,
Non-OPEC (EIA),2008,,,,,
Non-OPEC (EIA),2009,,,,,
Non-OPEC (EIA),2010,,,,,
Non-OPEC (EIA),2011,,,,,
Non-OPEC (EIA),2012,,,,,
Non-OPEC (EIA),2013,,,,,
Non-OPEC (EIA),2014,,,,,
Non-OPEC (EIA),2015,,,,,
Non-OPEC (EIA),2016,,,,,
Non-OPEC (EIA),2017,,,,,
Non-OPEC (EIA),2018,,,,,
Non-OPEC (EIA),2019,,,,,
Non-OPEC (EIA),2020,,,,,
Non-OPEC (EIA),2021,,,,,
Non-OPEC (EIA),2022,,,,,
Non-OPEC (EIA),2023,,,,,
North America,1900,,104337584,,,
North America,1901,,106181070,,,
North America,1902,,108089905,,,
North America,1903,,110066137,,,
North America,1904,,112080524,,,
North America,1905,,114133852,,,
North America,1906,,116226903,,,
North America,1907,,118360491,,,
North America,1908,,120535439,,,
North America,1909,,122613680,,,
North America,1910,,124592192,,,
North America,1911,,126466166,,,
North America,1912,,128233899,,,
North America,1913,,129892337,,,
North America,1914,,131576755,,,
North America,1915,,133287590,,,
North America,1916,,135025298,,,
North America,1917,,136790334,,,
North America,1918,,138627827,,,
North America,1919,,140539522,,,
North America,1920,,142526443,,,
North America,1921,,144590318,,,
North America,1922,,146732394,,,
North America,1923,,148952849,,,
North America,1924,,151207885,,,
North America,1925,,153498078,,,
North America,1926,,155824012,,,
North America,1927,,158186296,,,
North America,1928,,160585523,,,
North America,1929,,162832831,,,
North America,1930,,164924575,,,
North America,1931,,166858221,,,
North America,1932,,168628343,,,
North America,1933,,170231505,,,
North America,1934,,171853242,,,
North America,1935,,173493832,,,
North America,1936,,175153555,,,
North America,1937,,176832698,,,
North America,1938,,178531557,,,
North America,1939,,180525436,,,
North America,1940,,182823179,,,
North America,1941,,185449049,,,
North America,1942,,188396632,,,
North America,1943,,191675323,,,
North America,1944,,195019763,,,
North America,1945,,198431553,,,
North America,1946,,201912308,,,
North America,1947,,205463865,,,
North America,1948,,209087777,,,
North America,1949,,212901535,,,
North America,1950,,222818942,,,
North America,1951,,226777853,,,
North America,1952,,230880347,,,
North America,1953,,235114817,,,
North America,1954,,239512127,,,
North America,1955,,244056556,,,
North America,1956,,248743632,,,
North America,1957,,253588808,,,
North America,1958,,258514843,,,
North America,1959,,263669394,,,
North America,1960,,269079991,,,
North America,1961,,274663001,,,
North America,1962,,280344711,,,
North America,1963,,285962471,,,
North America,1964,,291551215,,,
North America,1965,,297056448,,55271.969,
North America,1966,,302406133,,57357.262,
North America,1967,,307620058,,58395.449,
North America,1968,,312721535,,60885.211,
North America,1969,,317807457,,63080.273,
North America,1970,,323225990,,64540.895,
North America,1971,,328861435,,64880.234,
North America,1972,,334187766,,67309.203,
North America,1973,,339231488,,69490.977,
North America,1974,,344226868,,67393.039,
North America,1975,,349224556,,64901.152,
North America,1976,,354178873,,67440.375,
North America,1977,,359152730,,68500.805,
North America,1978,,364168545,,69234.719,
North America,1979,,369229445,,69339.461,
North America,1980,,374396450,,66495.828,
North America,1981,,379564365,,64213.117,
North America,1982,,384744475,,61019.586,
North America,1983,,389995274,,59936.559,
North America,1984,,395240041,,62229.312,
North America,1985,,400471527,,61603.754,327.941
North America,1986,,405669376,,61298.305,281.751
North America,1987,,410877360,,62539.605,308.259
North America,1988,,416201801,,64373.211,289.564
North America,1989,,421643657,,65076.164,403.765
North America,1990,,427527970,,64318.133,423.685
North America,1991,,433792318,,63434.531,437.826
North America,1992,,440060892,,63524.199,466.387
North America,1993,,446185596,,63949.719,480.524
North America,1994,,452083583,,64567.762,531.676
North America,1995,,457858573,,65051.77,575.769
North America,1996,,463530247,,66368.766,529.097
North America,1997,,469106576,,66162.492,561.43
North America,1998,,474677559,,65820.156,627.69
North America,1999,,480238641,,66289.289,659.055
North America,2000,,485805117,78.5,67310.484,699.64
North America,2001,,491432309,67.98,65169.586,742.98
North America,2002,,497028245,72.11,65576.117,809.3
North America,2003,,502587589,71.92,65163.668,781.32
North America,2004,,508166874,73.09,65824.484,854.87
North America,2005,,513798980,73.91,65575.805,897.52
North America,2006,,519545243,73.63,64357.59,987.41
North America,2007,,525495121,75.54,64824.824,1084.32
North America,2008,,531570001,73.41,62860.973,1070.3
North America,2009,,537617447,74,59327.98,1121.07
North America,2010,,543593308,78.15,60375.188,1205.29
North America,2011,,549552428,78.17,59747.434,1247.4
North America,2012,,555486393,80.19,57913.184,1463.91
North America,2013,,561345659,84.64,58690.059,1373.59
North America,2014,,567078666,86.67,58578.762,1388.78
North America,2015,,572637322,87.78,57626.297,1610.18
North America,2016,,578186332,88.76,57083.281,1660.11
North America,2017,,583669319,87.95,56921.195,1579.31
North America,2018,,589049569,86.1,58035.02,1779.55
North America,2019,,594346844,82.43,57144.684,1896.04
North America,2020,,598250669,79.15,52620.461,1935.99
North America,2021,,600876349,79.33,54949.281,1886.47
North America,2022,,604356255,75.85,55912.281,2006.85
North America,2023,,608770547,70.95,54906.469,2155.16
North America,2024,,613150315,,55095.891,
North America (EI),1965,,,,,
North America (EI),1966,,,,,
North America (EI),1967,,,,,
North America (EI),1968,,,,,
North America (EI),1969,,,,,
North America (EI),1970,,,,,
North America (EI),1971,,,,,
North America (EI),1972,,,,,
North America (EI),1973,,,,,
North America (EI),1974,,,,,
North America (EI),1975,,,,,
North America (EI),1976,,,,,
North America (EI),1977,,,,,
North America (EI),1978,,,,,
North America (EI),1979,,,,,
North America (EI),1980,,,,,
North America (EI),1981,,,,,
North America (EI),1982,,,,,
North America (EI),1983,,,,,
North America (EI),1984,,,,,
North America (EI),1985,,,,,327.941
North America (EI),1986,,,,,281.751
North America (EI),1987,,,,,308.259
North America (EI),1988,,,,,289.564
North America (EI),1989,,,,,403.765
North America (EI),1990,,,,,423.685
North America (EI),1991,,,,,437.826
North America (EI),1992,,,,,466.387
North America (EI),1993,,,,,480.524
North America (EI),1994,,,,,531.676
North America (EI),1995,,,,,575.769
North America (EI),1996,,,,,529.097
North America (EI),1997,,,,,561.43
North America (EI),1998,,,,,627.69
North America (EI),1999,,,,,659.055
North America (EI),2000,,,,,722.012
North America (EI),2001,,,,,779.924
North America (EI),2002,,,,,850.992
North America (EI),2003,,,,,817.732
North America (EI),2004,,,,,895.872
North America (EI),2005,,,,,941.146
North America (EI),2006,,,,,1033.713
North America (EI),2007,,,,,1135.11
North America (EI),2008,,,,,1119.348
North America (EI),2009,,,,,1172.51
North America (EI),2010,,,,,1260.414
North America (EI),2011,,,,,1304.254
North America (EI),2012,,,,,1534.315
North America (EI),2013,,,,,1433.909
North America (EI),2014,,,,,1447.263
North America (EI),2015,,,,,1685.679
North America (EI),2016,,,,,1738.943
North America (EI),2017,,,,,1651.913
North America (EI),2018,,,,,1865.88
North America (EI),2019,,,,,1986.177
North America (EI),2020,,,,,2033.633
North America (EI),2021,,,,,1976.765
North America (EI),2022,,,,,2107.1
North America (EI),2023,,,,,2263.502
North America (EI),2024,,,,,2335.885
North America (Ember),2000,,,69.65,,650.82
North America (Ember),2001,,,59.42,,681.42
North America (Ember),2002,,,63.76,,729.84
North America (Ember),2003,,,62.76,,688.64
North America (Ember),2004,,,63.34,,750.54
North America (Ember),2005,,,63.44,,797.84
North America (Ember),2006,,,63.8,,856.86
North America (Ember),2007,,,64.53,,939.6
North America (Ember),2008,,,63.01,,922.61
North America (Ember),2009,,,63.43,,966.25
North America (Ember),2010,,,66.39,,1040.48
North America (Ember),2011,,,66.88,,1076.22
North America (Ember),2012,,,68.53,,1289.13
North America (Ember),2013,,,71.9,,1185.13
North America (Ember),2014,,,73.79,,1191.66
North America (Ember),2015,,,73.62,,1401.46
North America (Ember),2016,,,74.12,,1444.13
North America (Ember),2017,,,73.88,,1357.9
North America (Ember),2018,,,72.37,,1539.87
North America (Ember),2019,,,67.82,,1658.75
North America (Ember),2020,,,65.11,,1699.76
North America (Ember),2021,,,64.8,,1662.79
North America (Ember),2022,,,61.37,,1777.5
North America (Ember),2023,,,57,,1908.94
North America (Ember),2024,,,56.25,,1979.5
North America (Shift),1900,,,,,
North America (Shift),1901,,,,,
North America (Shift),1902,,,,,
North America (Shift),1903,,,,,
North America (Shift),1904,,,,,
North America (Shift),1905,,,,,
North America (Shift),1906,,,,,
North America (Shift),1907,,,,,
North America (Shift),1908,,,,,
North America (Shift),1909,,,,,
North America (Shift),1910,,,,,
North America (Shift),1911,,,,,
North America (Shift),1912,,,,,
North America (Shift),1913,,,,,
North America (Shift),1914,,,,,
North America (Shift),1915,,,,,
North America (Shift),1916,,,,,
North America (Shift),1917,,,,,
North America (Shift),1918,,,,,
North America (Shift),1919,,,,,
North America (Shift),1920,,,,,
North America (Shift),1921,,,,,
North America (Shift),1922,,,,,
North America (Shift),1923,,,,,
North America (Shift),1924,,,,,
North America (Shift),1925,,,,,
North America (Shift),1926,,,,,
North America (Shift),1927,,,,,
North America (Shift),1928,,,,,
North America (Shift),1929,,,,,
North America (Shift),1930,,,,,
North America (Shift),1931,,,,,
North America (Shift),1932,,,,,
North America (Shift),1933,,,,,
North America (Shift),1934,,,,,
North America (Shift),1935,,,,,
North America (Shift),1936,,,,,
North America (Shift),1937,,,,,
North America (Shift),1938,,,,,
North America (Shift),1939,,,,,
North America (Shift),1940,,,,,
North America (Shift),1941,,,,,
North America (Shift),1942,,,,,
North America (Shift),1943,,,,,
North America (Shift),1944,,,,,
North America (Shift),1945,,,,,
North America (Shift),1946,,,,,
North America (Shift),1947,,,,,
North America (Shift),1948,,,,,
North America (Shift),1949,,,,,
North America (Shift),1950,,,,,
North America (Shift),1951,,,,,
North America (Shift),1952,,,,,
North America (Shift),1953,,,,,
North America (Shift),1954,,,,,
North America (Shift),1955,,,,,
North America (Shift),1956,,,,,
North America (Shift),1957,,,,,
North America (Shift),1958,,,,,
North America (Shift),1959,,,,,
North America (Shift),1960,,,,,
North America (Shift),1961,,,,,
North America (Shift),1962,,,,,
North America (Shift),1963,,,,,
North America (Shift),1964,,,,,
North America (Shift),1965,,,,,
North America (Shift),1966,,,,,
North America (Shift),1967,,,,,
North America (Shift),1968,,,,,
North America (Shift),1969,,,,,
North America (Shift),1970,,,,,
North America (Shift),1971,,,,,
North America (Shift),1972,,,,,
North America (Shift),1973,,,,,
North America (Shift),1974,,,,,
North America (Shift),1975,,,,,
North America (Shift),1976,,,,,
North America (Shift),1977,,,,,
North America (Shift),1978,,,,,
North America (Shift),1979,,,,,
North America (Shift),1980,,,,,
North America (Shift),1981,,,,,
North America (Shift),1982,,,,,
North America (Shift),1983,,,,,
North America (Shift),1984,,,,,
North America (Shift),1985,,,,,
North America (Shift),1986,,,,,
North America (Shift),1987,,,,,
North America (Shift),1988,,,,,
North America (Shift),1989,,,,,
North America (Shift),1990,,,,,
North America (Shift),1991,,,,,
North America (Shift),1992,,,,,
North America (Shift),1993,,,,,
North America (Shift),1994,,,,,
North America (Shift),1995,,,,,
North America (Shift),1996,,,,,
North America (Shift),1997,,,,,
North America (Shift),1998,,,,,
North America (Shift),1999,,,,,
North America (Shift),2000,,,,,
North America (Shift),2001,,,,,
North America (Shift),2002,,,,,
North America (Shift),2003,,,,,
North America (Shift),2004,,,,,
North America (Shift),2005,,,,,
North America (Shift),2006,,,,,
North America (Shift),2007,,,,,
North America (Shift),2008,,,,,
North America (Shift),2009,,,,,
North America (Shift),2010,,,,,
North America (Shift),2011,,,,,
North America (Shift),2012,,,,,
North America (Shift),2013,,,,,
North America (Shift),2014,,,,,
North America (Shift),2015,,,,,
North America (Shift),2016,,,,,
North Korea,1900,PRK,5432032,,,
North Korea,1901,PRK,5455910,,,
North Korea,1902,PRK,5479862,,,
North Korea,1903,PRK,5503890,,,
North Korea,1904,PRK,5527994,,,
North Korea,1905,PRK,5552173,,,
North Korea,1906,PRK,5576429,,,
North Korea,1907,PRK,5600760,,,
North Korea,1908,PRK,5625168,,,
North Korea,1909,PRK,5666153,,,
North Korea,1910,PRK,5724136,,,
North Korea,1911,PRK,5799549,,,
North Korea,1912,PRK,5892831,,,
North Korea,1913,PRK,6004427,,,
North Korea,1914,PRK,6118105,,,
North Korea,1915,PRK,6233903,,,
North Korea,1916,PRK,6351861,,,
North Korea,1917,PRK,6472018,,,
North Korea,1918,PRK,6579631,,,
North Korea,1919,PRK,6689033,,,
North Korea,1920,PRK,6800254,,,
North Korea,1921,PRK,6913324,,,
North Korea,1922,PRK,7028275,,,
North Korea,1923,PRK,7145137,,,
North Korea,1924,PRK,7263942,,,
North Korea,1925,PRK,7384722,,,
North Korea,1926,PRK,7507510,,,
North Korea,1927,PRK,7632341,,,
North Korea,1928,PRK,7759247,,,
North Korea,1929,PRK,7888263,,,
North Korea,1930,PRK,8019424,,,
North Korea,1931,PRK,8152766,,,
North Korea,1932,PRK,8288325,,,
North Korea,1933,PRK,8426138,,,
North Korea,1934,PRK,8566243,,,
North Korea,1935,PRK,8708677,,,
North Korea,1936,PRK,8853479,,,
North Korea,1937,PRK,9000690,,,
North Korea,1938,PRK,9150348,,,
North Korea,1939,PRK,9302494,,,
North Korea,1940,PRK,9457170,,,
North Korea,1941,PRK,9614418,,,
North Korea,1942,PRK,9774281,,,
North Korea,1943,PRK,9936801,,,
North Korea,1944,PRK,10102024,,,
North Korea,1945,PRK,10269995,,,
North Korea,1946,PRK,10440758,,,
North Korea,1947,PRK,10614360,,,
North Korea,1948,PRK,10790849,,,
North Korea,1949,PRK,10953980,,,
North Korea,1950,PRK,11116734,,,
North Korea,1951,PRK,10583576,,,
North Korea,1952,PRK,10253639,,,
North Korea,1953,PRK,10177418,,,
North Korea,1954,PRK,10242806,,,
North Korea,1955,PRK,10403326,,,
North Korea,1956,PRK,10600386,,,
North Korea,1957,PRK,10854683,,,
North Korea,1958,PRK,11163751,,,
North Korea,1959,PRK,11452992,,,
North Korea,1960,PRK,11722950,,,
North Korea,1961,PRK,11990714,,,
North Korea,1962,PRK,12262886,,,
North Korea,1963,PRK,12567059,,,
North Korea,1964,PRK,12889774,,,
North Korea,1965,PRK,13219375,,,
North Korea,1966,PRK,13569099,,,
North Korea,1967,PRK,13958350,,,
North Korea,1968,PRK,14365601,,,
North Korea,1969,PRK,14767625,,,
North Korea,1970,PRK,15172777,,,
North Korea,1971,PRK,15572460,,,
North Korea,1972,PRK,15975065,,,
North Korea,1973,PRK,16350372,,,
North Korea,1974,PRK,16673124,,,
North Korea,1975,PRK,16971055,,,
North Korea,1976,PRK,17243455,,,
North Korea,1977,PRK,17492797,,,
North Korea,1978,PRK,17736000,,,
North Korea,1979,PRK,17983465,,,
North Korea,1980,PRK,18236783,,15082.92,
North Korea,1981,PRK,18501303,,15467.449,
North Korea,1982,PRK,18776359,,15949.624,
North Korea,1983,PRK,19054039,,16453.252,
North Korea,1984,PRK,19335049,,16683.229,
North Korea,1985,PRK,19620396,,13664.387,
North Korea,1986,PRK,19910856,,13520.645,
North Korea,1987,PRK,20205485,,13031.644,
North Korea,1988,PRK,20503161,,15227.713,
North Korea,1989,PRK,20804363,,12140.716,
North Korea,1990,PRK,21112134,,12123.009,
North Korea,1991,PRK,21428637,,11932.365,
North Korea,1992,PRK,21750912,,11975.585,
North Korea,1993,PRK,22073354,,12827.559,
North Korea,1994,PRK,22393967,,12238.045,
North Korea,1995,PRK,22669307,,13966.649,
North Korea,1996,PRK,22895753,,13296.237,
North Korea,1997,PRK,23110836,,12887.396,
North Korea,1998,PRK,23311570,,11297.704,
North Korea,1999,PRK,23497594,,14343.149,
North Korea,2000,PRK,23665909,0,12859.471,0
North Korea,2001,PRK,23815364,0,12439.381,0
North Korea,2002,PRK,23943975,0,12044.455,0
North Korea,2003,PRK,24090382,0,11869.311,0
North Korea,2004,PRK,24254946,0,12253.705,0
North Korea,2005,PRK,24396434,0,12027.47,0
North Korea,2006,PRK,24524508,0,11465.782,0
North Korea,2007,PRK,24646384,0,10165.035,0
North Korea,2008,PRK,24764620,0,10972.214,0
North Korea,2009,PRK,24878338,0,9381.812,0
North Korea,2010,PRK,24987257,0,8815.287,0
North Korea,2011,PRK,25097877,0,6270.305,0
North Korea,2012,PRK,25211737,0,5935.979,0
North Korea,2013,PRK,25329456,0,5513.811,0
North Korea,2014,PRK,25451263,0,5388.655,0
North Korea,2015,PRK,25575355,0,4766.541,0
North Korea,2016,PRK,25698325,0,4822.999,0
North Korea,2017,PRK,25817710,0,8832.858,0
North Korea,2018,PRK,25931153,0,8003.173,0
North Korea,2019,PRK,26037633,0,8788.403,0
North Korea,2020,PRK,26136312,0,8332.383,0
North Korea,2021,PRK,26232530,0,7039.498,0
North Korea,2022,PRK,26328843,0,6909.168,0
North Korea,2023,PRK,26418196,,6983.977,
North Macedonia,1990,MKD,2063690,0,14372.104,0
North Macedonia,1991,MKD,2056002,0,14322.663,0
North Macedonia,1992,MKD,2032516,0,14876.61,0
North Macedonia,1993,MKD,2006853,0,15088.036,0
North Macedonia,1994,MKD,1992669,0,14273.225,0
North Macedonia,1995,MKD,1998531,0,14336.097,0
North Macedonia,1996,MKD,2012553,0,16536.369,0
North Macedonia,1997,MKD,2025764,0,14815.951,0
North Macedonia,1998,MKD,2037575,0,16649.197,0
North Macedonia,1999,MKD,2048088,0,15870.394,0
North Macedonia,2000,MKD,2057254,0,14994.607,0
North Macedonia,2001,MKD,2066300,0,14046.638,0
North Macedonia,2002,MKD,2074482,0,13671.603,0
North Macedonia,2003,MKD,2081417,0,15362.422,0
North Macedonia,2004,MKD,2086581,0,15133.405,0
North Macedonia,2005,MKD,2089809,0,15591.887,0
North Macedonia,2006,MKD,2089232,0,15883.402,0
North Macedonia,2007,MKD,2081972,0,15791.787,0
North Macedonia,2008,MKD,2070837,0,15354.295,0
North Macedonia,2009,MKD,2060601,0,15111.765,0
North Macedonia,2010,MKD,2051510,0,16523.738,0.03
North Macedonia,2011,MKD,2040445,0,16560.482,0.09
North Macedonia,2012,MKD,2027288,0,15466.217,0.3
North Macedonia,2013,MKD,2013280,0,14960.775,0.36
North Macedonia,2014,MKD,1997842,0,13996.478,0.2
North Macedonia,2015,MKD,1980366,0.02,14884.378,0.18
North Macedonia,2016,MKD,1961268,0.04,15598.139,0.57
North Macedonia,2017,MKD,1940877,0.05,15164.854,0.83
North Macedonia,2018,MKD,1919730,0.05,15849.292,0.75
North Macedonia,2019,MKD,1897643,0.06,16366.357,0.96
North Macedonia,2020,MKD,1872021,0.06,14801.113,1.14
North Macedonia,2021,MKD,1851109,0.05,15665.124,1.55
North Macedonia,2022,MKD,1840236,0.05,16701.213,0.99
North Macedonia,2023,MKD,1831800,0.07,17752.902,1.38
North Macedonia,2024,MKD,1823011,0.07,16219.917,1.3
Northern Mariana Islands,1980,MNP,17645,,0,
Northern Mariana Islands,1981,MNP,19847,,0,
Northern Mariana Islands,1982,MNP,22374,,0,
Northern Mariana Islands,1983,MNP,24960,,0,
Northern Mariana Islands,1984,MNP,27598,,0,
Northern Mariana Islands,1985,MNP,30281,,0,
Northern Mariana Islands,1986,MNP,33001,,0,
Northern Mariana Islands,1987,MNP,35755,,0,
Northern Mariana Islands,1988,MNP,38538,,0,
Northern Mariana Islands,1989,MNP,41327,,0,
Northern Mariana Islands,1990,MNP,43364,,0,
Northern Mariana Islands,1991,MNP,44412,,0,
Northern Mariana Islands,1992,MNP,45204,,0,
Northern Mariana Islands,1993,MNP,45973,,0,
Northern Mariana Islands,1994,MNP,46752,,0,
Northern Mariana Islands,1995,MNP,48192,,0,
Northern Mariana Islands,1996,MNP,51724,,0,
Northern Mariana Islands,1997,MNP,56610,,0,
Northern Mariana Islands,1998,MNP,61356,,0,
Northern Mariana Islands,1999,MNP,65933,,0,
Northern Mariana Islands,2000,MNP,68374,,0,
Northern Mariana Islands,2001,MNP,68003,,0,
Northern Mariana Islands,2002,MNP,66800,,0,
Northern Mariana Islands,2003,MNP,65438,,0,
Northern Mariana Islands,2004,MNP,63948,,0,
Northern Mariana Islands,2005,MNP,62372,,0,
Northern Mariana Islands,2006,MNP,60688,,0,
Northern Mariana Islands,2007,MNP,58960,,0,
Northern Mariana Islands,2008,MNP,57163,,0,
Northern Mariana Islands,2009,MNP,55346,,0,
Northern Mariana Islands,2010,MNP,54110,,0,
Northern Mariana Islands,2011,MNP,53633,,0,
Northern Mariana Islands,2012,MNP,53251,,0,
Northern Mariana Islands,2013,MNP,52777,,0,
Northern Mariana Islands,2014,MNP,52199,,0,
Northern Mariana Islands,2015,MNP,51538,,0,
Northern Mariana Islands,2016,MNP,50795,,0,
Northern Mariana Islands,2017,MNP,49981,,0,
Northern Mariana Islands,2018,MNP,49098,,0,
Northern Mariana Islands,2019,MNP,48154,,0,
Northern Mariana Islands,2020,MNP,47557,,0,
Northern Mariana Islands,2021,MNP,47003,,0,
Northern Mariana Islands,2022,MNP,46101,,0,
Northern Mariana Islands,2023,MNP,45166,,0,
Norway,1900,NOR,2232623,,,
Norway,1901,NOR,2251621,,,
Norway,1902,NOR,2268821,,,
Norway,1903,NOR,2284192,,,
Norway,1904,NOR,2299667,,,
Norway,1905,NOR,2315246,,,
Norway,1906,NOR,2330932,,,
Norway,1907,NOR,2346723,,,
Norway,1908,NOR,2362621,,,
Norway,1909,NOR,2380237,,,
Norway,1910,NOR,2399597,,,
Norway,1911,NOR,2420731,,,
Norway,1912,NOR,2443667,,,
Norway,1913,NOR,2468434,,,
Norway,1914,NOR,2493453,,,
Norway,1915,NOR,2518725,,,
Norway,1916,NOR,2544253,,,
Norway,1917,NOR,2570040,,,
Norway,1918,NOR,2595896,,,
Norway,1919,NOR,2620044,,,
Norway,1920,NOR,2642453,,,
Norway,1921,NOR,2663094,,,
Norway,1922,NOR,2681936,,,
Norway,1923,NOR,2698948,,,
Norway,1924,NOR,2716069,,,
Norway,1925,NOR,2733298,,,
Norway,1926,NOR,2750636,,,
Norway,1927,NOR,2768084,,,
Norway,1928,NOR,2785643,,,
Norway,1929,NOR,2802985,,,
Norway,1930,NOR,2820108,,,
Norway,1931,NOR,2837007,,,
Norway,1932,NOR,2853680,,,
Norway,1933,NOR,2870123,,,
Norway,1934,NOR,2886661,,,
Norway,1935,NOR,2903294,,,
Norway,1936,NOR,2920023,,,
Norway,1937,NOR,2936848,,,
Norway,1938,NOR,2953771,,,
Norway,1939,NOR,2972974,,,
Norway,1940,NOR,2994493,,,
Norway,1941,NOR,3018361,,,
Norway,1942,NOR,3044613,,,
Norway,1943,NOR,3073283,,,
Norway,1944,NOR,3102224,,,
Norway,1945,NOR,3131436,,,
Norway,1946,NOR,3160924,,,
Norway,1947,NOR,3190690,,,
Norway,1948,NOR,3220736,,,
Norway,1949,NOR,3250978,,,
Norway,1950,NOR,3265199,,,
Norway,1951,NOR,3295964,,,
Norway,1952,NOR,3327839,,,
Norway,1953,NOR,3361030,,,
Norway,1954,NOR,3394397,,,
Norway,1955,NOR,3428532,,,
Norway,1956,NOR,3461074,,,
Norway,1957,NOR,3491980,,,
Norway,1958,NOR,3523007,,,
Norway,1959,NOR,3552828,,,
Norway,1960,NOR,3581119,,,
Norway,1961,NOR,3609661,,,
Norway,1962,NOR,3638841,,,
Norway,1963,NOR,3666497,,,
Norway,1964,NOR,3694319,,,
Norway,1965,NOR,3723173,,57860.051,
Norway,1966,NOR,3752788,,58727.988,
Norway,1967,NOR,3784111,,62546.281,
Norway,1968,NOR,3816089,,69486.477,
Norway,1969,NOR,3847304,,69026.648,
Norway,1970,NOR,3875351,,71710.055,
Norway,1971,NOR,3902754,,74912.133,
Norway,1972,NOR,3932913,,78835.555,
Norway,1973,NOR,3960597,,82953.391,
Norway,1974,NOR,3985283,,83193.977,
Norway,1975,NOR,4007368,,83945.078,
Norway,1976,NOR,4026219,,89367.664,
Norway,1977,NOR,4043259,,81956.711,
Norway,1978,NOR,4058668,,91618.695,
Norway,1979,NOR,4072499,,97780.047,
Norway,1980,NOR,4085603,,92740.719,
Norway,1981,NOR,4099675,,97610.539,
Norway,1982,NOR,4114742,,96112.32,
Norway,1983,NOR,4128332,,105312.273,
Norway,1984,NOR,4139970,,106333.312,
Norway,1985,NOR,4152399,,104865.898,
Norway,1986,NOR,4167252,,101947.969,
Norway,1987,NOR,4186818,,106608.555,
Norway,1988,NOR,4209470,,109300.461,
Norway,1989,NOR,4226914,,115968.242,
Norway,1990,NOR,4241440,0.21,116215.914,0
Norway,1991,NOR,4261618,0.21,107144.062,0
Norway,1992,NOR,4286255,0.23,111569.008,0
Norway,1993,NOR,4311864,0.24,113774.93,0.01
Norway,1994,NOR,4336467,0.27,109623.219,0.15
Norway,1995,NOR,4358991,0.29,116855.484,0.19
Norway,1996,NOR,4381137,0.3,106642.828,0.28
Norway,1997,NOR,4404988,0.24,111237.547,0.24
Norway,1998,NOR,4431308,0.27,115044.422,0.22
Norway,1999,NOR,4461789,0.27,117802.125,0.28
Norway,2000,NOR,4490864,0.26,129858.625,0.21
Norway,2001,NOR,4513650,0.25,115019.922,0.24
Norway,2002,NOR,4538016,0.25,119752.211,0.2
Norway,2003,NOR,4564666,0.33,105140.305,0.3
Norway,2004,NOR,4591739,0.36,105950.953,0.37
Norway,2005,NOR,4623120,0.33,120792.133,0.38
Norway,2006,NOR,4660487,0.39,109687.391,0.47
Norway,2007,NOR,4709017,0.39,117374.898,0.76
Norway,2008,NOR,4768097,0.4,117427.766,0.44
Norway,2009,NOR,4828625,0.23,106436.703,4.23
Norway,2010,NOR,4889160,0.35,101844.125,4.8
Norway,2011,NOR,4952969,0.34,101764.828,3.71
Norway,2012,NOR,5018453,0.33,111775.836,2.24
Norway,2013,NOR,5080126,0.4,102996.664,2.07
Norway,2014,NOR,5137397,0.25,105489.086,2.22
Norway,2015,NOR,5189777,0.25,105836.883,2.2
Norway,2016,NOR,5235974,0.23,106500.5,2.21
Norway,2017,NOR,5276807,0.26,106154.727,2.06
Norway,2018,NOR,5311751,0.2,103850.727,2.18
Norway,2019,NOR,5347733,0.25,96479.188,2.06
Norway,2020,NOR,5379275,0.24,103430.57,1.61
Norway,2021,NOR,5408082,0.22,105249.945,0.31
Norway,2022,NOR,5456796,0.24,97780.367,1.15
Norway,2023,NOR,5519167,0.25,99923.812,1.53
Norway,2024,NOR,5576656,0.25,99634.312,1.7
OECD (EI),1965,,,,,
OECD (EI),1966,,,,,
OECD (EI),1967,,,,,
OECD (EI),1968,,,,,
OECD (EI),1969,,,,,
OECD (EI),1970,,,,,
OECD (EI),1971,,,,,
OECD (EI),1972,,,,,
OECD (EI),1973,,,,,
OECD (EI),1974,,,,,
OECD (EI),1975,,,,,
OECD (EI),1976,,,,,
OECD (EI),1977,,,,,
OECD (EI),1978,,,,,
OECD (EI),1979,,,,,
OECD (EI),1980,,,,,
OECD (EI),1981,,,,,
OECD (EI),1982,,,,,
OECD (EI),1983,,,,,
OECD (EI),1984,,,,,
OECD (EI),1985,,,,,617.312
OECD (EI),1986,,,,,577.997
OECD (EI),1987,,,,,631.347
OECD (EI),1988,,,,,620.249
OECD (EI),1989,,,,,764.084
OECD (EI),1990,,,,,806.104
OECD (EI),1991,,,,,840.011
OECD (EI),1992,,,,,871.56
OECD (EI),1993,,,,,910.242
OECD (EI),1994,,,,,1010.746
OECD (EI),1995,,,,,1098.626
OECD (EI),1996,,,,,1115.104
OECD (EI),1997,,,,,1229.865
OECD (EI),1998,,,,,1331.572
OECD (EI),1999,,,,,1457.605
OECD (EI),2000,,,,,1566.246
OECD (EI),2001,,,,,1660.527
OECD (EI),2002,,,,,1776.05
OECD (EI),2003,,,,,1820.481
OECD (EI),2004,,,,,1945.569
OECD (EI),2005,,,,,2048.993
OECD (EI),2006,,,,,2201.726
OECD (EI),2007,,,,,2401.461
OECD (EI),2008,,,,,2472.207
OECD (EI),2009,,,,,2475.813
OECD (EI),2010,,,,,2648.557
OECD (EI),2011,,,,,2693.227
OECD (EI),2012,,,,,2864.416
OECD (EI),2013,,,,,2714.076
OECD (EI),2014,,,,,2709.256
OECD (EI),2015,,,,,2926.13
OECD (EI),2016,,,,,3114.35
OECD (EI),2017,,,,,3109.447
OECD (EI),2018,,,,,3275.084
OECD (EI),2019,,,,,3414
OECD (EI),2020,,,,,3442.326
OECD (EI),2021,,,,,3414.14
OECD (EI),2022,,,,,3491.72
OECD (EI),2023,,,,,3504.345
OECD (EI),2024,,,,,3532.238
OECD (EIA),1980,,,,,
OECD (EIA),1981,,,,,
OECD (EIA),1982,,,,,
OECD (EIA),1983,,,,,
OECD (EIA),1984,,,,,
OECD (EIA),1985,,,,,
OECD (EIA),1986,,,,,
OECD (EIA),1987,,,,,
OECD (EIA),1988,,,,,
OECD (EIA),1989,,,,,
OECD (EIA),1990,,,,,
OECD (EIA),1991,,,,,
OECD (EIA),1992,,,,,
OECD (EIA),1993,,,,,
OECD (EIA),1994,,,,,
OECD (EIA),1995,,,,,
OECD (EIA),1996,,,,,
OECD (EIA),1997,,,,,
OECD (EIA),1998,,,,,
OECD (EIA),1999,,,,,
OECD (EIA),2000,,,,,
OECD (EIA),2001,,,,,
OECD (EIA),2002,,,,,
OECD (EIA),2003,,,,,
OECD (EIA),2004,,,,,
OECD (EIA),2005,,,,,
OECD (EIA),2006,,,,,
OECD (EIA),2007,,,,,
OECD (EIA),2008,,,,,
OECD (EIA),2009,,,,,
OECD (EIA),2010,,,,,
OECD (EIA),2011,,,,,
OECD (EIA),2012,,,,,
OECD (EIA),2013,,,,,
OECD (EIA),2014,,,,,
OECD (EIA),2015,,,,,
OECD (EIA),2016,,,,,
OECD (EIA),2017,,,,,
OECD (EIA),2018,,,,,
OECD (EIA),2019,,,,,
OECD (EIA),2020,,,,,
OECD (EIA),2021,,,,,
OECD (EIA),2022,,,,,
OECD (EIA),2023,,,,,
OECD (Ember),2000,,,130.03,,1535.61
OECD (Ember),2001,,,122.96,,1613.48
OECD (Ember),2002,,,133.75,,1724.42
OECD (Ember),2003,,,142.34,,1770.16
OECD (Ember),2004,,,155.7,,1890.87
OECD (Ember),2005,,,171.1,,1987.8
OECD (Ember),2006,,,179.57,,2139.39
OECD (Ember),2007,,,192.16,,2333.93
OECD (Ember),2008,,,199.52,,2403.59
OECD (Ember),2009,,,209.09,,2403.15
OECD (Ember),2010,,,229.27,,2574.38
OECD (Ember),2011,,,240.24,,2622.16
OECD (Ember),2012,,,259.86,,2776.12
OECD (Ember),2013,,,275.77,,2636.17
OECD (Ember),2014,,,290.96,,2630.05
OECD (Ember),2015,,,309.24,,2829.91
OECD (Ember),2016,,,308.59,,3035.22
OECD (Ember),2017,,,314.49,,3040.79
OECD (Ember),2018,,,320.29,,3189.18
OECD (Ember),2019,,,325.78,,3319.45
OECD (Ember),2020,,,331.67,,3343.83
OECD (Ember),2021,,,349.62,,3318.49
OECD (Ember),2022,,,340.56,,3385.85
OECD (Ember),2023,,,332.31,,3385.15
OECD (Ember),2024,,,342.78,,3426.41
OECD (Shift),1900,,,,,
OECD (Shift),1901,,,,,
OECD (Shift),1902,,,,,
OECD (Shift),1903,,,,,
OECD (Shift),1904,,,,,
OECD (Shift),1905,,,,,
OECD (Shift),1906,,,,,
OECD (Shift),1907,,,,,
OECD (Shift),1908,,,,,
OECD (Shift),1909,,,,,
OECD (Shift),1910,,,,,
OECD (Shift),1911,,,,,
OECD (Shift),1912,,,,,
OECD (Shift),1913,,,,,
OECD (Shift),1914,,,,,
OECD (Shift),1915,,,,,
OECD (Shift),1916,,,,,
OECD (Shift),1917,,,,,
OECD (Shift),1918,,,,,
OECD (Shift),1919,,,,,
OECD (Shift),1920,,,,,
OECD (Shift),1921,,,,,
OECD (Shift),1922,,,,,
OECD (Shift),1923,,,,,
OECD (Shift),1924,,,,,
OECD (Shift),1925,,,,,
OECD (Shift),1926,,,,,
OECD (Shift),1927,,,,,
OECD (Shift),1928,,,,,
OECD (Shift),1929,,,,,
OECD (Shift),1930,,,,,
OECD (Shift),1931,,,,,
OECD (Shift),1932,,,,,
OECD (Shift),1933,,,,,
OECD (Shift),1934,,,,,
OECD (Shift),1935,,,,,
OECD (Shift),1936,,,,,
OECD (Shift),1937,,,,,
OECD (Shift),1938,,,,,
OECD (Shift),1939,,,,,
OECD (Shift),1940,,,,,
OECD (Shift),1941,,,,,
OECD (Shift),1942,,,,,
OECD (Shift),1943,,,,,
OECD (Shift),1944,,,,,
OECD (Shift),1945,,,,,
OECD (Shift),1946,,,,,
OECD (Shift),1947,,,,,
OECD (Shift),1948,,,,,
OECD (Shift),1949,,,,,
OECD (Shift),1950,,,,,
OECD (Shift),1951,,,,,
OECD (Shift),1952,,,,,
OECD (Shift),1953,,,,,
OECD (Shift),1954,,,,,
OECD (Shift),1955,,,,,
OECD (Shift),1956,,,,,
OECD (Shift),1957,,,,,
OECD (Shift),1958,,,,,
OECD (Shift),1959,,,,,
OECD (Shift),1960,,,,,
OECD (Shift),1961,,,,,
OECD (Shift),1962,,,,,
OECD (Shift),1963,,,,,
OECD (Shift),1964,,,,,
OECD (Shift),1965,,,,,
OECD (Shift),1966,,,,,
OECD (Shift),1967,,,,,
OECD (Shift),1968,,,,,
OECD (Shift),1969,,,,,
OECD (Shift),1970,,,,,
OECD (Shift),1971,,,,,
OECD (Shift),1972,,,,,
OECD (Shift),1973,,,,,
OECD (Shift),1974,,,,,
OECD (Shift),1975,,,,,
OECD (Shift),1976,,,,,
OECD (Shift),1977,,,,,
OECD (Shift),1978,,,,,
OECD (Shift),1979,,,,,
OECD (Shift),1980,,,,,
OECD (Shift),1981,,,,,
OECD (Shift),1982,,,,,
OECD (Shift),1983,,,,,
OECD (Shift),1984,,,,,
OECD (Shift),1985,,,,,
OECD (Shift),1986,,,,,
OECD (Shift),1987,,,,,
OECD (Shift),1988,,,,,
OECD (Shift),1989,,,,,
OECD (Shift),1990,,,,,
OECD (Shift),1991,,,,,
OECD (Shift),1992,,,,,
OECD (Shift),1993,,,,,
OECD (Shift),1994,,,,,
OECD (Shift),1995,,,,,
OECD (Shift),1996,,,,,
OECD (Shift),1997,,,,,
OECD (Shift),1998,,,,,
OECD (Shift),1999,,,,,
OECD (Shift),2000,,,,,
OECD (Shift),2001,,,,,
OECD (Shift),2002,,,,,
OECD (Shift),2003,,,,,
OECD (Shift),2004,,,,,
OECD (Shift),2005,,,,,
OECD (Shift),2006,,,,,
OECD (Shift),2007,,,,,
OECD (Shift),2008,,,,,
OECD (Shift),2009,,,,,
OECD (Shift),2010,,,,,
OECD (Shift),2011,,,,,
OECD (Shift),2012,,,,,
OECD (Shift),2013,,,,,
OECD (Shift),2014,,,,,
OECD (Shift),2015,,,,,
OECD (Shift),2016,,,,,
OPEC (EI),1965,,,,,
OPEC (EI),1966,,,,,
OPEC (EI),1967,,,,,
OPEC (EI),1968,,,,,
OPEC (EI),1969,,,,,
OPEC (EI),1970,,,,,
OPEC (EI),1971,,,,,
OPEC (EI),1972,,,,,
OPEC (EI),1973,,,,,
OPEC (EI),1974,,,,,
OPEC (EI),1975,,,,,
OPEC (EI),1976,,,,,
OPEC (EI),1977,,,,,
OPEC (EI),1978,,,,,
OPEC (EI),1979,,,,,
OPEC (EI),1980,,,,,
OPEC (EI),1981,,,,,
OPEC (EI),1982,,,,,
OPEC (EI),1983,,,,,
OPEC (EI),1984,,,,,
OPEC (EI),1985,,,,,
OPEC (EI),1986,,,,,
OPEC (EI),1987,,,,,
OPEC (EI),1988,,,,,
OPEC (EI),1989,,,,,
OPEC (EI),1990,,,,,
OPEC (EI),1991,,,,,
OPEC (EI),1992,,,,,
OPEC (EI),1993,,,,,
OPEC (EI),1994,,,,,
OPEC (EI),1995,,,,,
OPEC (EI),1996,,,,,
OPEC (EI),1997,,,,,
OPEC (EI),1998,,,,,
OPEC (EI),1999,,,,,
OPEC (EI),2000,,,,,
OPEC (EI),2001,,,,,
OPEC (EI),2002,,,,,
OPEC (EI),2003,,,,,
OPEC (EI),2004,,,,,
OPEC (EI),2005,,,,,
OPEC (EI),2006,,,,,
OPEC (EI),2007,,,,,
OPEC (EI),2008,,,,,
OPEC (EI),2009,,,,,
OPEC (EI),2010,,,,,
OPEC (EI),2011,,,,,
OPEC (EI),2012,,,,,
OPEC (EI),2013,,,,,
OPEC (EI),2014,,,,,
OPEC (EI),2015,,,,,
OPEC (EI),2016,,,,,
OPEC (EI),2017,,,,,
OPEC (EI),2018,,,,,
OPEC (EI),2019,,,,,
OPEC (EI),2020,,,,,
OPEC (EI),2021,,,,,
OPEC (EI),2022,,,,,
OPEC (EI),2023,,,,,
OPEC (EI),2024,,,,,
OPEC (EIA),1980,,,,,
OPEC (EIA),1981,,,,,
OPEC (EIA),1982,,,,,
OPEC (EIA),1983,,,,,
OPEC (EIA),1984,,,,,
OPEC (EIA),1985,,,,,
OPEC (EIA),1986,,,,,
OPEC (EIA),1987,,,,,
OPEC (EIA),1988,,,,,
OPEC (EIA),1989,,,,,
OPEC (EIA),1990,,,,,
OPEC (EIA),1991,,,,,
OPEC (EIA),1992,,,,,
OPEC (EIA),1993,,,,,
OPEC (EIA),1994,,,,,
OPEC (EIA),1995,,,,,
OPEC (EIA),1996,,,,,
OPEC (EIA),1997,,,,,
OPEC (EIA),1998,,,,,
OPEC (EIA),1999,,,,,
OPEC (EIA),2000,,,,,
OPEC (EIA),2001,,,,,
OPEC (EIA),2002,,,,,
OPEC (EIA),2003,,,,,
OPEC (EIA),2004,,,,,
OPEC (EIA),2005,,,,,
OPEC (EIA),2006,,,,,
OPEC (EIA),2007,,,,,
OPEC (EIA),2008,,,,,
OPEC (EIA),2009,,,,,
OPEC (EIA),2010,,,,,
OPEC (EIA),2011,,,,,
OPEC (EIA),2012,,,,,
OPEC (EIA),2013,,,,,
OPEC (EIA),2014,,,,,
OPEC (EIA),2015,,,,,
OPEC (EIA),2016,,,,,
OPEC (EIA),2017,,,,,
OPEC (EIA),2018,,,,,
OPEC (EIA),2019,,,,,
OPEC (EIA),2020,,,,,
OPEC (EIA),2021,,,,,
OPEC (EIA),2022,,,,,
OPEC (EIA),2023,,,,,
OPEC (Shift),1900,,,,,
OPEC (Shift),1901,,,,,
OPEC (Shift),1902,,,,,
OPEC (Shift),1903,,,,,
OPEC (Shift),1904,,,,,
OPEC (Shift),1905,,,,,
OPEC (Shift),1906,,,,,
OPEC (Shift),1907,,,,,
OPEC (Shift),1908,,,,,
OPEC (Shift),1909,,,,,
OPEC (Shift),1910,,,,,
OPEC (Shift),1911,,,,,
OPEC (Shift),1912,,,,,
OPEC (Shift),1913,,,,,
OPEC (Shift),1914,,,,,
OPEC (Shift),1915,,,,,
OPEC (Shift),1916,,,,,
OPEC (Shift),1917,,,,,
OPEC (Shift),1918,,,,,
OPEC (Shift),1919,,,,,
OPEC (Shift),1920,,,,,
OPEC (Shift),1921,,,,,
OPEC (Shift),1922,,,,,
OPEC (Shift),1923,,,,,
OPEC (Shift),1924,,,,,
OPEC (Shift),1925,,,,,
OPEC (Shift),1926,,,,,
OPEC (Shift),1927,,,,,
OPEC (Shift),1928,,,,,
OPEC (Shift),1929,,,,,
OPEC (Shift),1930,,,,,
OPEC (Shift),1931,,,,,
OPEC (Shift),1932,,,,,
OPEC (Shift),1933,,,,,
OPEC (Shift),1934,,,,,
OPEC (Shift),1935,,,,,
OPEC (Shift),1936,,,,,
OPEC (Shift),1937,,,,,
OPEC (Shift),1938,,,,,
OPEC (Shift),1939,,,,,
OPEC (Shift),1940,,,,,
OPEC (Shift),1941,,,,,
OPEC (Shift),1942,,,,,
OPEC (Shift),1943,,,,,
OPEC (Shift),1944,,,,,
OPEC (Shift),1945,,,,,
OPEC (Shift),1946,,,,,
OPEC (Shift),1947,,,,,
OPEC (Shift),1948,,,,,
OPEC (Shift),1949,,,,,
OPEC (Shift),1950,,,,,
OPEC (Shift),1951,,,,,
OPEC (Shift),1952,,,,,
OPEC (Shift),1953,,,,,
OPEC (Shift),1954,,,,,
OPEC (Shift),1955,,,,,
OPEC (Shift),1956,,,,,
OPEC (Shift),1957,,,,,
OPEC (Shift),1958,,,,,
OPEC (Shift),1959,,,,,
OPEC (Shift),1960,,,,,
OPEC (Shift),1961,,,,,
OPEC (Shift),1962,,,,,
OPEC (Shift),1963,,,,,
OPEC (Shift),1964,,,,,
OPEC (Shift),1965,,,,,
OPEC (Shift),1966,,,,,
OPEC (Shift),1967,,,,,
OPEC (Shift),1968,,,,,
OPEC (Shift),1969,,,,,
OPEC (Shift),1970,,,,,
OPEC (Shift),1971,,,,,
OPEC (Shift),1972,,,,,
OPEC (Shift),1973,,,,,
OPEC (Shift),1974,,,,,
OPEC (Shift),1975,,,,,
OPEC (Shift),1976,,,,,
OPEC (Shift),1977,,,,,
OPEC (Shift),1978,,,,,
OPEC (Shift),1979,,,,,
OPEC (Shift),1980,,,,,
OPEC (Shift),1981,,,,,
OPEC (Shift),1982,,,,,
OPEC (Shift),1983,,,,,
OPEC (Shift),1984,,,,,
OPEC (Shift),1985,,,,,
OPEC (Shift),1986,,,,,
OPEC (Shift),1987,,,,,
OPEC (Shift),1988,,,,,
OPEC (Shift),1989,,,,,
OPEC (Shift),1990,,,,,
OPEC (Shift),1991,,,,,
OPEC (Shift),1992,,,,,
OPEC (Shift),1993,,,,,
OPEC (Shift),1994,,,,,
OPEC (Shift),1995,,,,,
OPEC (Shift),1996,,,,,
OPEC (Shift),1997,,,,,
OPEC (Shift),1998,,,,,
OPEC (Shift),1999,,,,,
OPEC (Shift),2000,,,,,
OPEC (Shift),2001,,,,,
OPEC (Shift),2002,,,,,
OPEC (Shift),2003,,,,,
OPEC (Shift),2004,,,,,
OPEC (Shift),2005,,,,,
OPEC (Shift),2006,,,,,
OPEC (Shift),2007,,,,,
OPEC (Shift),2008,,,,,
OPEC (Shift),2009,,,,,
OPEC (Shift),2010,,,,,
OPEC (Shift),2011,,,,,
OPEC (Shift),2012,,,,,
OPEC (Shift),2013,,,,,
OPEC (Shift),2014,,,,,
OPEC (Shift),2015,,,,,
OPEC (Shift),2016,,,,,
Oceania,1900,,5953511,,,
Oceania,1901,,6041407,,,
Oceania,1902,,6130264,,,
Oceania,1903,,6220673,,,
Oceania,1904,,6312680,,,
Oceania,1905,,6406320,,,
Oceania,1906,,6501615,,,
Oceania,1907,,6598575,,,
Oceania,1908,,6697260,,,
Oceania,1909,,6790941,,,
Oceania,1910,,6880041,,,
Oceania,1911,,6964984,,,
Oceania,1912,,7046151,,,
Oceania,1913,,7123955,,,
Oceania,1914,,7205616,,,
Oceania,1915,,7291095,,,
Oceania,1916,,7380375,,,
Oceania,1917,,7473552,,,
Oceania,1918,,7570522,,,
Oceania,1919,,7675551,,,
Oceania,1920,,7788438,,,
Oceania,1921,,7909326,,,
Oceania,1922,,8037669,,,
Oceania,1923,,8173333,,,
Oceania,1924,,8311980,,,
Oceania,1925,,8453646,,,
Oceania,1926,,8598375,,,
Oceania,1927,,8746877,,,
Oceania,1928,,8898531,,,
Oceania,1929,,9040916,,,
Oceania,1930,,9174006,,,
Oceania,1931,,9297611,,,
Oceania,1932,,9411863,,,
Oceania,1933,,9516731,,,
Oceania,1934,,9624651,,,
Oceania,1935,,9735670,,,
Oceania,1936,,9849842,,,
Oceania,1937,,9967558,,,
Oceania,1938,,10088561,,,
Oceania,1939,,10225158,,,
Oceania,1940,,10377714,,,
Oceania,1941,,10550497,,,
Oceania,1942,,10740030,,,
Oceania,1943,,10946716,,,
Oceania,1944,,11158769,,,
Oceania,1945,,11376348,,,
Oceania,1946,,11599543,,,
Oceania,1947,,11829855,,,
Oceania,1948,,12066236,,,
Oceania,1949,,12315375,,,
Oceania,1950,,12582453,,,
Oceania,1951,,12915446,,,
Oceania,1952,,13229396,,,
Oceania,1953,,13527446,,,
Oceania,1954,,13824685,,,
Oceania,1955,,14145499,,,
Oceania,1956,,14484837,,,
Oceania,1957,,14825605,,,
Oceania,1958,,15166229,,,
Oceania,1959,,15510259,,,
Oceania,1960,,15862697,,,
Oceania,1961,,16216895,,,
Oceania,1962,,16560976,,,
Oceania,1963,,16904641,,,
Oceania,1964,,17254690,,,
Oceania,1965,,17617233,,29004.438,
Oceania,1966,,17986091,,29836.986,
Oceania,1967,,18332240,,30789.143,
Oceania,1968,,18670233,,31877.963,
Oceania,1969,,19033793,,32442.584,
Oceania,1970,,19494215,,34672.348,
Oceania,1971,,20036088,,35416.543,
Oceania,1972,,20494156,,36319.309,
Oceania,1973,,20866225,,37971.992,
Oceania,1974,,21228268,,39407.07,
Oceania,1975,,21555937,,39456.141,
Oceania,1976,,21842502,,40285.945,
Oceania,1977,,22114617,,41580.332,
Oceania,1978,,22383486,,42149.727,
Oceania,1979,,22653748,,43053.457,
Oceania,1980,,22954484,,42629.371,
Oceania,1981,,23307534,,42581.941,
Oceania,1982,,23690693,,41749.469,
Oceania,1983,,24064499,,40981.785,
Oceania,1984,,24421103,,41956.16,
Oceania,1985,,24777609,,42405.566,
Oceania,1986,,25149869,,42895.566,
Oceania,1987,,25544592,,43288.125,
Oceania,1988,,25956460,,44557.336,
Oceania,1989,,26377044,,45833.68,
Oceania,1990,,26839397,,46108.129,
Oceania,1991,,27315331,,45180.746,
Oceania,1992,,27746651,,45083.703,
Oceania,1993,,28154388,,45488.078,
Oceania,1994,,28573089,,46641.402,
Oceania,1995,,29025267,,47172.852,
Oceania,1996,,29498702,,47667.34,
Oceania,1997,,29964609,,47900.164,
Oceania,1998,,30420070,,48137.727,
Oceania,1999,,30880117,,49134.531,
Oceania,2000,,31352968,1.87,48952.836,26.71
Oceania,2001,,31847232,1.65,48445.91,37.24
Oceania,2002,,32366021,1.98,48725.098,41.28
Oceania,2003,,32894563,2.37,48303.824,40.4
Oceania,2004,,33419063,3.59,49047.582,34.81
Oceania,2005,,33956165,4.68,48271.324,33.08
Oceania,2006,,34540362,4.8,49249.695,37.44
Oceania,2007,,35190049,5.11,49321.234,45.73
Oceania,2008,,35890355,4.48,49089.805,47.44
Oceania,2009,,36593549,3.59,47523.887,50.55
Oceania,2010,,37254088,3.25,46812.887,57.2
Oceania,2011,,37890098,3.37,47365.691,57.72
Oceania,2012,,38550537,3.94,46016.578,59.12
Oceania,2013,,39233938,4.19,45755.254,61.86
Oceania,2014,,39918746,4.41,45520.797,61.28
Oceania,2015,,40615015,4.56,45644.281,57.19
Oceania,2016,,41347231,4.48,45047.117,54.65
Oceania,2017,,42093989,4.39,44231.082,62.94
Oceania,2018,,42815501,4.46,44011.016,58
Oceania,2019,,43504534,4.37,44681.719,61.74
Oceania,2020,,44079305,4.31,41396.184,59.81
Oceania,2021,,44558542,4.26,40961.238,53.14
Oceania,2022,,45049680,4,42031.363,56.04
Oceania,2023,,45563135,3.93,41636.957,50.94
Oceania,2024,,46089066,,41338.191,
Oceania (Ember),2000,,,1.87,,26.71
Oceania (Ember),2001,,,1.65,,37.24
Oceania (Ember),2002,,,1.98,,41.28
Oceania (Ember),2003,,,2.37,,40.4
Oceania (Ember),2004,,,3.59,,34.81
Oceania (Ember),2005,,,4.68,,33.08
Oceania (Ember),2006,,,4.8,,37.44
Oceania (Ember),2007,,,5.11,,45.73
Oceania (Ember),2008,,,4.48,,47.44
Oceania (Ember),2009,,,3.59,,50.55
Oceania (Ember),2010,,,3.25,,57.2
Oceania (Ember),2011,,,3.37,,57.72
Oceania (Ember),2012,,,3.94,,59.12
Oceania (Ember),2013,,,4.19,,61.86
Oceania (Ember),2014,,,4.41,,61.28
Oceania (Ember),2015,,,4.56,,57.19
Oceania (Ember),2016,,,4.48,,54.65
Oceania (Ember),2017,,,4.39,,62.94
Oceania (Ember),2018,,,4.46,,58
Oceania (Ember),2019,,,4.37,,61.74
Oceania (Ember),2020,,,4.31,,59.81
Oceania (Ember),2021,,,4.26,,53.14
Oceania (Ember),2022,,,4,,56.04
Oceania (Ember),2023,,,3.93,,50.94
Oceania (Ember),2024,,,3.84,,54.32
Oman,1900,OMN,379583,,,
Oman,1901,OMN,381971,,,
Oman,1902,OMN,384952,,,
Oman,1903,OMN,388533,,,
Oman,1904,OMN,392147,,,
Oman,1905,OMN,395794,,,
Oman,1906,OMN,399475,,,
Oman,1907,OMN,403189,,,
Oman,1908,OMN,406937,,,
Oman,1909,OMN,410047,,,
Oman,1910,OMN,412514,,,
Oman,1911,OMN,414331,,,
Oman,1912,OMN,415493,,,
Oman,1913,OMN,415993,,,
Oman,1914,OMN,416492,,,
Oman,1915,OMN,416992,,,
Oman,1916,OMN,417492,,,
Oman,1917,OMN,417992,,,
Oman,1918,OMN,418993,,,
Oman,1919,OMN,419997,,,
Oman,1920,OMN,421003,,,
Oman,1921,OMN,422011,,,
Oman,1922,OMN,423022,,,
Oman,1923,OMN,424035,,,
Oman,1924,OMN,425051,,,
Oman,1925,OMN,426069,,,
Oman,1926,OMN,427090,,,
Oman,1927,OMN,428112,,,
Oman,1928,OMN,429138,,,
Oman,1929,OMN,430166,,,
Oman,1930,OMN,431196,,,
Oman,1931,OMN,432229,,,
Oman,1932,OMN,433264,,,
Oman,1933,OMN,434302,,,
Oman,1934,OMN,435342,,,
Oman,1935,OMN,436385,,,
Oman,1936,OMN,437430,,,
Oman,1937,OMN,438478,,,
Oman,1938,OMN,439528,,,
Oman,1939,OMN,440581,,,
Oman,1940,OMN,441636,,,
Oman,1941,OMN,442694,,,
Oman,1942,OMN,443755,,,
Oman,1943,OMN,444817,,,
Oman,1944,OMN,445883,,,
Oman,1945,OMN,446951,,,
Oman,1946,OMN,448021,,,
Oman,1947,OMN,449095,,,
Oman,1948,OMN,450170,,,
Oman,1949,OMN,452898,,,
Oman,1950,OMN,456997,,,
Oman,1951,OMN,462760,,,
Oman,1952,OMN,468831,,,
Oman,1953,OMN,475163,,,
Oman,1954,OMN,481826,,,
Oman,1955,OMN,488811,,,
Oman,1956,OMN,496175,,,
Oman,1957,OMN,503986,,,
Oman,1958,OMN,512341,,,
Oman,1959,OMN,521320,,,
Oman,1960,OMN,530489,,,
Oman,1961,OMN,539859,,,
Oman,1962,OMN,549951,,,
Oman,1963,OMN,560832,,,
Oman,1964,OMN,572586,,,
Oman,1965,OMN,585245,,166.393,
Oman,1966,OMN,598815,,203.504,
Oman,1967,OMN,613318,,882.06,
Oman,1968,OMN,628801,,1036.748,
Oman,1969,OMN,645262,,1438.968,
Oman,1970,OMN,662691,,1412.281,
Oman,1971,OMN,681125,,22714.631,
Oman,1972,OMN,700591,,25231.861,
Oman,1973,OMN,721182,,21320.436,
Oman,1974,OMN,746995,,18912.955,
Oman,1975,OMN,778871,,16568.465,
Oman,1976,OMN,814703,,18235.354,
Oman,1977,OMN,855316,,16733.195,
Oman,1978,OMN,900312,,18485.121,
Oman,1979,OMN,949122,,20201.014,
Oman,1980,OMN,1001248,,17037.115,
Oman,1981,OMN,1057326,,17050.557,
Oman,1982,OMN,1117686,,17421.607,
Oman,1983,OMN,1181464,,19002.33,
Oman,1984,OMN,1247723,,22310.967,
Oman,1985,OMN,1325489,,24838.732,
Oman,1986,OMN,1413424,,25109.262,
Oman,1987,OMN,1501006,,24641.562,
Oman,1988,OMN,1588573,,23917.867,
Oman,1989,OMN,1676234,,23724.551,
Oman,1990,OMN,1763957,,26429.148,
Oman,1991,OMN,1851476,,32859.074,
Oman,1992,OMN,1938240,,31123.568,
Oman,1993,OMN,2021677,,28780.873,
Oman,1994,OMN,2081839,,26192.926,
Oman,1995,OMN,2120531,,30118.717,
Oman,1996,OMN,2156925,,30375.232,
Oman,1997,OMN,2190726,,30807.531,
Oman,1998,OMN,2222492,,31152.215,
Oman,1999,OMN,2252910,,34921.227,
Oman,2000,OMN,2282139,0,48620.898,7.55
Oman,2001,OMN,2310223,0,53324.789,8.02
Oman,2002,OMN,2337144,0,56120.254,8.47
Oman,2003,OMN,2363801,0,57588.852,8.78
Oman,2004,OMN,2404822,0,58819.918,9.43
Oman,2005,OMN,2459808,0,63469.539,10.65
Oman,2006,OMN,2514794,0,67833.375,11.29
Oman,2007,OMN,2570175,0,66942.758,13.92
Oman,2008,OMN,2626536,0,76528.727,15.7
Oman,2009,OMN,2684665,0,74281.891,18.05
Oman,2010,OMN,2757450,0,85979.016,19.37
Oman,2011,OMN,3076762,0,84460.266,21.36
Oman,2012,OMN,3547104,0,79910.391,24.41
Oman,2013,OMN,3833915,0,82844.789,25.55
Oman,2014,OMN,4002444,0,78943.883,28.37
Oman,2015,OMN,4184898,0,80629.07,31.89
Oman,2016,OMN,4390880,0,77124.477,33.29
Oman,2017,OMN,4537397,0,77558.961,35.09
Oman,2018,OMN,4597878,0,81778.438,36.58
Oman,2019,OMN,4591248,0,81330.617,37.71
Oman,2020,OMN,4522502,0,79945.422,36.95
Oman,2021,OMN,4500429,0,88512.25,39.56
Oman,2022,OMN,4730229,0,89754.836,41.26
Oman,2023,OMN,5049267,0,86222.508,42
Oman,2024,OMN,5281542,0,84610.641,40.34
Other Africa (EI),1965,,,,,
Other Africa (EI),1966,,,,,
Other Africa (EI),1967,,,,,
Other Africa (EI),1968,,,,,
Other Africa (EI),1969,,,,,
Other Africa (EI),1970,,,,,
Other Africa (EI),1971,,,,,
Other Africa (EI),1972,,,,,
Other Africa (EI),1973,,,,,
Other Africa (EI),1974,,,,,
Other Africa (EI),1975,,,,,
Other Africa (EI),1976,,,,,
Other Africa (EI),1977,,,,,
Other Africa (EI),1978,,,,,
Other Africa (EI),1979,,,,,
Other Africa (EI),1980,,,,,
Other Africa (EI),1981,,,,,
Other Africa (EI),1982,,,,,
Other Africa (EI),1983,,,,,
Other Africa (EI),1984,,,,,
Other Africa (EI),1985,,,,,
Other Africa (EI),1986,,,,,
Other Africa (EI),1987,,,,,
Other Africa (EI),1988,,,,,
Other Africa (EI),1989,,,,,
Other Africa (EI),1990,,,,,
Other Africa (EI),1991,,,,,
Other Africa (EI),1992,,,,,
Other Africa (EI),1993,,,,,
Other Africa (EI),1994,,,,,
Other Africa (EI),1995,,,,,
Other Africa (EI),1996,,,,,
Other Africa (EI),1997,,,,,
Other Africa (EI),1998,,,,,
Other Africa (EI),1999,,,,,
Other Africa (EI),2000,,,,,
Other Africa (EI),2001,,,,,
Other Africa (EI),2002,,,,,
Other Africa (EI),2003,,,,,
Other Africa (EI),2004,,,,,
Other Africa (EI),2005,,,,,
Other Africa (EI),2006,,,,,
Other Africa (EI),2007,,,,,
Other Africa (EI),2008,,,,,
Other Africa (EI),2009,,,,,
Other Africa (EI),2010,,,,,
Other Africa (EI),2011,,,,,
Other Africa (EI),2012,,,,,
Other Africa (EI),2013,,,,,
Other Africa (EI),2014,,,,,
Other Africa (EI),2015,,,,,
Other Africa (EI),2016,,,,,
Other Africa (EI),2017,,,,,
Other Africa (EI),2018,,,,,
Other Africa (EI),2019,,,,,
Other Africa (EI),2020,,,,,
Other Africa (EI),2021,,,,,
Other Africa (EI),2022,,,,,
Other Africa (EI),2023,,,,,
Other Africa (EI),2024,,,,,
Other Americas (EIA),1980,,,,,
Other Americas (EIA),1981,,,,,
Other Americas (EIA),1982,,,,,
Other Americas (EIA),1983,,,,,
Other Americas (EIA),1984,,,,,
Other Americas (EIA),1985,,,,,
Other Americas (EIA),1986,,,,,
Other Americas (EIA),1987,,,,,
Other Americas (EIA),1988,,,,,
Other Americas (EIA),1989,,,,,
Other Americas (EIA),1990,,,,,
Other Americas (EIA),1991,,,,,
Other Americas (EIA),1992,,,,,
Other Americas (EIA),1993,,,,,
Other Americas (EIA),1994,,,,,
Other Americas (EIA),1995,,,,,
Other Americas (EIA),1996,,,,,
Other Americas (EIA),1997,,,,,
Other Americas (EIA),1998,,,,,
Other Americas (EIA),1999,,,,,
Other Americas (EIA),2000,,,,,
Other Americas (EIA),2001,,,,,
Other Americas (EIA),2002,,,,,
Other Americas (EIA),2003,,,,,
Other Americas (EIA),2004,,,,,
Other Americas (EIA),2005,,,,,
Other Americas (EIA),2006,,,,,
Other Americas (EIA),2007,,,,,
Other Americas (EIA),2008,,,,,
Other Americas (EIA),2009,,,,,
Other Americas (EIA),2010,,,,,
Other Americas (EIA),2011,,,,,
Other Americas (EIA),2012,,,,,
Other Americas (EIA),2013,,,,,
Other Americas (EIA),2014,,,,,
Other Americas (EIA),2015,,,,,
Other Americas (EIA),2016,,,,,
Other Americas (EIA),2017,,,,,
Other Americas (EIA),2018,,,,,
Other Americas (EIA),2019,,,,,
Other Americas (EIA),2020,,,,,
Other Americas (EIA),2021,,,,,
Other Americas (EIA),2022,,,,,
Other Americas (EIA),2023,,,,,
Other Asia Pacific (EI),1965,,,,,
Other Asia Pacific (EI),1966,,,,,
Other Asia Pacific (EI),1967,,,,,
Other Asia Pacific (EI),1968,,,,,
Other Asia Pacific (EI),1969,,,,,
Other Asia Pacific (EI),1970,,,,,
Other Asia Pacific (EI),1971,,,,,
Other Asia Pacific (EI),1972,,,,,
Other Asia Pacific (EI),1973,,,,,
Other Asia Pacific (EI),1974,,,,,
Other Asia Pacific (EI),1975,,,,,
Other Asia Pacific (EI),1976,,,,,
Other Asia Pacific (EI),1977,,,,,
Other Asia Pacific (EI),1978,,,,,
Other Asia Pacific (EI),1979,,,,,
Other Asia Pacific (EI),1980,,,,,
Other Asia Pacific (EI),1981,,,,,
Other Asia Pacific (EI),1982,,,,,
Other Asia Pacific (EI),1983,,,,,
Other Asia Pacific (EI),1984,,,,,
Other Asia Pacific (EI),1985,,,,,
Other Asia Pacific (EI),1986,,,,,
Other Asia Pacific (EI),1987,,,,,
Other Asia Pacific (EI),1988,,,,,
Other Asia Pacific (EI),1989,,,,,
Other Asia Pacific (EI),1990,,,,,
Other Asia Pacific (EI),1991,,,,,
Other Asia Pacific (EI),1992,,,,,
Other Asia Pacific (EI),1993,,,,,
Other Asia Pacific (EI),1994,,,,,
Other Asia Pacific (EI),1995,,,,,
Other Asia Pacific (EI),1996,,,,,
Other Asia Pacific (EI),1997,,,,,
Other Asia Pacific (EI),1998,,,,,
Other Asia Pacific (EI),1999,,,,,
Other Asia Pacific (EI),2000,,,,,
Other Asia Pacific (EI),2001,,,,,
Other Asia Pacific (EI),2002,,,,,
Other Asia Pacific (EI),2003,,,,,
Other Asia Pacific (EI),2004,,,,,
Other Asia Pacific (EI),2005,,,,,
Other Asia Pacific (EI),2006,,,,,
Other Asia Pacific (EI),2007,,,,,
Other Asia Pacific (EI),2008,,,,,
Other Asia Pacific (EI),2009,,,,,
Other Asia Pacific (EI),2010,,,,,
Other Asia Pacific (EI),2011,,,,,
Other Asia Pacific (EI),2012,,,,,
Other Asia Pacific (EI),2013,,,,,
Other Asia Pacific (EI),2014,,,,,
Other Asia Pacific (EI),2015,,,,,
Other Asia Pacific (EI),2016,,,,,
Other Asia Pacific (EI),2017,,,,,
Other Asia Pacific (EI),2018,,,,,
Other Asia Pacific (EI),2019,,,,,
Other Asia Pacific (EI),2020,,,,,
Other Asia Pacific (EI),2021,,,,,
Other Asia Pacific (EI),2022,,,,,
Other Asia Pacific (EI),2023,,,,,
Other Asia Pacific (EI),2024,,,,,
Other Asia-Pacific (EIA),1980,,,,,
Other Asia-Pacific (EIA),1981,,,,,
Other Asia-Pacific (EIA),1982,,,,,
Other Asia-Pacific (EIA),1983,,,,,
Other Asia-Pacific (EIA),1984,,,,,
Other Asia-Pacific (EIA),1985,,,,,
Other Asia-Pacific (EIA),1986,,,,,
Other Asia-Pacific (EIA),1987,,,,,
Other Asia-Pacific (EIA),1988,,,,,
Other Asia-Pacific (EIA),1989,,,,,
Other Asia-Pacific (EIA),1990,,,,,
Other Asia-Pacific (EIA),1991,,,,,
Other Asia-Pacific (EIA),1992,,,,,
Other Asia-Pacific (EIA),1993,,,,,
Other Asia-Pacific (EIA),1994,,,,,
Other Asia-Pacific (EIA),1995,,,,,
Other Asia-Pacific (EIA),1996,,,,,
Other Asia-Pacific (EIA),1997,,,,,
Other Asia-Pacific (EIA),1998,,,,,
Other Asia-Pacific (EIA),1999,,,,,
Other Asia-Pacific (EIA),2000,,,,,
Other Asia-Pacific (EIA),2001,,,,,
Other Asia-Pacific (EIA),2002,,,,,
Other Asia-Pacific (EIA),2003,,,,,
Other Asia-Pacific (EIA),2004,,,,,
Other Asia-Pacific (EIA),2005,,,,,
Other Asia-Pacific (EIA),2006,,,,,
Other Asia-Pacific (EIA),2007,,,,,
Other Asia-Pacific (EIA),2008,,,,,
Other Asia-Pacific (EIA),2009,,,,,
Other Asia-Pacific (EIA),2010,,,,,
Other Asia-Pacific (EIA),2011,,,,,
Other Asia-Pacific (EIA),2012,,,,,
Other Asia-Pacific (EIA),2013,,,,,
Other Asia-Pacific (EIA),2014,,,,,
Other Asia-Pacific (EIA),2015,,,,,
Other Asia-Pacific (EIA),2016,,,,,
Other Asia-Pacific (EIA),2017,,,,,
Other Asia-Pacific (EIA),2018,,,,,
Other Asia-Pacific (EIA),2019,,,,,
Other Asia-Pacific (EIA),2020,,,,,
Other Asia-Pacific (EIA),2021,,,,,
Other Asia-Pacific (EIA),2022,,,,,
Other Asia-Pacific (EIA),2023,,,,,
Other CIS (EI),1965,,,,,
Other CIS (EI),1966,,,,,
Other CIS (EI),1967,,,,,
Other CIS (EI),1968,,,,,
Other CIS (EI),1969,,,,,
Other CIS (EI),1970,,,,,
Other CIS (EI),1971,,,,,
Other CIS (EI),1972,,,,,
Other CIS (EI),1973,,,,,
Other CIS (EI),1974,,,,,
Other CIS (EI),1975,,,,,
Other CIS (EI),1976,,,,,
Other CIS (EI),1977,,,,,
Other CIS (EI),1978,,,,,
Other CIS (EI),1979,,,,,
Other CIS (EI),1980,,,,,
Other CIS (EI),1981,,,,,
Other CIS (EI),1982,,,,,
Other CIS (EI),1983,,,,,
Other CIS (EI),1984,,,,,
Other CIS (EI),1985,,,,,
Other CIS (EI),1986,,,,,
Other CIS (EI),1987,,,,,
Other CIS (EI),1988,,,,,
Other CIS (EI),1989,,,,,
Other CIS (EI),1990,,,,,
Other CIS (EI),1991,,,,,
Other CIS (EI),1992,,,,,
Other CIS (EI),1993,,,,,
Other CIS (EI),1994,,,,,
Other CIS (EI),1995,,,,,
Other CIS (EI),1996,,,,,
Other CIS (EI),1997,,,,,
Other CIS (EI),1998,,,,,
Other CIS (EI),1999,,,,,
Other CIS (EI),2000,,,,,
Other CIS (EI),2001,,,,,
Other CIS (EI),2002,,,,,
Other CIS (EI),2003,,,,,
Other CIS (EI),2004,,,,,
Other CIS (EI),2005,,,,,
Other CIS (EI),2006,,,,,
Other CIS (EI),2007,,,,,
Other CIS (EI),2008,,,,,
Other CIS (EI),2009,,,,,
Other CIS (EI),2010,,,,,
Other CIS (EI),2011,,,,,
Other CIS (EI),2012,,,,,
Other CIS (EI),2013,,,,,
Other CIS (EI),2014,,,,,
Other CIS (EI),2015,,,,,
Other CIS (EI),2016,,,,,
Other CIS (EI),2017,,,,,
Other CIS (EI),2018,,,,,
Other CIS (EI),2019,,,,,
Other CIS (EI),2020,,,,,
Other CIS (EI),2021,,,,,
Other CIS (EI),2022,,,,,
Other CIS (EI),2023,,,,,
Other CIS (EI),2024,,,,,
Other Caribbean (EI),1965,,,,,
Other Caribbean (EI),1966,,,,,
Other Caribbean (EI),1967,,,,,
Other Caribbean (EI),1968,,,,,
Other Caribbean (EI),1969,,,,,
Other Caribbean (EI),1970,,,,,
Other Caribbean (EI),1971,,,,,
Other Caribbean (EI),1972,,,,,
Other Caribbean (EI),1973,,,,,
Other Caribbean (EI),1974,,,,,
Other Caribbean (EI),1975,,,,,
Other Caribbean (EI),1976,,,,,
Other Caribbean (EI),1977,,,,,
Other Caribbean (EI),1978,,,,,
Other Caribbean (EI),1979,,,,,
Other Caribbean (EI),1980,,,,,
Other Caribbean (EI),1981,,,,,
Other Caribbean (EI),1982,,,,,
Other Caribbean (EI),1983,,,,,
Other Caribbean (EI),1984,,,,,
Other Caribbean (EI),1985,,,,,
Other Caribbean (EI),1986,,,,,
Other Caribbean (EI),1987,,,,,
Other Caribbean (EI),1988,,,,,
Other Caribbean (EI),1989,,,,,
Other Caribbean (EI),1990,,,,,
Other Caribbean (EI),1991,,,,,
Other Caribbean (EI),1992,,,,,
Other Caribbean (EI),1993,,,,,
Other Caribbean (EI),1994,,,,,
Other Caribbean (EI),1995,,,,,
Other Caribbean (EI),1996,,,,,
Other Caribbean (EI),1997,,,,,
Other Caribbean (EI),1998,,,,,
Other Caribbean (EI),1999,,,,,
Other Caribbean (EI),2000,,,,,
Other Caribbean (EI),2001,,,,,
Other Caribbean (EI),2002,,,,,
Other Caribbean (EI),2003,,,,,
Other Caribbean (EI),2004,,,,,
Other Caribbean (EI),2005,,,,,
Other Caribbean (EI),2006,,,,,
Other Caribbean (EI),2007,,,,,
Other Caribbean (EI),2008,,,,,
Other Caribbean (EI),2009,,,,,
Other Caribbean (EI),2010,,,,,
Other Caribbean (EI),2011,,,,,
Other Caribbean (EI),2012,,,,,
Other Caribbean (EI),2013,,,,,
Other Caribbean (EI),2014,,,,,
Other Caribbean (EI),2015,,,,,
Other Caribbean (EI),2016,,,,,
Other Caribbean (EI),2017,,,,,
Other Caribbean (EI),2018,,,,,
Other Caribbean (EI),2019,,,,,
Other Caribbean (EI),2020,,,,,
Other Caribbean (EI),2021,,,,,
Other Caribbean (EI),2022,,,,,
Other Caribbean (EI),2023,,,,,
Other Caribbean (EI),2024,,,,,
Other Eastern Africa (EI),1981,,,,,
Other Eastern Africa (EI),1982,,,,,
Other Eastern Africa (EI),1983,,,,,
Other Eastern Africa (EI),1984,,,,,
Other Eastern Africa (EI),1985,,,,,
Other Eastern Africa (EI),1986,,,,,
Other Eastern Africa (EI),1987,,,,,
Other Eastern Africa (EI),1988,,,,,
Other Eastern Africa (EI),1989,,,,,
Other Eastern Africa (EI),1990,,,,,
Other Eastern Africa (EI),1991,,,,,
Other Eastern Africa (EI),1992,,,,,
Other Eastern Africa (EI),1993,,,,,
Other Eastern Africa (EI),1994,,,,,
Other Eastern Africa (EI),1995,,,,,
Other Eastern Africa (EI),1996,,,,,
Other Eastern Africa (EI),1997,,,,,
Other Eastern Africa (EI),1998,,,,,
Other Eastern Africa (EI),1999,,,,,
Other Eastern Africa (EI),2000,,,,,
Other Eastern Africa (EI),2001,,,,,
Other Eastern Africa (EI),2002,,,,,
Other Eastern Africa (EI),2003,,,,,
Other Eastern Africa (EI),2004,,,,,
Other Eastern Africa (EI),2005,,,,,
Other Eastern Africa (EI),2006,,,,,
Other Eastern Africa (EI),2007,,,,,
Other Eastern Africa (EI),2008,,,,,
Other Eastern Africa (EI),2009,,,,,
Other Eastern Africa (EI),2010,,,,,
Other Eastern Africa (EI),2011,,,,,
Other Eastern Africa (EI),2012,,,,,
Other Eastern Africa (EI),2013,,,,,
Other Eastern Africa (EI),2014,,,,,
Other Eastern Africa (EI),2015,,,,,
Other Eastern Africa (EI),2016,,,,,
Other Eastern Africa (EI),2017,,,,,
Other Eastern Africa (EI),2018,,,,,
Other Eastern Africa (EI),2019,,,,,
Other Eastern Africa (EI),2020,,,,,
Other Eastern Africa (EI),2021,,,,,
Other Eastern Africa (EI),2022,,,,,
Other Eastern Africa (EI),2023,,,,,
Other Eastern Africa (EI),2024,,,,,
Other Europe (EI),1965,,,,,
Other Europe (EI),1966,,,,,
Other Europe (EI),1967,,,,,
Other Europe (EI),1968,,,,,
Other Europe (EI),1969,,,,,
Other Europe (EI),1970,,,,,
Other Europe (EI),1971,,,,,
Other Europe (EI),1972,,,,,
Other Europe (EI),1973,,,,,
Other Europe (EI),1974,,,,,
Other Europe (EI),1975,,,,,
Other Europe (EI),1976,,,,,
Other Europe (EI),1977,,,,,
Other Europe (EI),1978,,,,,
Other Europe (EI),1979,,,,,
Other Europe (EI),1980,,,,,
Other Europe (EI),1981,,,,,
Other Europe (EI),1982,,,,,
Other Europe (EI),1983,,,,,
Other Europe (EI),1984,,,,,
Other Europe (EI),1985,,,,,
Other Europe (EI),1986,,,,,
Other Europe (EI),1987,,,,,
Other Europe (EI),1988,,,,,
Other Europe (EI),1989,,,,,
Other Europe (EI),1990,,,,,
Other Europe (EI),1991,,,,,
Other Europe (EI),1992,,,,,
Other Europe (EI),1993,,,,,
Other Europe (EI),1994,,,,,
Other Europe (EI),1995,,,,,
Other Europe (EI),1996,,,,,
Other Europe (EI),1997,,,,,
Other Europe (EI),1998,,,,,
Other Europe (EI),1999,,,,,
Other Europe (EI),2000,,,,,
Other Europe (EI),2001,,,,,
Other Europe (EI),2002,,,,,
Other Europe (EI),2003,,,,,
Other Europe (EI),2004,,,,,
Other Europe (EI),2005,,,,,
Other Europe (EI),2006,,,,,
Other Europe (EI),2007,,,,,
Other Europe (EI),2008,,,,,
Other Europe (EI),2009,,,,,
Other Europe (EI),2010,,,,,
Other Europe (EI),2011,,,,,
Other Europe (EI),2012,,,,,
Other Europe (EI),2013,,,,,
Other Europe (EI),2014,,,,,
Other Europe (EI),2015,,,,,
Other Europe (EI),2016,,,,,
Other Europe (EI),2017,,,,,
Other Europe (EI),2018,,,,,
Other Europe (EI),2019,,,,,
Other Europe (EI),2020,,,,,
Other Europe (EI),2021,,,,,
Other Europe (EI),2022,,,,,
Other Europe (EI),2023,,,,,
Other Europe (EI),2024,,,,,
Other Middle Africa (EI),1976,,,,,
Other Middle Africa (EI),1977,,,,,
Other Middle Africa (EI),1978,,,,,
Other Middle Africa (EI),1979,,,,,
Other Middle Africa (EI),1980,,,,,
Other Middle Africa (EI),1981,,,,,
Other Middle Africa (EI),1982,,,,,
Other Middle Africa (EI),1983,,,,,
Other Middle Africa (EI),1984,,,,,
Other Middle Africa (EI),1985,,,,,
Other Middle Africa (EI),1986,,,,,
Other Middle Africa (EI),1987,,,,,
Other Middle Africa (EI),1988,,,,,
Other Middle Africa (EI),1989,,,,,
Other Middle Africa (EI),1990,,,,,
Other Middle Africa (EI),1991,,,,,
Other Middle Africa (EI),1992,,,,,
Other Middle Africa (EI),1993,,,,,
Other Middle Africa (EI),1994,,,,,
Other Middle Africa (EI),1995,,,,,
Other Middle Africa (EI),1996,,,,,
Other Middle Africa (EI),1997,,,,,
Other Middle Africa (EI),1998,,,,,
Other Middle Africa (EI),1999,,,,,
Other Middle Africa (EI),2000,,,,,
Other Middle Africa (EI),2001,,,,,
Other Middle Africa (EI),2002,,,,,
Other Middle Africa (EI),2003,,,,,
Other Middle Africa (EI),2004,,,,,
Other Middle Africa (EI),2005,,,,,
Other Middle Africa (EI),2006,,,,,
Other Middle Africa (EI),2007,,,,,
Other Middle Africa (EI),2008,,,,,
Other Middle Africa (EI),2009,,,,,
Other Middle Africa (EI),2010,,,,,
Other Middle Africa (EI),2011,,,,,
Other Middle Africa (EI),2012,,,,,
Other Middle Africa (EI),2013,,,,,
Other Middle Africa (EI),2014,,,,,
Other Middle Africa (EI),2015,,,,,
Other Middle Africa (EI),2016,,,,,
Other Middle Africa (EI),2017,,,,,
Other Middle Africa (EI),2018,,,,,
Other Middle Africa (EI),2019,,,,,
Other Middle Africa (EI),2020,,,,,
Other Middle Africa (EI),2021,,,,,
Other Middle Africa (EI),2022,,,,,
Other Middle Africa (EI),2023,,,,,
Other Middle Africa (EI),2024,,,,,
Other Middle East (EI),1965,,,,,
Other Middle East (EI),1966,,,,,
Other Middle East (EI),1967,,,,,
Other Middle East (EI),1968,,,,,
Other Middle East (EI),1969,,,,,
Other Middle East (EI),1970,,,,,
Other Middle East (EI),1971,,,,,
Other Middle East (EI),1972,,,,,
Other Middle East (EI),1973,,,,,
Other Middle East (EI),1974,,,,,
Other Middle East (EI),1975,,,,,
Other Middle East (EI),1976,,,,,
Other Middle East (EI),1977,,,,,
Other Middle East (EI),1978,,,,,
Other Middle East (EI),1979,,,,,
Other Middle East (EI),1980,,,,,
Other Middle East (EI),1981,,,,,
Other Middle East (EI),1982,,,,,
Other Middle East (EI),1983,,,,,
Other Middle East (EI),1984,,,,,
Other Middle East (EI),1985,,,,,
Other Middle East (EI),1986,,,,,
Other Middle East (EI),1987,,,,,
Other Middle East (EI),1988,,,,,
Other Middle East (EI),1989,,,,,
Other Middle East (EI),1990,,,,,
Other Middle East (EI),1991,,,,,
Other Middle East (EI),1992,,,,,
Other Middle East (EI),1993,,,,,
Other Middle East (EI),1994,,,,,
Other Middle East (EI),1995,,,,,
Other Middle East (EI),1996,,,,,
Other Middle East (EI),1997,,,,,
Other Middle East (EI),1998,,,,,
Other Middle East (EI),1999,,,,,
Other Middle East (EI),2000,,,,,
Other Middle East (EI),2001,,,,,
Other Middle East (EI),2002,,,,,
Other Middle East (EI),2003,,,,,
Other Middle East (EI),2004,,,,,
Other Middle East (EI),2005,,,,,
Other Middle East (EI),2006,,,,,
Other Middle East (EI),2007,,,,,
Other Middle East (EI),2008,,,,,
Other Middle East (EI),2009,,,,,
Other Middle East (EI),2010,,,,,
Other Middle East (EI),2011,,,,,
Other Middle East (EI),2012,,,,,
Other Middle East (EI),2013,,,,,
Other Middle East (EI),2014,,,,,
Other Middle East (EI),2015,,,,,
Other Middle East (EI),2016,,,,,
Other Middle East (EI),2017,,,,,
Other Middle East (EI),2018,,,,,
Other Middle East (EI),2019,,,,,
Other Middle East (EI),2020,,,,,
Other Middle East (EI),2021,,,,,
Other Middle East (EI),2022,,,,,
Other Middle East (EI),2023,,,,,
Other Middle East (EI),2024,,,,,
Other North America (EI),1990,,,,,
Other North America (EI),1991,,,,,
Other North America (EI),1992,,,,,
Other North America (EI),1993,,,,,
Other North America (EI),1994,,,,,
Other North America (EI),1995,,,,,
Other North America (EI),1996,,,,,
Other North America (EI),1997,,,,,
Other North America (EI),1998,,,,,
Other North America (EI),1999,,,,,
Other North America (EI),2000,,,,,
Other North America (EI),2001,,,,,
Other North America (EI),2002,,,,,
Other North America (EI),2003,,,,,
Other North America (EI),2004,,,,,
Other North America (EI),2005,,,,,
Other North America (EI),2006,,,,,
Other North America (EI),2007,,,,,
Other North America (EI),2008,,,,,
Other North America (EI),2009,,,,,
Other North America (EI),2010,,,,,
Other North America (EI),2011,,,,,
Other North America (EI),2012,,,,,
Other North America (EI),2013,,,,,
Other North America (EI),2014,,,,,
Other North America (EI),2015,,,,,
Other North America (EI),2016,,,,,
Other North America (EI),2017,,,,,
Other North America (EI),2018,,,,,
Other North America (EI),2019,,,,,
Other North America (EI),2020,,,,,
Other North America (EI),2021,,,,,
Other North America (EI),2022,,,,,
Other North America (EI),2023,,,,,
Other North America (EI),2024,,,,,
Other Northern Africa (EI),1965,,,,,
Other Northern Africa (EI),1966,,,,,
Other Northern Africa (EI),1967,,,,,
Other Northern Africa (EI),1968,,,,,
Other Northern Africa (EI),1969,,,,,
Other Northern Africa (EI),1970,,,,,
Other Northern Africa (EI),1971,,,,,
Other Northern Africa (EI),1972,,,,,
Other Northern Africa (EI),1973,,,,,
Other Northern Africa (EI),1974,,,,,
Other Northern Africa (EI),1975,,,,,
Other Northern Africa (EI),1976,,,,,
Other Northern Africa (EI),1977,,,,,
Other Northern Africa (EI),1978,,,,,
Other Northern Africa (EI),1979,,,,,
Other Northern Africa (EI),1980,,,,,
Other Northern Africa (EI),1981,,,,,
Other Northern Africa (EI),1982,,,,,
Other Northern Africa (EI),1983,,,,,
Other Northern Africa (EI),1984,,,,,
Other Northern Africa (EI),1985,,,,,
Other Northern Africa (EI),1986,,,,,
Other Northern Africa (EI),1987,,,,,
Other Northern Africa (EI),1988,,,,,
Other Northern Africa (EI),1989,,,,,
Other Northern Africa (EI),1990,,,,,
Other Northern Africa (EI),1991,,,,,
Other Northern Africa (EI),1992,,,,,
Other Northern Africa (EI),1993,,,,,
Other Northern Africa (EI),1994,,,,,
Other Northern Africa (EI),1995,,,,,
Other Northern Africa (EI),1996,,,,,
Other Northern Africa (EI),1997,,,,,
Other Northern Africa (EI),1998,,,,,
Other Northern Africa (EI),1999,,,,,
Other Northern Africa (EI),2000,,,,,
Other Northern Africa (EI),2001,,,,,
Other Northern Africa (EI),2002,,,,,
Other Northern Africa (EI),2003,,,,,
Other Northern Africa (EI),2004,,,,,
Other Northern Africa (EI),2005,,,,,
Other Northern Africa (EI),2006,,,,,
Other Northern Africa (EI),2007,,,,,
Other Northern Africa (EI),2008,,,,,
Other Northern Africa (EI),2009,,,,,
Other Northern Africa (EI),2010,,,,,
Other Northern Africa (EI),2011,,,,,
Other Northern Africa (EI),2012,,,,,
Other Northern Africa (EI),2013,,,,,
Other Northern Africa (EI),2014,,,,,
Other Northern Africa (EI),2015,,,,,
Other Northern Africa (EI),2016,,,,,
Other Northern Africa (EI),2017,,,,,
Other Northern Africa (EI),2018,,,,,
Other Northern Africa (EI),2019,,,,,
Other Northern Africa (EI),2020,,,,,
Other Northern Africa (EI),2021,,,,,
Other Northern Africa (EI),2022,,,,,
Other Northern Africa (EI),2023,,,,,
Other Northern Africa (EI),2024,,,,,
Other South America (EI),1965,,,,,
Other South America (EI),1966,,,,,
Other South America (EI),1967,,,,,
Other South America (EI),1968,,,,,
Other South America (EI),1969,,,,,
Other South America (EI),1970,,,,,
Other South America (EI),1971,,,,,
Other South America (EI),1972,,,,,
Other South America (EI),1973,,,,,
Other South America (EI),1974,,,,,
Other South America (EI),1975,,,,,
Other South America (EI),1976,,,,,
Other South America (EI),1977,,,,,
Other South America (EI),1978,,,,,
Other South America (EI),1979,,,,,
Other South America (EI),1980,,,,,
Other South America (EI),1981,,,,,
Other South America (EI),1982,,,,,
Other South America (EI),1983,,,,,
Other South America (EI),1984,,,,,
Other South America (EI),1985,,,,,
Other South America (EI),1986,,,,,
Other South America (EI),1987,,,,,
Other South America (EI),1988,,,,,
Other South America (EI),1989,,,,,
Other South America (EI),1990,,,,,
Other South America (EI),1991,,,,,
Other South America (EI),1992,,,,,
Other South America (EI),1993,,,,,
Other South America (EI),1994,,,,,
Other South America (EI),1995,,,,,
Other South America (EI),1996,,,,,
Other South America (EI),1997,,,,,
Other South America (EI),1998,,,,,
Other South America (EI),1999,,,,,
Other South America (EI),2000,,,,,
Other South America (EI),2001,,,,,
Other South America (EI),2002,,,,,
Other South America (EI),2003,,,,,
Other South America (EI),2004,,,,,
Other South America (EI),2005,,,,,
Other South America (EI),2006,,,,,
Other South America (EI),2007,,,,,
Other South America (EI),2008,,,,,
Other South America (EI),2009,,,,,
Other South America (EI),2010,,,,,
Other South America (EI),2011,,,,,
Other South America (EI),2012,,,,,
Other South America (EI),2013,,,,,
Other South America (EI),2014,,,,,
Other South America (EI),2015,,,,,
Other South America (EI),2016,,,,,
Other South America (EI),2017,,,,,
Other South America (EI),2018,,,,,
Other South America (EI),2019,,,,,
Other South America (EI),2020,,,,,
Other South America (EI),2021,,,,,
Other South America (EI),2022,,,,,
Other South America (EI),2023,,,,,
Other South America (EI),2024,,,,,
Other South and Central America (EI),1965,,,,,
Other South and Central America (EI),1966,,,,,
Other South and Central America (EI),1967,,,,,
Other South and Central America (EI),1968,,,,,
Other South and Central America (EI),1969,,,,,
Other South and Central America (EI),1970,,,,,
Other South and Central America (EI),1971,,,,,
Other South and Central America (EI),1972,,,,,
Other South and Central America (EI),1973,,,,,
Other South and Central America (EI),1974,,,,,
Other South and Central America (EI),1975,,,,,
Other South and Central America (EI),1976,,,,,
Other South and Central America (EI),1977,,,,,
Other South and Central America (EI),1978,,,,,
Other South and Central America (EI),1979,,,,,
Other South and Central America (EI),1980,,,,,
Other South and Central America (EI),1981,,,,,
Other South and Central America (EI),1982,,,,,
Other South and Central America (EI),1983,,,,,
Other South and Central America (EI),1984,,,,,
Other South and Central America (EI),1985,,,,,
Other South and Central America (EI),1986,,,,,
Other South and Central America (EI),1987,,,,,
Other South and Central America (EI),1988,,,,,
Other South and Central America (EI),1989,,,,,
Other South and Central America (EI),1990,,,,,
Other South and Central America (EI),1991,,,,,
Other South and Central America (EI),1992,,,,,
Other South and Central America (EI),1993,,,,,
Other South and Central America (EI),1994,,,,,
Other South and Central America (EI),1995,,,,,
Other South and Central America (EI),1996,,,,,
Other South and Central America (EI),1997,,,,,
Other South and Central America (EI),1998,,,,,
Other South and Central America (EI),1999,,,,,
Other South and Central America (EI),2000,,,,,
Other South and Central America (EI),2001,,,,,
Other South and Central America (EI),2002,,,,,
Other South and Central America (EI),2003,,,,,
Other South and Central America (EI),2004,,,,,
Other South and Central America (EI),2005,,,,,
Other South and Central America (EI),2006,,,,,
Other South and Central America (EI),2007,,,,,
Other South and Central America (EI),2008,,,,,
Other South and Central America (EI),2009,,,,,
Other South and Central America (EI),2010,,,,,
Other South and Central America (EI),2011,,,,,
Other South and Central America (EI),2012,,,,,
Other South and Central America (EI),2013,,,,,
Other South and Central America (EI),2014,,,,,
Other South and Central America (EI),2015,,,,,
Other South and Central America (EI),2016,,,,,
Other South and Central America (EI),2017,,,,,
Other South and Central America (EI),2018,,,,,
Other South and Central America (EI),2019,,,,,
Other South and Central America (EI),2020,,,,,
Other South and Central America (EI),2021,,,,,
Other South and Central America (EI),2022,,,,,
Other South and Central America (EI),2023,,,,,
Other South and Central America (EI),2024,,,,,
Other Southern Africa (EI),1965,,,,,
Other Southern Africa (EI),1966,,,,,
Other Southern Africa (EI),1967,,,,,
Other Southern Africa (EI),1968,,,,,
Other Southern Africa (EI),1969,,,,,
Other Southern Africa (EI),1970,,,,,
Other Southern Africa (EI),1971,,,,,
Other Southern Africa (EI),1972,,,,,
Other Southern Africa (EI),1973,,,,,
Other Southern Africa (EI),1974,,,,,
Other Southern Africa (EI),1975,,,,,
Other Southern Africa (EI),1976,,,,,
Other Southern Africa (EI),1977,,,,,
Other Southern Africa (EI),1978,,,,,
Other Southern Africa (EI),1979,,,,,
Other Southern Africa (EI),1980,,,,,
Other Southern Africa (EI),1981,,,,,
Other Southern Africa (EI),1982,,,,,
Other Southern Africa (EI),1983,,,,,
Other Southern Africa (EI),1984,,,,,
Other Southern Africa (EI),1985,,,,,
Other Southern Africa (EI),1986,,,,,
Other Southern Africa (EI),1987,,,,,
Other Southern Africa (EI),1988,,,,,
Other Southern Africa (EI),1989,,,,,
Other Southern Africa (EI),1990,,,,,
Other Southern Africa (EI),1991,,,,,
Other Southern Africa (EI),1992,,,,,
Other Southern Africa (EI),1993,,,,,
Other Southern Africa (EI),1994,,,,,
Other Southern Africa (EI),1995,,,,,
Other Southern Africa (EI),1996,,,,,
Other Southern Africa (EI),1997,,,,,
Other Southern Africa (EI),1998,,,,,
Other Southern Africa (EI),1999,,,,,
Other Southern Africa (EI),2000,,,,,
Other Southern Africa (EI),2001,,,,,
Other Southern Africa (EI),2002,,,,,
Other Southern Africa (EI),2003,,,,,
Other Southern Africa (EI),2004,,,,,
Other Southern Africa (EI),2005,,,,,
Other Southern Africa (EI),2006,,,,,
Other Southern Africa (EI),2007,,,,,
Other Southern Africa (EI),2008,,,,,
Other Southern Africa (EI),2009,,,,,
Other Southern Africa (EI),2010,,,,,
Other Southern Africa (EI),2011,,,,,
Other Southern Africa (EI),2012,,,,,
Other Southern Africa (EI),2013,,,,,
Other Southern Africa (EI),2014,,,,,
Other Southern Africa (EI),2015,,,,,
Other Southern Africa (EI),2016,,,,,
Other Southern Africa (EI),2017,,,,,
Other Southern Africa (EI),2018,,,,,
Other Southern Africa (EI),2019,,,,,
Other Southern Africa (EI),2020,,,,,
Other Southern Africa (EI),2021,,,,,
Other Southern Africa (EI),2022,,,,,
Other Southern Africa (EI),2023,,,,,
Other Southern Africa (EI),2024,,,,,
Other Western Africa (EI),1965,,,,,
Other Western Africa (EI),1966,,,,,
Other Western Africa (EI),1967,,,,,
Other Western Africa (EI),1968,,,,,
Other Western Africa (EI),1969,,,,,
Other Western Africa (EI),1970,,,,,
Other Western Africa (EI),1971,,,,,
Other Western Africa (EI),1972,,,,,
Other Western Africa (EI),1973,,,,,
Other Western Africa (EI),1974,,,,,
Other Western Africa (EI),1975,,,,,
Other Western Africa (EI),1976,,,,,
Other Western Africa (EI),1977,,,,,
Other Western Africa (EI),1978,,,,,
Other Western Africa (EI),1979,,,,,
Other Western Africa (EI),1980,,,,,
Other Western Africa (EI),1981,,,,,
Other Western Africa (EI),1982,,,,,
Other Western Africa (EI),1983,,,,,
Other Western Africa (EI),1984,,,,,
Other Western Africa (EI),1985,,,,,
Other Western Africa (EI),1986,,,,,
Other Western Africa (EI),1987,,,,,
Other Western Africa (EI),1988,,,,,
Other Western Africa (EI),1989,,,,,
Other Western Africa (EI),1990,,,,,
Other Western Africa (EI),1991,,,,,
Other Western Africa (EI),1992,,,,,
Other Western Africa (EI),1993,,,,,
Other Western Africa (EI),1994,,,,,
Other Western Africa (EI),1995,,,,,
Other Western Africa (EI),1996,,,,,
Other Western Africa (EI),1997,,,,,
Other Western Africa (EI),1998,,,,,
Other Western Africa (EI),1999,,,,,
Other Western Africa (EI),2000,,,,,
Other Western Africa (EI),2001,,,,,
Other Western Africa (EI),2002,,,,,
Other Western Africa (EI),2003,,,,,
Other Western Africa (EI),2004,,,,,
Other Western Africa (EI),2005,,,,,
Other Western Africa (EI),2006,,,,,
Other Western Africa (EI),2007,,,,,
Other Western Africa (EI),2008,,,,,
Other Western Africa (EI),2009,,,,,
Other Western Africa (EI),2010,,,,,
Other Western Africa (EI),2011,,,,,
Other Western Africa (EI),2012,,,,,
Other Western Africa (EI),2013,,,,,
Other Western Africa (EI),2014,,,,,
Other Western Africa (EI),2015,,,,,
Other Western Africa (EI),2016,,,,,
Other Western Africa (EI),2017,,,,,
Other Western Africa (EI),2018,,,,,
Other Western Africa (EI),2019,,,,,
Other Western Africa (EI),2020,,,,,
Other Western Africa (EI),2021,,,,,
Other Western Africa (EI),2022,,,,,
Other Western Africa (EI),2023,,,,,
Other Western Africa (EI),2024,,,,,
Pakistan,1900,PAK,18263133,,,
Pakistan,1901,PAK,18349144,,,
Pakistan,1902,PAK,18435550,,,
Pakistan,1903,PAK,18522352,,,
Pakistan,1904,PAK,18609553,,,
Pakistan,1905,PAK,18697153,,,
Pakistan,1906,PAK,18785155,,,
Pakistan,1907,PAK,18873561,,,
Pakistan,1908,PAK,18962372,,,
Pakistan,1909,PAK,19081237,,,
Pakistan,1910,PAK,19230643,,,
Pakistan,1911,PAK,19411085,,,
Pakistan,1912,PAK,19623063,,,
Pakistan,1913,PAK,19867085,,,
Pakistan,1914,PAK,20114130,,,
Pakistan,1915,PAK,20364235,,,
Pakistan,1916,PAK,20617438,,,
Pakistan,1917,PAK,20873778,,,
Pakistan,1918,PAK,21149350,,,
Pakistan,1919,PAK,21451234,,,
Pakistan,1920,PAK,21780196,,,
Pakistan,1921,PAK,22137018,,,
Pakistan,1922,PAK,22522501,,,
Pakistan,1923,PAK,22937465,,,
Pakistan,1924,PAK,23360074,,,
Pakistan,1925,PAK,23790470,,,
Pakistan,1926,PAK,24228796,,,
Pakistan,1927,PAK,24675197,,,
Pakistan,1928,PAK,25129824,,,
Pakistan,1929,PAK,25592826,,,
Pakistan,1930,PAK,26064359,,,
Pakistan,1931,PAK,26544580,,,
Pakistan,1932,PAK,27033648,,,
Pakistan,1933,PAK,27531728,,,
Pakistan,1934,PAK,28038984,,,
Pakistan,1935,PAK,28555586,,,
Pakistan,1936,PAK,29081706,,,
Pakistan,1937,PAK,29617520,,,
Pakistan,1938,PAK,30163206,,,
Pakistan,1939,PAK,30718945,,,
Pakistan,1940,PAK,31284924,,,
Pakistan,1941,PAK,31861331,,,
Pakistan,1942,PAK,32448357,,,
Pakistan,1943,PAK,33046199,,,
Pakistan,1944,PAK,33655057,,,
Pakistan,1945,PAK,34275132,,,
Pakistan,1946,PAK,34906631,,,
Pakistan,1947,PAK,35549766,,,
Pakistan,1948,PAK,36204749,,,
Pakistan,1949,PAK,36919488,,,
Pakistan,1950,PAK,35849256,,,
Pakistan,1951,PAK,36581906,,,
Pakistan,1952,PAK,37377005,,,
Pakistan,1953,PAK,38229661,,,
Pakistan,1954,PAK,39137072,,,
Pakistan,1955,PAK,40098068,,,
Pakistan,1956,PAK,41113927,,,
Pakistan,1957,PAK,42185142,,,
Pakistan,1958,PAK,43312058,,,
Pakistan,1959,PAK,44495164,,,
Pakistan,1960,PAK,45709314,,,
Pakistan,1961,PAK,46921277,,,
Pakistan,1962,PAK,48156130,,,
Pakistan,1963,PAK,49447780,,,
Pakistan,1964,PAK,50799995,,,
Pakistan,1965,PAK,52209015,,1574.909,
Pakistan,1966,PAK,53678671,,1543.271,
Pakistan,1967,PAK,55214772,,1661.142,
Pakistan,1968,PAK,56810512,,1832.954,
Pakistan,1969,PAK,58460945,,1789.772,
Pakistan,1970,PAK,60166721,,1711.104,
Pakistan,1971,PAK,61847896,,1576.526,
Pakistan,1972,PAK,63583192,,1408.034,
Pakistan,1973,PAK,65461912,,1461.248,
Pakistan,1974,PAK,67415487,,1537.107,
Pakistan,1975,PAK,69461179,,1566.047,
Pakistan,1976,PAK,71620249,,1542.381,
Pakistan,1977,PAK,73901831,,1617.702,
Pakistan,1978,PAK,76307381,,1677.538,
Pakistan,1979,PAK,78997040,,1766.448,
Pakistan,1980,PAK,82291008,,1880.505,
Pakistan,1981,PAK,85802048,,1939.104,
Pakistan,1982,PAK,89089247,,2059.63,
Pakistan,1983,PAK,92227711,,2126.83,
Pakistan,1984,PAK,95164940,,2181.371,
Pakistan,1985,PAK,98229291,,2220.965,
Pakistan,1986,PAK,101606770,,2275.831,
Pakistan,1987,PAK,105130710,,2467.277,
Pakistan,1988,PAK,108724740,,2534.482,
Pakistan,1989,PAK,112336634,,2601.51,
Pakistan,1990,PAK,116155584,,2630.075,
Pakistan,1991,PAK,120060409,,2696.148,
Pakistan,1992,PAK,123546855,,2752.224,
Pakistan,1993,PAK,127020117,,2962.63,
Pakistan,1994,PAK,130748076,,2978.108,
Pakistan,1995,PAK,134582255,,3051.513,
Pakistan,1996,PAK,138557089,,3157.013,
Pakistan,1997,PAK,142531801,,2966.948,
Pakistan,1998,PAK,146522354,,3097.472,
Pakistan,1999,PAK,150565381,,3146.288,
Pakistan,2000,PAK,154879124,0,3123.431,21.78
Pakistan,2001,PAK,159270910,0,3108.855,24.85
Pakistan,2002,PAK,163222552,0,3149.744,27.01
Pakistan,2003,PAK,167110250,1.2,3316.559,39.21
Pakistan,2004,PAK,171285999,1.2,3613.283,43.47
Pakistan,2005,PAK,175453212,1,3655.326,41.29
Pakistan,2006,PAK,179682690,1.06,3782.373,35.81
Pakistan,2007,PAK,184493231,1.25,3886.621,32.92
Pakistan,2008,PAK,189499112,1.28,3792.511,29.68
Pakistan,2009,PAK,194376535,1,3834.629,28.08
Pakistan,2010,PAK,199239048,0.99,3761.661,25.88
Pakistan,2011,PAK,203746069,1.11,3697.388,27.65
Pakistan,2012,PAK,207667129,1.17,3379.42,27.12
Pakistan,2013,PAK,211073979,1.35,3673.495,26.67
Pakistan,2014,PAK,214264649,1.92,3669.797,28.35
Pakistan,2015,PAK,217290884,2.15,3816.599,35
Pakistan,2016,PAK,220138863,1.66,4090.315,41.43
Pakistan,2017,PAK,223273974,1.7,4263.787,49.2
Pakistan,2018,PAK,226928893,1.71,4263.363,57.44
Pakistan,2019,PAK,230800908,1.71,4218.508,46.02
Pakistan,2020,PAK,235001745,1.75,4083.671,49.47
Pakistan,2021,PAK,239477805,1.85,4451.399,48.67
Pakistan,2022,PAK,243700667,1.91,4017.639,46.98
Pakistan,2023,PAK,247504505,1.9,3653.434,46.98
Pakistan,2024,PAK,251269160,1.95,3535.542,45.45
Palestine,1997,PSE,2859581,,951.804,
Palestine,1998,PSE,2962895,,1455.842,
Palestine,1999,PSE,3056256,,1436.686,
Palestine,2000,PSE,3151800,0,1828.898,0
Palestine,2001,PSE,3242286,0,2412.219,0
Palestine,2002,PSE,3322369,0,2179.74,0
Palestine,2003,PSE,3398071,0,2286.105,0
Palestine,2004,PSE,3475178,0,3399.856,0
Palestine,2005,PSE,3557406,0,4070.336,0
Palestine,2006,PSE,3645096,0,3507.5,0
Palestine,2007,PSE,3736694,0,3523.865,0
Palestine,2008,PSE,3829039,0,3298.361,0
Palestine,2009,PSE,3921245,0,3303.481,0
Palestine,2010,PSE,4016918,0,3223.226,0
Palestine,2011,PSE,4115912,0,3497.762,0
Palestine,2012,PSE,4215318,0,3416.787,0
Palestine,2013,PSE,4315263,0,3544.621,0
Palestine,2014,PSE,4415887,0,3736.321,0
Palestine,2015,PSE,4521564,0,4048.837,0
Palestine,2016,PSE,4632743,0,4137.109,0
Palestine,2017,PSE,4742747,0,4055.846,0
Palestine,2018,PSE,4850593,0,3805.813,0
Palestine,2019,PSE,4957773,0,4149.399,0
Palestine,2020,PSE,5069692,0,4169.636,0
Palestine,2021,PSE,5185341,0,4366.51,0
Palestine,2022,PSE,5305274,0,4379.497,0
Palestine,2023,PSE,5409201,,4393.309,
Panama,1980,PAN,1957543,,26528.752,
Panama,1981,PAN,2004424,,25854.002,
Panama,1982,PAN,2052278,,24200.945,
Panama,1983,PAN,2101107,,24131.475,
Panama,1984,PAN,2150781,,23624.504,
Panama,1985,PAN,2200921,,20213.115,
Panama,1986,PAN,2251331,,20278.295,
Panama,1987,PAN,2301979,,20708.396,
Panama,1988,PAN,2352856,,19915.061,
Panama,1989,PAN,2403821,,18924.031,
Panama,1990,PAN,2455588,,19662.305,
Panama,1991,PAN,2508273,,19145.158,
Panama,1992,PAN,2561342,,19243.258,
Panama,1993,PAN,2615099,,18627.982,
Panama,1994,PAN,2669545,,20449.391,
Panama,1995,PAN,2724555,,21170.059,
Panama,1996,PAN,2780228,,18064.951,
Panama,1997,PAN,2836702,,18369.316,
Panama,1998,PAN,2893918,,19597.389,
Panama,1999,PAN,2951820,,12289.545,
Panama,2000,PAN,3010376,0.02,20032.027,0
Panama,2001,PAN,3069545,0.02,20579.553,0
Panama,2002,PAN,3129343,0.02,19399.074,0
Panama,2003,PAN,3189813,0.02,19575.773,0
Panama,2004,PAN,3251158,0.02,19062.01,0
Panama,2005,PAN,3313024,0.02,18729.881,0
Panama,2006,PAN,3375024,0.02,20216.604,0
Panama,2007,PAN,3437490,0.02,18597.801,0
Panama,2008,PAN,3500646,0.02,21616.078,0
Panama,2009,PAN,3564383,0.02,20571.918,0
Panama,2010,PAN,3628537,0.02,23041.707,0
Panama,2011,PAN,3693509,0.02,22911.555,0
Panama,2012,PAN,3759261,0.03,24667.205,0
Panama,2013,PAN,3825333,0.03,23914.467,0
Panama,2014,PAN,3892100,0.03,24101.709,0
Panama,2015,PAN,3960034,0.03,25493.6,0
Panama,2016,PAN,4029085,0.03,26459.42,0
Panama,2017,PAN,4098704,0.03,27922.566,0
Panama,2018,PAN,4167860,0.03,26785.832,0.62
Panama,2019,PAN,4234698,0.03,29537.387,2.81
Panama,2020,PAN,4293258,0.03,19829.697,1.4
Panama,2021,PAN,4345410,0.03,21334.693,1.59
Panama,2022,PAN,4400775,0.06,23285.066,1.42
Panama,2023,PAN,4458758,0.04,22862.531,2.79
Papua New Guinea,1980,PNG,3131516,,2512.635,
Papua New Guinea,1981,PNG,3197030,,2453.124,
Papua New Guinea,1982,PNG,3264301,,2400.731,
Papua New Guinea,1983,PNG,3333642,,2374.793,
Papua New Guinea,1984,PNG,3405200,,2708.137,
Papua New Guinea,1985,PNG,3478945,,2646.682,
Papua New Guinea,1986,PNG,3554802,,2670.993,
Papua New Guinea,1987,PNG,3632546,,2902.552,
Papua New Guinea,1988,PNG,3711894,,2660.787,
Papua New Guinea,1989,PNG,3796088,,2665.034,
Papua New Guinea,1990,PNG,3896482,,2630.903,
Papua New Guinea,1991,PNG,4021840,,2517.913,
Papua New Guinea,1992,PNG,4166702,,2576.643,
Papua New Guinea,1993,PNG,4320880,,2528.719,
Papua New Guinea,1994,PNG,4480210,,2325.179,
Papua New Guinea,1995,PNG,4644282,,2460.035,
Papua New Guinea,1996,PNG,4813363,,2461.585,
Papua New Guinea,1997,PNG,4987887,,2330.81,
Papua New Guinea,1998,PNG,5166390,,2208.969,
Papua New Guinea,1999,PNG,5349333,,2142.958,
Papua New Guinea,2000,PNG,5537068,0,2395.11,0.5
Papua New Guinea,2001,PNG,5728444,0,2688.359,0.58
Papua New Guinea,2002,PNG,5924010,0,2743.288,0.58
Papua New Guinea,2003,PNG,6124005,0,3039.947,0.54
Papua New Guinea,2004,PNG,6328042,0,3341.199,0.59
Papua New Guinea,2005,PNG,6535905,0,3044.396,0.56
Papua New Guinea,2006,PNG,6747724,0,3042.324,0.54
Papua New Guinea,2007,PNG,6963353,0,3176.21,0.52
Papua New Guinea,2008,PNG,7183002,0,2705.356,0.57
Papua New Guinea,2009,PNG,7406442,0,2919.873,0.57
Papua New Guinea,2010,PNG,7633524,0,2536.645,0.57
Papua New Guinea,2011,PNG,7859349,0,2569.359,0.59
Papua New Guinea,2012,PNG,8081396,0,2409.851,0.5
Papua New Guinea,2013,PNG,8302700,0.02,2406.368,0.51
Papua New Guinea,2014,PNG,8523440,0.02,2494.864,0.62
Papua New Guinea,2015,PNG,8743247,0.02,2863.973,0.68
Papua New Guinea,2016,PNG,8961717,0.02,2987.719,0.83
Papua New Guinea,2017,PNG,9178717,0.02,2848.771,0.87
Papua New Guinea,2018,PNG,9394518,0.02,2157.172,0.88
Papua New Guinea,2019,PNG,9609014,0.02,2194.275,0.61
Papua New Guinea,2020,PNG,9815743,0.01,2062.187,0.82
Papua New Guinea,2021,PNG,10012898,0.01,1941.511,0.86
Papua New Guinea,2022,PNG,10203177,0.01,2572.07,0.91
Papua New Guinea,2023,PNG,10389638,0.01,2573.497,0.91
Papua New Guinea,2024,PNG,10576509,,,
Paraguay,1980,PRY,3053239,,2208.569,
Paraguay,1981,PRY,3137611,,2039.052,
Paraguay,1982,PRY,3226195,,1977.536,
Paraguay,1983,PRY,3318075,,2033.557,
Paraguay,1984,PRY,3412939,,2108.514,
Paraguay,1985,PRY,3510678,,2326.104,
Paraguay,1986,PRY,3611474,,2370.824,
Paraguay,1987,PRY,3714892,,3017.592,
Paraguay,1988,PRY,3820551,,2832.861,
Paraguay,1989,PRY,3927802,,3493.653,
Paraguay,1990,PRY,4035752,,2968.974,
Paraguay,1991,PRY,4144370,,2730.433,
Paraguay,1992,PRY,4253608,,2945.856,
Paraguay,1993,PRY,4362706,,3103.677,
Paraguay,1994,PRY,4471423,,3430.861,
Paraguay,1995,PRY,4579803,,3821.002,
Paraguay,1996,PRY,4687540,,3301.701,
Paraguay,1997,PRY,4794415,,3543.463,
Paraguay,1998,PRY,4900028,,3951.213,
Paraguay,1999,PRY,5003139,,4463.182,
Paraguay,2000,PRY,5100875,0,3894.232,0
Paraguay,2001,PRY,5187690,0,3921.103,0
Paraguay,2002,PRY,5261334,0,4077.271,0
Paraguay,2003,PRY,5326437,0,4163.81,0
Paraguay,2004,PRY,5388181,0,4196.23,0
Paraguay,2005,PRY,5448100,0,4012.839,0
Paraguay,2006,PRY,5505145,0,4308.261,0
Paraguay,2007,PRY,5559385,0,4481.345,0
Paraguay,2008,PRY,5613577,0,4646.667,0
Paraguay,2009,PRY,5671243,0,4823.377,0
Paraguay,2010,PRY,5737973,0,5318.618,0
Paraguay,2011,PRY,5814632,0,5436.107,0
Paraguay,2012,PRY,5897011,0,5757.479,0
Paraguay,2013,PRY,5982447,0.13,5759.684,0
Paraguay,2014,PRY,6069819,0.14,5999.334,0
Paraguay,2015,PRY,6159106,0.15,6838.798,0
Paraguay,2016,PRY,6249129,0.17,7659.005,0
Paraguay,2017,PRY,6338658,0.14,7744.288,0
Paraguay,2018,PRY,6427382,0.13,8063.859,0
Paraguay,2019,PRY,6515059,0.14,7898.018,0
Paraguay,2020,PRY,6603741,0.26,7560.656,0
Paraguay,2021,PRY,6684184,0.27,8164.098,0
Paraguay,2022,PRY,6760460,0.24,7732.66,0
Paraguay,2023,PRY,6844150,0.24,7541.671,0
Persian Gulf (EIA),1980,,,,,
Persian Gulf (EIA),1981,,,,,
Persian Gulf (EIA),1982,,,,,
Persian Gulf (EIA),1983,,,,,
Persian Gulf (EIA),1984,,,,,
Persian Gulf (EIA),1985,,,,,
Persian Gulf (EIA),1986,,,,,
Persian Gulf (EIA),1987,,,,,
Persian Gulf (EIA),1988,,,,,
Persian Gulf (EIA),1989,,,,,
Persian Gulf (EIA),1990,,,,,
Persian Gulf (EIA),1991,,,,,
Persian Gulf (EIA),1992,,,,,
Persian Gulf (EIA),1993,,,,,
Persian Gulf (EIA),1994,,,,,
Persian Gulf (EIA),1995,,,,,
Persian Gulf (EIA),1996,,,,,
Persian Gulf (EIA),1997,,,,,
Persian Gulf (EIA),1998,,,,,
Persian Gulf (EIA),1999,,,,,
Persian Gulf (EIA),2000,,,,,
Persian Gulf (EIA),2001,,,,,
Persian Gulf (EIA),2002,,,,,
Persian Gulf (EIA),2003,,,,,
Persian Gulf (EIA),2004,,,,,
Persian Gulf (EIA),2005,,,,,
Persian Gulf (EIA),2006,,,,,
Persian Gulf (EIA),2007,,,,,
Persian Gulf (EIA),2008,,,,,
Persian Gulf (EIA),2009,,,,,
Persian Gulf (EIA),2010,,,,,
Persian Gulf (EIA),2011,,,,,
Persian Gulf (EIA),2012,,,,,
Persian Gulf (EIA),2013,,,,,
Persian Gulf (EIA),2014,,,,,
Persian Gulf (EIA),2015,,,,,
Persian Gulf (EIA),2016,,,,,
Persian Gulf (EIA),2017,,,,,
Persian Gulf (EIA),2018,,,,,
Persian Gulf (EIA),2019,,,,,
Persian Gulf (EIA),2020,,,,,
Persian Gulf (EIA),2021,,,,,
Persian Gulf (EIA),2022,,,,,
Persian Gulf (EIA),2023,,,,,
Persian Gulf (Shift),1900,,,,,
Persian Gulf (Shift),1901,,,,,
Persian Gulf (Shift),1902,,,,,
Persian Gulf (Shift),1903,,,,,
Persian Gulf (Shift),1904,,,,,
Persian Gulf (Shift),1905,,,,,
Persian Gulf (Shift),1906,,,,,
Persian Gulf (Shift),1907,,,,,
Persian Gulf (Shift),1908,,,,,
Persian Gulf (Shift),1909,,,,,
Persian Gulf (Shift),1910,,,,,
Persian Gulf (Shift),1911,,,,,
Persian Gulf (Shift),1912,,,,,
Persian Gulf (Shift),1913,,,,,
Persian Gulf (Shift),1914,,,,,
Persian Gulf (Shift),1915,,,,,
Persian Gulf (Shift),1916,,,,,
Persian Gulf (Shift),1917,,,,,
Persian Gulf (Shift),1918,,,,,
Persian Gulf (Shift),1919,,,,,
Persian Gulf (Shift),1920,,,,,
Persian Gulf (Shift),1921,,,,,
Persian Gulf (Shift),1922,,,,,
Persian Gulf (Shift),1923,,,,,
Persian Gulf (Shift),1924,,,,,
Persian Gulf (Shift),1925,,,,,
Persian Gulf (Shift),1926,,,,,
Persian Gulf (Shift),1927,,,,,
Persian Gulf (Shift),1928,,,,,
Persian Gulf (Shift),1929,,,,,
Persian Gulf (Shift),1930,,,,,
Persian Gulf (Shift),1931,,,,,
Persian Gulf (Shift),1932,,,,,
Persian Gulf (Shift),1933,,,,,
Persian Gulf (Shift),1934,,,,,
Persian Gulf (Shift),1935,,,,,
Persian Gulf (Shift),1936,,,,,
Persian Gulf (Shift),1937,,,,,
Persian Gulf (Shift),1938,,,,,
Persian Gulf (Shift),1939,,,,,
Persian Gulf (Shift),1940,,,,,
Persian Gulf (Shift),1941,,,,,
Persian Gulf (Shift),1942,,,,,
Persian Gulf (Shift),1943,,,,,
Persian Gulf (Shift),1944,,,,,
Persian Gulf (Shift),1945,,,,,
Persian Gulf (Shift),1946,,,,,
Persian Gulf (Shift),1947,,,,,
Persian Gulf (Shift),1948,,,,,
Persian Gulf (Shift),1949,,,,,
Persian Gulf (Shift),1950,,,,,
Persian Gulf (Shift),1951,,,,,
Persian Gulf (Shift),1952,,,,,
Persian Gulf (Shift),1953,,,,,
Persian Gulf (Shift),1954,,,,,
Persian Gulf (Shift),1955,,,,,
Persian Gulf (Shift),1956,,,,,
Persian Gulf (Shift),1957,,,,,
Persian Gulf (Shift),1958,,,,,
Persian Gulf (Shift),1959,,,,,
Persian Gulf (Shift),1960,,,,,
Persian Gulf (Shift),1961,,,,,
Persian Gulf (Shift),1962,,,,,
Persian Gulf (Shift),1963,,,,,
Persian Gulf (Shift),1964,,,,,
Persian Gulf (Shift),1965,,,,,
Persian Gulf (Shift),1966,,,,,
Persian Gulf (Shift),1967,,,,,
Persian Gulf (Shift),1968,,,,,
Persian Gulf (Shift),1969,,,,,
Persian Gulf (Shift),1970,,,,,
Persian Gulf (Shift),1971,,,,,
Persian Gulf (Shift),1972,,,,,
Persian Gulf (Shift),1973,,,,,
Persian Gulf (Shift),1974,,,,,
Persian Gulf (Shift),1975,,,,,
Persian Gulf (Shift),1976,,,,,
Persian Gulf (Shift),1977,,,,,
Persian Gulf (Shift),1978,,,,,
Persian Gulf (Shift),1979,,,,,
Persian Gulf (Shift),1980,,,,,
Persian Gulf (Shift),1981,,,,,
Persian Gulf (Shift),1982,,,,,
Persian Gulf (Shift),1983,,,,,
Persian Gulf (Shift),1984,,,,,
Persian Gulf (Shift),1985,,,,,
Persian Gulf (Shift),1986,,,,,
Persian Gulf (Shift),1987,,,,,
Persian Gulf (Shift),1988,,,,,
Persian Gulf (Shift),1989,,,,,
Persian Gulf (Shift),1990,,,,,
Persian Gulf (Shift),1991,,,,,
Persian Gulf (Shift),1992,,,,,
Persian Gulf (Shift),1993,,,,,
Persian Gulf (Shift),1994,,,,,
Persian Gulf (Shift),1995,,,,,
Persian Gulf (Shift),1996,,,,,
Persian Gulf (Shift),1997,,,,,
Persian Gulf (Shift),1998,,,,,
Persian Gulf (Shift),1999,,,,,
Persian Gulf (Shift),2000,,,,,
Persian Gulf (Shift),2001,,,,,
Persian Gulf (Shift),2002,,,,,
Persian Gulf (Shift),2003,,,,,
Persian Gulf (Shift),2004,,,,,
Persian Gulf (Shift),2005,,,,,
Persian Gulf (Shift),2006,,,,,
Persian Gulf (Shift),2007,,,,,
Persian Gulf (Shift),2008,,,,,
Persian Gulf (Shift),2009,,,,,
Persian Gulf (Shift),2010,,,,,
Persian Gulf (Shift),2011,,,,,
Persian Gulf (Shift),2012,,,,,
Persian Gulf (Shift),2013,,,,,
Persian Gulf (Shift),2014,,,,,
Persian Gulf (Shift),2015,,,,,
Persian Gulf (Shift),2016,,,,,
Peru,1900,PER,3657023,,,
Peru,1901,PER,3697583,,,
Peru,1902,PER,3741510,,,
Peru,1903,PER,3788872,,,
Peru,1904,PER,3836833,,,
Peru,1905,PER,3885402,,,
Peru,1906,PER,3934585,,,
Peru,1907,PER,3984391,,,
Peru,1908,PER,4034828,,,
Peru,1909,PER,4085875,,,
Peru,1910,PER,4137540,,,
Peru,1911,PER,4189831,,,
Peru,1912,PER,4242755,,,
Peru,1913,PER,4296321,,,
Peru,1914,PER,4350562,,,
Peru,1915,PER,4405488,,,
Peru,1916,PER,4461108,,,
Peru,1917,PER,4517430,,,
Peru,1918,PER,4574463,,,
Peru,1919,PER,4635090,,,
Peru,1920,PER,4699402,,,
Peru,1921,PER,4767491,,,
Peru,1922,PER,4839450,,,
Peru,1923,PER,4915376,,,
Peru,1924,PER,4992494,,,
Peru,1925,PER,5070822,,,
Peru,1926,PER,5150378,,,
Peru,1927,PER,5231183,,,
Peru,1928,PER,5313255,,,
Peru,1929,PER,5397255,,,
Peru,1930,PER,5483224,,,
Peru,1931,PER,5571203,,,
Peru,1932,PER,5661235,,,
Peru,1933,PER,5753362,,,
Peru,1934,PER,5846988,,,
Peru,1935,PER,5942138,,,
Peru,1936,PER,6038837,,,
Peru,1937,PER,6137109,,,
Peru,1938,PER,6236980,,,
Peru,1939,PER,6339585,,,
Peru,1940,PER,6444987,,,
Peru,1941,PER,6553250,,,
Peru,1942,PER,6664442,,,
Peru,1943,PER,6778629,,,
Peru,1944,PER,6894773,,,
Peru,1945,PER,7012907,,,
Peru,1946,PER,7133065,,,
Peru,1947,PER,7255281,,,
Peru,1948,PER,7379592,,,
Peru,1949,PER,7520596,,,
Peru,1950,PER,7677414,,,
Peru,1951,PER,7893620,,,
Peru,1952,PER,8116670,,,
Peru,1953,PER,8344907,,,
Peru,1954,PER,8579314,,,
Peru,1955,PER,8822015,,,
Peru,1956,PER,9073471,,,
Peru,1957,PER,9333871,,,
Peru,1958,PER,9603649,,,
Peru,1959,PER,9883656,,,
Peru,1960,PER,10174128,,,
Peru,1961,PER,10475126,,,
Peru,1962,PER,10784615,,,
Peru,1963,PER,11102095,,,
Peru,1964,PER,11427988,,,
Peru,1965,PER,11761091,,4677.004,
Peru,1966,PER,12101300,,5548.549,
Peru,1967,PER,12448815,,5491.938,
Peru,1968,PER,12803985,,5438.239,
Peru,1969,PER,13166756,,5327.082,
Peru,1970,PER,13501237,,5358.01,
Peru,1971,PER,13838069,,5478.917,
Peru,1972,PER,14210147,,4781.534,
Peru,1973,PER,14582864,,5279.538,
Peru,1974,PER,14956554,,5926.769,
Peru,1975,PER,15333955,,6108.464,
Peru,1976,PER,15716814,,6078.818,
Peru,1977,PER,16109808,,5978.559,
Peru,1978,PER,16516061,,5819.754,
Peru,1979,PER,16933143,,5894.122,
Peru,1980,PER,17360955,,6154.657,
Peru,1981,PER,17798803,,6310.318,
Peru,1982,PER,18246506,,6197.798,
Peru,1983,PER,18705961,,5288.06,
Peru,1984,PER,19174717,,5439.152,
Peru,1985,PER,19648212,,5220.668,
Peru,1986,PER,20117127,,5492.052,
Peru,1987,PER,20582325,,5861.094,
Peru,1988,PER,21054704,,5566.072,
Peru,1989,PER,21532587,,5013.555,
Peru,1990,PER,22014772,,4861.144,
Peru,1991,PER,22483784,,4721.149,
Peru,1992,PER,22946345,,4504.196,
Peru,1993,PER,23413783,,4824.25,
Peru,1994,PER,23881497,,5142.526,
Peru,1995,PER,24348922,,5475.475,
Peru,1996,PER,24811174,,5539.343,
Peru,1997,PER,25274149,,5332.26,
Peru,1998,PER,25738101,,5402.268,
Peru,1999,PER,26186499,,5446.822,
Peru,2000,PER,26598328,0.16,5540.167,0.79
Peru,2001,PER,26964610,0.16,5417.318,0.87
Peru,2002,PER,27288211,0.19,5481.374,1.1
Peru,2003,PER,27580485,0.2,5354.208,1.32
Peru,2004,PER,27852190,0.15,5651.12,2.33
Peru,2005,PER,28101175,0.35,5826.442,4.55
Peru,2006,PER,28324488,0.35,5846.282,4.83
Peru,2007,PER,28530704,0.42,6318.965,8.22
Peru,2008,PER,28719038,0.46,6777.529,10.11
Peru,2009,PER,28896819,0.46,6867.194,10.43
Peru,2010,PER,29086021,0.67,7745.521,12.23
Peru,2011,PER,29304083,0.68,8481.961,13.99
Peru,2012,PER,29550367,0.67,8687.723,15.65
Peru,2013,PER,29817908,0.96,8806.167,18.06
Peru,2014,PER,30115825,1.29,8926.504,20.89
Peru,2015,PER,30457598,0.91,9247.921,21.73
Peru,2016,PER,30866497,0.56,9684.865,23.56
Peru,2017,PER,31324639,0.47,9691.741,19.87
Peru,2018,PER,31897590,0.42,9982.715,20.68
Peru,2019,PER,32449302,0.55,10064.474,21.73
Peru,2020,PER,32838577,0.54,8766.572,18.67
Peru,2021,PER,33155883,0.58,9877.367,21.17
Peru,2022,PER,33475436,0.59,10099.025,26.02
Peru,2023,PER,33845616,0.58,10143.117,27.9
Peru,2024,PER,34217850,0.62,10941.455,25.23
Philippines,1900,PHL,6644021,,,
Philippines,1901,PHL,6739540,,,
Philippines,1902,PHL,6845501,,,
Philippines,1903,PHL,6962152,,,
Philippines,1904,PHL,7080757,,,
Philippines,1905,PHL,7201350,,,
Philippines,1906,PHL,7323962,,,
Philippines,1907,PHL,7448627,,,
Philippines,1908,PHL,7575378,,,
Philippines,1909,PHL,7704315,,,
Philippines,1910,PHL,7835476,,,
Philippines,1911,PHL,7968898,,,
Philippines,1912,PHL,8104619,,,
Philippines,1913,PHL,8242677,,,
Philippines,1914,PHL,8383046,,,
Philippines,1915,PHL,8525764,,,
Philippines,1916,PHL,8670870,,,
Philippines,1917,PHL,8818401,,,
Philippines,1918,PHL,8988378,,,
Philippines,1919,PHL,9164729,,,
Philippines,1920,PHL,9347641,,,
Philippines,1921,PHL,9537309,,,
Philippines,1922,PHL,9733929,,,
Philippines,1923,PHL,9937705,,,
Philippines,1924,PHL,10145747,,,
Philippines,1925,PHL,10358144,,,
Philippines,1926,PHL,10574987,,,
Philippines,1927,PHL,10796370,,,
Philippines,1928,PHL,11022388,,,
Philippines,1929,PHL,11258196,,,
Philippines,1930,PHL,11504117,,,
Philippines,1931,PHL,11760482,,,
Philippines,1932,PHL,12027632,,,
Philippines,1933,PHL,12305918,,,
Philippines,1934,PHL,12590643,,,
Philippines,1935,PHL,12881956,,,
Philippines,1936,PHL,13180009,,,
Philippines,1937,PHL,13484959,,,
Philippines,1938,PHL,13796964,,,
Philippines,1939,PHL,14120183,,,
Philippines,1940,PHL,14454975,,,
Philippines,1941,PHL,14801707,,,
Philippines,1942,PHL,15160759,,,
Philippines,1943,PHL,15532521,,,
Philippines,1944,PHL,15913398,,,
Philippines,1945,PHL,16303615,,,
Philippines,1946,PHL,16703401,,,
Philippines,1947,PHL,17112990,,,
Philippines,1948,PHL,17532623,,,
Philippines,1949,PHL,17984434,,,
Philippines,1950,PHL,18849532,,,
Philippines,1951,PHL,19568083,,,
Philippines,1952,PHL,20328753,,,
Philippines,1953,PHL,21132502,,,
Philippines,1954,PHL,21982504,,,
Philippines,1955,PHL,22880568,,,
Philippines,1956,PHL,23825808,,,
Philippines,1957,PHL,24815856,,,
Philippines,1958,PHL,25842525,,,
Philippines,1959,PHL,26907612,,,
Philippines,1960,PHL,27891900,,,
Philippines,1961,PHL,28792620,,,
Philippines,1962,PHL,29723535,,,
Philippines,1963,PHL,30674733,,,
Philippines,1964,PHL,31643038,,,
Philippines,1965,PHL,32625328,,1915.719,
Philippines,1966,PHL,33617171,,2050.242,
Philippines,1967,PHL,34621326,,2164.24,
Philippines,1968,PHL,35638338,,2459.553,
Philippines,1969,PHL,36660795,,2575.955,
Philippines,1970,PHL,37622203,,2563.229,
Philippines,1971,PHL,38518656,,2684.661,
Philippines,1972,PHL,39408560,,2782.072,
Philippines,1973,PHL,40294126,,3030.128,
Philippines,1974,PHL,41174338,,2767.42,
Philippines,1975,PHL,42120830,,2943.626,
Philippines,1976,PHL,43201486,,2979.497,
Philippines,1977,PHL,44367965,,3112.63,
Philippines,1978,PHL,45575286,,3173.105,
Philippines,1979,PHL,46807104,,3226.031,
Philippines,1980,PHL,48043744,,3087.642,
Philippines,1981,PHL,49311730,,2996.733,
Philippines,1982,PHL,50695715,,2909.971,
Philippines,1983,PHL,52194624,,2948.821,
Philippines,1984,PHL,53726187,,2610.686,
Philippines,1985,PHL,55213007,,2453.588,
Philippines,1986,PHL,56645083,,2424.571,
Philippines,1987,PHL,58157496,,2561.587,
Philippines,1988,PHL,59739056,,2750.133,
Philippines,1989,PHL,61265259,,2960.606,
Philippines,1990,PHL,62854668,,2982.894,
Philippines,1991,PHL,64382249,,2863.199,
Philippines,1992,PHL,65926130,,3004.926,
Philippines,1993,PHL,67530621,,3216.592,
Philippines,1994,PHL,69019297,,3278.71,
Philippines,1995,PHL,70546245,,3663.711,
Philippines,1996,PHL,72190237,,3837.642,
Philippines,1997,PHL,73908813,,4089.382,
Philippines,1998,PHL,75791031,,3959.139,
Philippines,1999,PHL,77753256,,3925.195,
Philippines,2000,PHL,79625401,0,3864.514,0.02
Philippines,2001,PHL,81401488,0,3695.904,0.85
Philippines,2002,PHL,83068889,0,3638.974,8.77
Philippines,2003,PHL,84731836,0,3680.832,13.14
Philippines,2004,PHL,86394510,0,3695.391,12.38
Philippines,2005,PHL,88015959,0,3628.22,16.86
Philippines,2006,PHL,89508992,0,3410.94,16.37
Philippines,2007,PHL,91075180,0,3478.436,18.79
Philippines,2008,PHL,92699091,0,3533.459,19.58
Philippines,2009,PHL,94384256,0,3511.202,19.89
Philippines,2010,PHL,96337127,0.02,3539.975,19.52
Philippines,2011,PHL,98248614,0.09,3540.375,20.59
Philippines,2012,PHL,100175511,0.16,3592.559,19.64
Philippines,2013,PHL,102076334,0.18,3778.861,18.79
Philippines,2014,PHL,103767127,0.16,3909.477,18.69
Philippines,2015,PHL,105312988,0.35,4220.296,18.88
Philippines,2016,PHL,106735721,0.72,4547.887,19.85
Philippines,2017,PHL,108119691,1,4925.253,20.55
Philippines,2018,PHL,109465284,1.09,5028.468,21.33
Philippines,2019,PHL,110804685,1.03,5109.184,22.35
Philippines,2020,PHL,112081270,1.25,4583.8,19.5
Philippines,2021,PHL,113100947,1.45,4823.633,18.68
Philippines,2022,PHL,113964343,1.32,5010.157,17.88
Philippines,2023,PHL,114891199,1.18,5298.678,16.09
Philippines,2024,PHL,115843663,1.29,5633.132,17.75
Poland,1900,POL,24312686,,,
Poland,1901,POL,24489736,,,
Poland,1902,POL,24665156,,,
Poland,1903,POL,24838911,,,
Poland,1904,POL,25013887,,,
Poland,1905,POL,25190093,,,
Poland,1906,POL,25367537,,,
Poland,1907,POL,25546228,,,
Poland,1908,POL,25726174,,,
Poland,1909,POL,25813800,,,
Poland,1910,POL,25809505,,,
Poland,1911,POL,25713684,,,
Poland,1912,POL,25526720,,,
Poland,1913,POL,25248988,,,
Poland,1914,POL,24974275,,,
Poland,1915,POL,24702547,,,
Poland,1916,POL,24433773,,,
Poland,1917,POL,24167920,,,
Poland,1918,POL,23913465,,,
Poland,1919,POL,23787804,,,
Poland,1920,POL,23791651,,,
Poland,1921,POL,23925744,,,
Poland,1922,POL,24190850,,,
Poland,1923,POL,24587764,,,
Poland,1924,POL,24991189,,,
Poland,1925,POL,25401234,,,
Poland,1926,POL,25818006,,,
Poland,1927,POL,26241617,,,
Poland,1928,POL,26672178,,,
Poland,1929,POL,27053912,,,
Poland,1930,POL,27385667,,,
Poland,1931,POL,27666271,,,
Poland,1932,POL,27894531,,,
Poland,1933,POL,28069231,,,
Poland,1934,POL,28245024,,,
Poland,1935,POL,28421919,,,
Poland,1936,POL,28599922,,,
Poland,1937,POL,28779039,,,
Poland,1938,POL,28959278,,,
Poland,1939,POL,28993497,,,
Poland,1940,POL,28883551,,,
Poland,1941,POL,28631257,,,
Poland,1942,POL,28238390,,,
Poland,1943,POL,27706686,,,
Poland,1944,POL,27184994,,,
Poland,1945,POL,26673126,,,
Poland,1946,POL,26170895,,,
Poland,1947,POL,25678120,,,
Poland,1948,POL,25194625,,,
Poland,1949,POL,24897453,,,
Poland,1950,POL,24780169,,,
Poland,1951,POL,25222692,,,
Poland,1952,POL,25672466,,,
Poland,1953,POL,26126457,,,
Poland,1954,POL,26590478,,,
Poland,1955,POL,27063640,,,
Poland,1956,POL,27535570,,,
Poland,1957,POL,28076495,,,
Poland,1958,POL,28643644,,,
Poland,1959,POL,29132534,,,
Poland,1960,POL,29575967,,,
Poland,1961,POL,29979692,,,
Poland,1962,POL,30338094,,,
Poland,1963,POL,30674024,,,
Poland,1964,POL,30993140,,,
Poland,1965,POL,31288338,,24803.275,
Poland,1966,POL,31568281,,25062.441,
Poland,1967,POL,31828626,,25583.883,
Poland,1968,POL,32078388,,27319.539,
Poland,1969,POL,32322778,,28959.949,
Poland,1970,POL,32542639,,30357.746,
Poland,1971,POL,32771298,,31098.662,
Poland,1972,POL,33041993,,32531.9,
Poland,1973,POL,33333275,,32851.977,
Poland,1974,POL,33642463,,33625.848,
Poland,1975,POL,33964400,,35927.895,
Poland,1976,POL,34296611,,37482.473,
Poland,1977,POL,34628513,,38708.434,
Poland,1978,POL,34934216,,40286.07,
Poland,1979,POL,35248382,,40519.664,
Poland,1980,POL,35576518,,42039.812,
Poland,1981,POL,35900913,,37560.953,
Poland,1982,POL,36233465,,37894.758,
Poland,1983,POL,36573700,,37714.918,
Poland,1984,POL,36905795,,38853.434,
Poland,1985,POL,37200850,,39419.594,0.081
Poland,1986,POL,37452612,,40257.805,0.063
Poland,1987,POL,37665710,,41327.633,0.165
Poland,1988,POL,37817863,,40375.238,0.097
Poland,1989,POL,37938086,,38734.781,0.115
Poland,1990,POL,38055448,0.05,31804.375,0.13
Poland,1991,POL,38152947,0.08,31037.289,0.11
Poland,1992,POL,38233636,0.11,29617.811,0.1
Poland,1993,POL,38294882,0.06,29556.105,0.1
Poland,1994,POL,38344312,0.05,28248.781,0.15
Poland,1995,POL,38364668,0.07,28899.574,0.26
Poland,1996,POL,38359164,0.13,30343.461,0.32
Poland,1997,POL,38348307,0.17,30054.537,0.22
Poland,1998,POL,38326431,0.22,28810.391,0.31
Poland,1999,POL,38287717,0.19,28278.568,0.62
Poland,2000,POL,38258077,0.22,26596.332,0.93
Poland,2001,POL,38247359,0.44,26418.986,1.36
Poland,2002,POL,38229407,0.43,26146.867,2.2
Poland,2003,POL,38203527,0.46,27070.973,2.42
Poland,2004,POL,38167568,0.98,27280.193,3.22
Poland,2005,POL,38124377,1.51,27854.531,5.16
Poland,2006,POL,38071169,1.99,29165.352,4.58
Poland,2007,POL,38020420,2.56,29053.967,4.48
Poland,2008,POL,37995902,3.62,29593.398,4.68
Poland,2009,POL,38002153,5.23,28556.041,4.79
Poland,2010,POL,38095356,6.3,30377.729,4.8
Poland,2011,POL,38208644,7.6,30429.385,5.82
Poland,2012,POL,38247867,10.09,29489.93,6.26
Poland,2013,POL,38259267,8.62,29569.779,5.27
Poland,2014,POL,38265113,9.98,28468.607,5.33
Poland,2015,POL,38266314,9.94,28824.648,6.39
Poland,2016,POL,38263260,7.96,30061.346,7.83
Poland,2017,POL,38254964,6.49,31585.154,10.03
Poland,2018,POL,38241070,6.55,31957.33,12.63
Poland,2019,POL,38225884,7.68,31059.262,14.8
Poland,2020,POL,38171005,8.35,29845.539,17.29
Poland,2021,POL,38040303,8.06,32196.334,15.82
Poland,2022,POL,38385734,7.63,30919.512,11.36
Poland,2023,POL,38762847,8.16,29225.926,16.49
Poland,2024,POL,38539209,7.95,29205.824,20.46
Portugal,1900,PRT,5402551,,,
Portugal,1901,PRT,5445806,,,
Portugal,1902,PRT,5490822,,,
Portugal,1903,PRT,5537624,,,
Portugal,1904,PRT,5584825,,,
Portugal,1905,PRT,5632428,,,
Portugal,1906,PRT,5680437,,,
Portugal,1907,PRT,5728855,,,
Portugal,1908,PRT,5777686,,,
Portugal,1909,PRT,5819754,,,
Portugal,1910,PRT,5854984,,,
Portugal,1911,PRT,5883300,,,
Portugal,1912,PRT,5904627,,,
Portugal,1913,PRT,5918888,,,
Portugal,1914,PRT,5933183,,,
Portugal,1915,PRT,5947512,,,
Portugal,1916,PRT,5961877,,,
Portugal,1917,PRT,5976275,,,
Portugal,1918,PRT,5990842,,,
Portugal,1919,PRT,6016799,,,
Portugal,1920,PRT,6054309,,,
Portugal,1921,PRT,6103537,,,
Portugal,1922,PRT,6164649,,,
Portugal,1923,PRT,6237814,,,
Portugal,1924,PRT,6311847,,,
Portugal,1925,PRT,6386759,,,
Portugal,1926,PRT,6462560,,,
Portugal,1927,PRT,6539261,,,
Portugal,1928,PRT,6616872,,,
Portugal,1929,PRT,6696146,,,
Portugal,1930,PRT,6777114,,,
Portugal,1931,PRT,6859803,,,
Portugal,1932,PRT,6944245,,,
Portugal,1933,PRT,7030468,,,
Portugal,1934,PRT,7117763,,,
Portugal,1935,PRT,7206141,,,
Portugal,1936,PRT,7295617,,,
Portugal,1937,PRT,7386204,,,
Portugal,1938,PRT,7477915,,,
Portugal,1939,PRT,7566417,,,
Portugal,1940,PRT,7651628,,,
Portugal,1941,PRT,7733465,,,
Portugal,1942,PRT,7811843,,,
Portugal,1943,PRT,7886677,,,
Portugal,1944,PRT,7962228,,,
Portugal,1945,PRT,8038503,,,
Portugal,1946,PRT,8115508,,,
Portugal,1947,PRT,8193251,,,
Portugal,1948,PRT,8271739,,,
Portugal,1949,PRT,8346329,,,
Portugal,1950,PRT,8418877,,,
Portugal,1951,PRT,8474201,,,
Portugal,1952,PRT,8523424,,,
Portugal,1953,PRT,8572744,,,
Portugal,1954,PRT,8616967,,,
Portugal,1955,PRT,8662889,,,
Portugal,1956,PRT,8704061,,,
Portugal,1957,PRT,8743286,,,
Portugal,1958,PRT,8792775,,,
Portugal,1959,PRT,8840372,,,
Portugal,1960,PRT,8873223,,,
Portugal,1961,PRT,8888380,,,
Portugal,1962,PRT,8895775,,,
Portugal,1963,PRT,8898304,,,
Portugal,1964,PRT,8895764,,,
Portugal,1965,PRT,8889623,,5605.333,
Portugal,1966,PRT,8872477,,6148.967,
Portugal,1967,PRT,8845842,,6594.499,
Portugal,1968,PRT,8809709,,6742.259,
Portugal,1969,PRT,8754238,,7351.33,
Portugal,1970,PRT,8669523,,8868.126,
Portugal,1971,PRT,8685587,,9746.155,
Portugal,1972,PRT,8815590,,10439.133,
Portugal,1973,PRT,8939234,,11379.448,
Portugal,1974,PRT,9059175,,11754.075,
Portugal,1975,PRT,9182303,,11525.117,
Portugal,1976,PRT,9310263,,11248.904,
Portugal,1977,PRT,9438170,,12579.005,
Portugal,1978,PRT,9556397,,13084.207,
Portugal,1979,PRT,9663303,,13722.89,
Portugal,1980,PRT,9763622,,13192.308,
Portugal,1981,PRT,9837588,,12854.989,
Portugal,1982,PRT,9885845,,13843.989,
Portugal,1983,PRT,9925257,,14278.382,
Portugal,1984,PRT,9956893,,14826.565,
Portugal,1985,PRT,9979475,,15094.375,
Portugal,1986,PRT,9993097,,15954.541,
Portugal,1987,PRT,10001990,,16312.971,
Portugal,1988,PRT,10004588,,18095.789,
Portugal,1989,PRT,10001380,,19544.494,
Portugal,1990,PRT,9989526,0.69,20286.498,0
Portugal,1991,PRT,9969181,0.81,21113.816,0
Portugal,1992,PRT,9960345,0.88,21550.443,0
Portugal,1993,PRT,9972341,0.9,22072.75,0
Portugal,1994,PRT,9998487,0.93,22995.904,0
Portugal,1995,PRT,10031756,0.99,24403.65,0
Portugal,1996,PRT,10067655,0.96,25066.492,0
Portugal,1997,PRT,10110548,1.04,25357.215,0.09
Portugal,1998,PRT,10159524,1.02,27510.383,2.02
Portugal,1999,PRT,10214877,1.16,27907.893,8.07
Portugal,2000,PRT,10283196,1.3,28593.107,7.14
Portugal,2001,PRT,10354329,1.35,28855.318,7.21
Portugal,2002,PRT,10413045,1.47,28511.492,9.04
Portugal,2003,PRT,10454246,1.39,29191.654,7.74
Portugal,2004,PRT,10481386,1.54,28503.047,11.69
Portugal,2005,PRT,10502993,1.68,28397.916,13.61
Portugal,2006,PRT,10524123,1.7,28113.924,12.34
Portugal,2007,PRT,10546822,1.86,28206.701,13.12
Portugal,2008,PRT,10564086,1.85,27025.984,15.2
Portugal,2009,PRT,10576265,2.09,27252.889,14.71
Portugal,2010,PRT,10578659,2.61,28746.99,14.9
Portugal,2011,PRT,10557050,2.92,27453.758,14.92
Portugal,2012,PRT,10513155,2.95,25155.795,10.67
Portugal,2013,PRT,10458287,3.05,27696.83,7.23
Portugal,2014,PRT,10406203,3.05,28038.432,6.83
Portugal,2015,PRT,10370264,3.1,27918.504,10.56
Portugal,2016,PRT,10346377,3.07,29949.295,12.58
Portugal,2017,PRT,10330838,3.22,29221.047,18.89
Portugal,2018,PRT,10325355,3.16,29450.785,15.61
Portugal,2019,PRT,10343218,3.36,28333.217,17.26
Portugal,2020,PRT,10370519,3.79,25577.088,17.6
Portugal,2021,PRT,10390957,4,25646.334,15.57
Portugal,2022,PRT,10417074,4.11,25206.664,17.39
Portugal,2023,PRT,10430735,3.8,25498.699,10.42
Portugal,2024,PRT,10425291,3.75,25921.791,5.63
Puerto Rico,1980,PRI,3213679,,20503.268,
Puerto Rico,1981,PRI,3256568,,20153.562,
Puerto Rico,1982,PRI,3295926,,19906.834,
Puerto Rico,1983,PRI,3332652,,20076.346,
Puerto Rico,1984,PRI,3367197,,19772.031,
Puerto Rico,1985,PRI,3399311,,19546.562,
Puerto Rico,1986,PRI,3428773,,19680.699,
Puerto Rico,1987,PRI,3457138,,19555.006,
Puerto Rico,1988,PRI,3485070,,19459.082,
Puerto Rico,1989,PRI,3512010,,19304.434,
Puerto Rico,1990,PRI,3541046,,18784.773,
Puerto Rico,1991,PRI,3573669,,18549.352,
Puerto Rico,1992,PRI,3606393,,18470.98,
Puerto Rico,1993,PRI,3637207,,18313.562,
Puerto Rico,1994,PRI,3666079,,18233.812,
Puerto Rico,1995,PRI,3693594,,18087.041,
Puerto Rico,1996,PRI,3719955,,17963.77,
Puerto Rico,1997,PRI,3745583,,17847.889,
Puerto Rico,1998,PRI,3770561,,17742.139,
Puerto Rico,1999,PRI,3794479,,17516.676,
Puerto Rico,2000,PRI,3809868,0,33881.172,1.73
Puerto Rico,2001,PRI,3813009,0,36863.539,3.81
Puerto Rico,2002,PRI,3810715,0,37881.766,3.02
Puerto Rico,2003,PRI,3806043,0,39487.387,3.15
Puerto Rico,2004,PRI,3798659,0,40848.758,2.94
Puerto Rico,2005,PRI,3788412,0,39673.113,3.12
Puerto Rico,2006,PRI,3776220,0,36137.738,3.38
Puerto Rico,2007,PRI,3763089,0,34984.703,3.45
Puerto Rico,2008,PRI,3749130,0,32871.168,3.73
Puerto Rico,2009,PRI,3735014,0,30873.604,4.21
Puerto Rico,2010,PRI,3714834,0,26313.107,3.61
Puerto Rico,2011,PRI,3683711,0,28745.928,3.4
Puerto Rico,2012,PRI,3646423,0,30611.012,5.4
Puerto Rico,2013,PRI,3606773,0,27153.611,6.74
Puerto Rico,2014,PRI,3565367,0,26141.912,6.89
Puerto Rico,2015,PRI,3521811,0,26456.928,6.37
Puerto Rico,2016,PRI,3476008,0.01,25075.623,6.96
Puerto Rico,2017,PRI,3371878,0.01,25098.611,5.28
Puerto Rico,2018,PRI,3290068,0.01,25991.373,6.22
Puerto Rico,2019,PRI,3288027,0.02,24425.918,7.63
Puerto Rico,2020,PRI,3275800,0.01,21308.352,5.62
Puerto Rico,2021,PRI,3253210,0.01,24091.275,5.28
Puerto Rico,2022,PRI,3240972,0.01,22552.434,5.39
Puerto Rico,2023,PRI,3242022,0.01,25288.041,5.39
Puerto Rico,2024,PRI,3242212,0.01,,4.37
Qatar,1900,QAT,16061,,,
Qatar,1901,QAT,16141,,,
Qatar,1902,QAT,16221,,,
Qatar,1903,QAT,16302,,,
Qatar,1904,QAT,16384,,,
Qatar,1905,QAT,16465,,,
Qatar,1906,QAT,16548,,,
Qatar,1907,QAT,16630,,,
Qatar,1908,QAT,16713,,,
Qatar,1909,QAT,16805,,,
Qatar,1910,QAT,16905,,,
Qatar,1911,QAT,17015,,,
Qatar,1912,QAT,17134,,,
Qatar,1913,QAT,17262,,,
Qatar,1914,QAT,17391,,,
Qatar,1915,QAT,17521,,,
Qatar,1916,QAT,17652,,,
Qatar,1917,QAT,17784,,,
Qatar,1918,QAT,17935,,,
Qatar,1919,QAT,18088,,,
Qatar,1920,QAT,18241,,,
Qatar,1921,QAT,18396,,,
Qatar,1922,QAT,18552,,,
Qatar,1923,QAT,18710,,,
Qatar,1924,QAT,18869,,,
Qatar,1925,QAT,19029,,,
Qatar,1926,QAT,19191,,,
Qatar,1927,QAT,19354,,,
Qatar,1928,QAT,19518,,,
Qatar,1929,QAT,19684,,,
Qatar,1930,QAT,19851,,,
Qatar,1931,QAT,20019,,,
Qatar,1932,QAT,20189,,,
Qatar,1933,QAT,20361,,,
Qatar,1934,QAT,20534,,,
Qatar,1935,QAT,20708,,,
Qatar,1936,QAT,20884,,,
Qatar,1937,QAT,21061,,,
Qatar,1938,QAT,21240,,,
Qatar,1939,QAT,21421,,,
Qatar,1940,QAT,21603,,,
Qatar,1941,QAT,21786,,,
Qatar,1942,QAT,21971,,,
Qatar,1943,QAT,22158,,,
Qatar,1944,QAT,22346,,,
Qatar,1945,QAT,22536,,,
Qatar,1946,QAT,22727,,,
Qatar,1947,QAT,22920,,,
Qatar,1948,QAT,23115,,,
Qatar,1949,QAT,23565,,,
Qatar,1950,QAT,24304,,,
Qatar,1951,QAT,25091,,,
Qatar,1952,QAT,25911,,,
Qatar,1953,QAT,26763,,,
Qatar,1954,QAT,27641,,,
Qatar,1955,QAT,28558,,,
Qatar,1956,QAT,29549,,,
Qatar,1957,QAT,30656,,,
Qatar,1958,QAT,31991,,,
Qatar,1959,QAT,33678,,,
Qatar,1960,QAT,36025,,,
Qatar,1961,QAT,39701,,,
Qatar,1962,QAT,44651,,,
Qatar,1963,QAT,50396,,,
Qatar,1964,QAT,56882,,,
Qatar,1965,QAT,64082,,22019.961,
Qatar,1966,QAT,72207,,19675.346,
Qatar,1967,QAT,81455,,24987.752,
Qatar,1968,QAT,91762,,70176.805,
Qatar,1969,QAT,103042,,98199.18,
Qatar,1970,QAT,116370,,99043.469,
Qatar,1971,QAT,131356,,87405.586,
Qatar,1972,QAT,146518,,86685.156,
Qatar,1973,QAT,161854,,111341.18,
Qatar,1974,QAT,177372,,88583.195,
Qatar,1975,QAT,193103,,121413.695,
Qatar,1976,QAT,209067,,72034.992,
Qatar,1977,QAT,225298,,93135.359,
Qatar,1978,QAT,241820,,83237.375,
Qatar,1979,QAT,258678,,194705.656,
Qatar,1980,QAT,275923,,193422.828,
Qatar,1981,QAT,293561,,173930.484,
Qatar,1982,QAT,311544,,190448.266,
Qatar,1983,QAT,329720,,187596.609,
Qatar,1984,QAT,347894,,202389.922,
Qatar,1985,QAT,365950,,180653.125,
Qatar,1986,QAT,382426,,188457.312,
Qatar,1987,QAT,397012,,175947.078,
Qatar,1988,QAT,411273,,178809.969,
Qatar,1989,QAT,425658,,182647.875,
Qatar,1990,QAT,440184,,179101.609,
Qatar,1991,QAT,454860,,199650.047,
Qatar,1992,QAT,469657,,307229.719,
Qatar,1993,QAT,484553,,318559.688,
Qatar,1994,QAT,499469,,313668.375,
Qatar,1995,QAT,514334,,303592.562,
Qatar,1996,QAT,529024,,217682.234,
Qatar,1997,QAT,550511,,228679.562,
Qatar,1998,QAT,580543,,233498.297,
Qatar,1999,QAT,612510,,246359.906,
Qatar,2000,QAT,644993,0,209063.484,9.13
Qatar,2001,QAT,677934,0,191210.297,9.95
Qatar,2002,QAT,711215,0,227637.844,10.94
Qatar,2003,QAT,744690,0,219715.359,12.01
Qatar,2004,QAT,773341,0,255475.859,13.23
Qatar,2005,QAT,825419,0,270980.625,14.4
Qatar,2006,QAT,972841,0,252214.672,17.08
Qatar,2007,QAT,1208601,0,231557.078,19.46
Qatar,2008,QAT,1426942,0,202220.734,21.62
Qatar,2009,QAT,1586052,0,181811.375,24.16
Qatar,2010,QAT,1709238,0,196225.344,28.14
Qatar,2011,QAT,1810960,0,217097.234,30.73
Qatar,2012,QAT,1907122,0.01,235144.422,34.79
Qatar,2013,QAT,2032650,0.08,237978.625,34.67
Qatar,2014,QAT,2218378,0.1,233130.469,38.69
Qatar,2015,QAT,2427340,0.12,245295.047,41.5
Qatar,2016,QAT,2599382,0.12,225636.406,42.31
Qatar,2017,QAT,2706716,0.13,208396.75,45.56
Qatar,2018,QAT,2761144,0.14,207650.469,47.91
Qatar,2019,QAT,2797927,0.12,209158.016,49.87
Qatar,2020,QAT,2803375,0.13,183122.625,49.26
Qatar,2021,QAT,2814988,0.14,192920.656,51.64
Qatar,2022,QAT,2892466,0.13,195336.344,54.03
Qatar,2023,QAT,2979086,0.13,208038.812,55
Qatar,2024,QAT,3048429,0.13,214520.297,58.5
Rest of World (EI),1995,,,,,
Rest of World (EI),1996,,,,,
Rest of World (EI),1997,,,,,
Rest of World (EI),1998,,,,,
Rest of World (EI),1999,,,,,
Rest of World (EI),2000,,,,,
Rest of World (EI),2001,,,,,
Rest of World (EI),2002,,,,,
Rest of World (EI),2003,,,,,
Rest of World (EI),2004,,,,,
Rest of World (EI),2005,,,,,
Rest of World (EI),2006,,,,,
Rest of World (EI),2007,,,,,
Rest of World (EI),2008,,,,,
Rest of World (EI),2009,,,,,
Rest of World (EI),2010,,,,,
Rest of World (EI),2011,,,,,
Rest of World (EI),2012,,,,,
Rest of World (EI),2013,,,,,
Rest of World (EI),2014,,,,,
Rest of World (EI),2015,,,,,
Rest of World (EI),2016,,,,,
Rest of World (EI),2017,,,,,
Rest of World (EI),2018,,,,,
Rest of World (EI),2019,,,,,
Rest of World (EI),2020,,,,,
Rest of World (EI),2021,,,,,
Rest of World (EI),2022,,,,,
Rest of World (EI),2023,,,,,
Rest of World (EI),2024,,,,,
Reunion,1980,REU,553140,,5056.008,
Reunion,1981,REU,560990,,5094.324,
Reunion,1982,REU,569641,,5514.515,
Reunion,1983,REU,579248,,6132.598,
Reunion,1984,REU,589691,,6588.111,
Reunion,1985,REU,600421,,6489.749,
Reunion,1986,REU,610887,,6217.771,
Reunion,1987,REU,621110,,6859.222,
Reunion,1988,REU,631264,,7732.531,
Reunion,1989,REU,641494,,8311.842,
Reunion,1990,REU,652573,,8593.396,
Reunion,1991,REU,664459,,9659.727,
Reunion,1992,REU,676431,,9826.825,
Reunion,1993,REU,688101,,12077.754,
Reunion,1994,REU,699373,,12314.694,
Reunion,1995,REU,710463,,11961.302,
Reunion,1996,REU,721455,,11813.604,
Reunion,1997,REU,732714,,11655.383,
Reunion,1998,REU,744075,,14570.667,
Reunion,1999,REU,754119,,14379.254,
Reunion,2000,REU,763148,0.26,13457.15,
Reunion,2001,REU,772242,0.25,13326.549,
Reunion,2002,REU,781307,0.24,13418.999,
Reunion,2003,REU,790570,0.23,13411.241,
Reunion,2004,REU,797012,0.29,14942.129,
Reunion,2005,REU,800227,0.26,14071.059,
Reunion,2006,REU,806686,0.27,13118.102,
Reunion,2007,REU,818729,0.24,12485.213,
Reunion,2008,REU,830496,0.27,13553.528,
Reunion,2009,REU,838473,0.28,13890.095,
Reunion,2010,REU,844480,0.28,15002.828,
Reunion,2011,REU,846790,0.28,12974.761,
Reunion,2012,REU,845062,0.28,0,
Reunion,2013,REU,847600,0.27,0,
Reunion,2014,REU,858677,0.26,0,
Reunion,2015,REU,865016,0.29,0,
Reunion,2016,REU,862861,0.26,0,
Reunion,2017,REU,858761,0.27,0,
Reunion,2018,REU,856946,0.21,0,
Reunion,2019,REU,857327,0.26,0,
Reunion,2020,REU,861452,0.24,0,
Reunion,2021,REU,868085,0.24,0,
Reunion,2022,REU,871543,0.25,0,
Reunion,2023,REU,874883,,0,
Romania,1900,ROU,11005350,,,
Romania,1901,ROU,11081437,,,
Romania,1902,ROU,11161841,,,
Romania,1903,ROU,11246617,,,
Romania,1904,ROU,11332037,,,
Romania,1905,ROU,11418106,,,
Romania,1906,ROU,11504829,,,
Romania,1907,ROU,11592210,,,
Romania,1908,ROU,11680255,,,
Romania,1909,ROU,11760236,,,
Romania,1910,ROU,11832057,,,
Romania,1911,ROU,11895622,,,
Romania,1912,ROU,11950834,,,
Romania,1913,ROU,11997596,,,
Romania,1914,ROU,12044540,,,
Romania,1915,ROU,12091668,,,
Romania,1916,ROU,12138981,,,
Romania,1917,ROU,12186478,,,
Romania,1918,ROU,12234305,,,
Romania,1919,ROU,12306467,,,
Romania,1920,ROU,12403390,,,
Romania,1921,ROU,12525509,,,
Romania,1922,ROU,12673261,,,
Romania,1923,ROU,12847094,,,
Romania,1924,ROU,13023310,,,
Romania,1925,ROU,13201944,,,
Romania,1926,ROU,13383028,,,
Romania,1927,ROU,13566595,,,
Romania,1928,ROU,13752681,,,
Romania,1929,ROU,13936009,,,
Romania,1930,ROU,14116480,,,
Romania,1931,ROU,14293990,,,
Romania,1932,ROU,14468434,,,
Romania,1933,ROU,14639706,,,
Romania,1934,ROU,14813005,,,
Romania,1935,ROU,14988356,,,
Romania,1936,ROU,15165782,,,
Romania,1937,ROU,15345308,,,
Romania,1938,ROU,15526960,,,
Romania,1939,ROU,15681114,,,
Romania,1940,ROU,15807371,,,
Romania,1941,ROU,15905325,,,
Romania,1942,ROU,15974568,,,
Romania,1943,ROU,16014683,,,
Romania,1944,ROU,16054899,,,
Romania,1945,ROU,16095216,,,
Romania,1946,ROU,16135634,,,
Romania,1947,ROU,16176154,,,
Romania,1948,ROU,16216775,,,
Romania,1949,ROU,16288894,,,
Romania,1950,ROU,16397275,,,
Romania,1951,ROU,16625608,,,
Romania,1952,ROU,16846051,,,
Romania,1953,ROU,17057702,,,
Romania,1954,ROU,17266659,,,
Romania,1955,ROU,17475271,,,
Romania,1956,ROU,17691497,,,
Romania,1957,ROU,17887291,,,
Romania,1958,ROU,18046126,,,
Romania,1959,ROU,18187698,,,
Romania,1960,ROU,18313498,,,
Romania,1961,ROU,18422521,,,
Romania,1962,ROU,18511674,,,
Romania,1963,ROU,18587433,,,
Romania,1964,ROU,18655407,,,
Romania,1965,ROU,18713060,,14894.458,
Romania,1966,ROU,18776261,,15832.22,
Romania,1967,ROU,18998561,,17460.98,
Romania,1968,ROU,19361050,,18231.438,
Romania,1969,ROU,19701809,,20597.695,
Romania,1970,ROU,20011626,,21587.992,
Romania,1971,ROU,20293487,,22596.684,
Romania,1972,ROU,20555577,,23510.693,
Romania,1973,ROU,20798323,,25282.029,
Romania,1974,ROU,21033562,,25173.83,
Romania,1975,ROU,21268070,,27153.891,
Romania,1976,ROU,21497684,,28949.285,
Romania,1977,ROU,21700176,,30411.758,
Romania,1978,ROU,21868064,,32501.912,
Romania,1979,ROU,22019627,,32916.832,
Romania,1980,ROU,22154776,,33033.355,
Romania,1981,ROU,22272788,,32936.477,
Romania,1982,ROU,22374447,,32504.658,
Romania,1983,ROU,22459213,,32156.234,
Romania,1984,ROU,22534002,,31818.518,
Romania,1985,ROU,22605815,,31624.783,
Romania,1986,ROU,22674739,,32198.066,
Romania,1987,ROU,22745589,,33286.32,
Romania,1988,ROU,22815435,,33798.848,
Romania,1989,ROU,22887645,,33750.84,
Romania,1990,ROU,22939530,0,32050.145,22.57
Romania,1991,ROU,22947416,0,27211.963,20.47
Romania,1992,ROU,22912389,0,24033.893,19.47
Romania,1993,ROU,22842257,0,23431.217,18
Romania,1994,ROU,22756247,0,22185.154,16.57
Romania,1995,ROU,22657722,0,24486.252,15.97
Romania,1996,ROU,22541915,0,24461.168,16.71
Romania,1997,ROU,22411511,0.01,23350.738,10.08
Romania,1998,ROU,22284901,0.01,21487.428,10.16
Romania,1999,ROU,22166156,0,19000.631,8.44
Romania,2000,ROU,22046264,0,19065.902,9
Romania,2001,ROU,21919916,0,19393.555,8.07
Romania,2002,ROU,21770020,0,20271.309,8.97
Romania,2003,ROU,21593448,0,20434.184,9.7
Romania,2004,ROU,21403215,0,21456.91,10.46
Romania,2005,ROU,21213395,0.01,21705.584,9.61
Romania,2006,ROU,21035732,0,22229.311,11.83
Romania,2007,ROU,20870714,0.04,21609.418,11.56
Romania,2008,ROU,20718745,0.02,21709.68,9.92
Romania,2009,ROU,20576922,0.01,19056.42,7.63
Romania,2010,ROU,20432575,0.11,19401.561,7.26
Romania,2011,ROU,20282009,0.2,20133.164,8.36
Romania,2012,ROU,20158451,0.21,19512.025,8.72
Romania,2013,ROU,20062913,0.25,18420.879,9.26
Romania,2014,ROU,19968179,0.5,18986.027,8.1
Romania,2015,ROU,19871018,0.52,19180.48,9.39
Romania,2016,ROU,19777049,0.53,19269.059,9.65
Romania,2017,ROU,19689405,0.53,19702.773,10.66
Romania,2018,ROU,19597874,0.44,20004.775,10.52
Romania,2019,ROU,19501542,0.5,19681.396,8.95
Romania,2020,ROU,19392467,0.55,19053.199,9.46
Romania,2021,ROU,19248159,0.65,20261.834,9.91
Romania,2022,ROU,19166776,0.65,18791.148,9.33
Romania,2023,ROU,19118482,0.44,18796.941,9.15
Romania,2024,ROU,19015096,0.48,18694.158,10.03
Russia,1985,RUS,143569386,,66554.148,451.267
Russia,1986,RUS,144807816,,67154.219,469.814
Russia,1987,RUS,146147383,,68715.734,487.931
Russia,1988,RUS,147364493,,69338.688,494.154
Russia,1989,RUS,148281862,,69164.422,501.005
Russia,1990,RUS,148979537,,67634.141,511.616
Russia,1991,RUS,149448433,,66502.156,501.311
Russia,1992,RUS,148915993,,64241.723,460.187
Russia,1993,RUS,148135419,,60209.305,429.168
Russia,1994,RUS,148200734,,54914.871,363.742
Russia,1995,RUS,148291406,,51938.5,353.544
Russia,1996,RUS,148084580,,50060.594,364.111
Russia,1997,RUS,147853769,,47418.508,356.868
Russia,1998,RUS,147635543,,47400.148,346.504
Russia,1999,RUS,147241973,,48128.516,358.634
Russia,2000,RUS,146717784,0.08,49169.844,370.37
Russia,2001,RUS,146117290,0.11,50153.324,376.74
Russia,2002,RUS,145939502,0.17,50010.18,384.77
Russia,2003,RUS,145794230,0.37,51088.902,406.82
Russia,2004,RUS,145180091,0.45,51757.012,422.56
Russia,2005,RUS,144597886,0.45,51894.969,440.07
Russia,2006,RUS,144102948,0.51,54384.289,455.25
Russia,2007,RUS,143859767,0.48,54763.992,489.14
Russia,2008,RUS,143811837,0.49,55034.594,494.44
Russia,2009,RUS,143869128,0.5,52284.949,469.83
Russia,2010,RUS,143934468,0.54,54290.234,520.53
Russia,2011,RUS,144043751,0.56,56097.879,521.3
Russia,2012,RUS,144291025,0.5,56333.117,526.11
Russia,2013,RUS,144604105,0.48,55548.391,529.96
Russia,2014,RUS,144925639,0.55,55599.285,534.85
Russia,2015,RUS,145307612,0.48,54577.699,529.76
Russia,2016,RUS,145778668,0.45,55468.086,521.81
Russia,2017,RUS,146186798,0.52,55653.059,516.27
Russia,2018,RUS,146430146,0.5,57585.199,523.72
Russia,2019,RUS,146533063,0.54,57120.422,512.33
Russia,2020,RUS,146371295,0.81,55172.793,465.88
Russia,2021,RUS,145836172,0.82,57127.566,513.41
Russia,2022,RUS,145579889,0.84,59257.91,531.59
Russia,2023,RUS,145440502,0.85,60237.031,533.35
Russia,2024,RUS,144820421,0.83,62485.312,545.78
Rwanda,1980,RWA,5353263,,155.831,
Rwanda,1981,RWA,5527236,,305.282,
Rwanda,1982,RWA,5711555,,285.238,
Rwanda,1983,RWA,5905311,,306.977,
Rwanda,1984,RWA,6107628,,470.203,
Rwanda,1985,RWA,6317230,,464.39,
Rwanda,1986,RWA,6531887,,452.574,
Rwanda,1987,RWA,6749494,,435.939,
Rwanda,1988,RWA,6968075,,420.241,
Rwanda,1989,RWA,7184709,,419.597,
Rwanda,1990,RWA,7375313,,431.638,
Rwanda,1991,RWA,7526964,,431.797,
Rwanda,1992,RWA,7683266,,423.977,
Rwanda,1993,RWA,7981142,,374.48,
Rwanda,1994,RWA,6792358,,449.892,
Rwanda,1995,RWA,5674118,,548.458,
Rwanda,1996,RWA,6708767,,463.585,
Rwanda,1997,RWA,7755237,,402.569,
Rwanda,1998,RWA,8081688,,392.742,
Rwanda,1999,RWA,8147917,,384.272,
Rwanda,2000,RWA,8213936,0,325.954,0
Rwanda,2001,RWA,8287091,0,322.997,0
Rwanda,2002,RWA,8400185,0,324.637,0
Rwanda,2003,RWA,8586878,0,311.863,0
Rwanda,2004,RWA,8816849,0,299.312,0
Rwanda,2005,RWA,9054532,0,289.582,0
Rwanda,2006,RWA,9299251,0,284.862,0
Rwanda,2007,RWA,9549940,0,281.718,0
Rwanda,2008,RWA,9804268,0,284.913,0
Rwanda,2009,RWA,10060438,0,284.673,0
Rwanda,2010,RWA,10317560,0,305.011,0.01
Rwanda,2011,RWA,10573742,0,331.1,0.01
Rwanda,2012,RWA,10829904,0,359.024,0.01
Rwanda,2013,RWA,11093340,0,366.961,0.01
Rwanda,2014,RWA,11364758,0,370.45,0.02
Rwanda,2015,RWA,11640026,0,390.745,0.02
Rwanda,2016,RWA,11919183,0,387.805,0.1
Rwanda,2017,RWA,12202062,0,403.966,0.11
Rwanda,2018,RWA,12488000,0,391.707,0.21
Rwanda,2019,RWA,12776102,0,430.316,0.21
Rwanda,2020,RWA,13065838,0,439.894,0.21
Rwanda,2021,RWA,13355260,0,487.895,0.22
Rwanda,2022,RWA,13651025,0,497.914,0.21
Rwanda,2023,RWA,13954473,0,529.792,0.22
Saint Helena,1980,SHN,6413,,2116.747,
Saint Helena,1981,SHN,6466,,1927.33,
Saint Helena,1982,SHN,6535,,1906.98,
Saint Helena,1983,SHN,6601,,1887.913,
Saint Helena,1984,SHN,6647,,1879.984,
Saint Helena,1985,SHN,6678,,1907.2,
Saint Helena,1986,SHN,6706,,1898.307,
Saint Helena,1987,SHN,6723,,3853.009,
Saint Helena,1988,SHN,6710,,3860.956,
Saint Helena,1989,SHN,6677,,3879.553,
Saint Helena,1990,SHN,6639,,3901.759,
Saint Helena,1991,SHN,6601,,1928.503,
Saint Helena,1992,SHN,6545,,1945.559,
Saint Helena,1993,SHN,6495,,1959.977,
Saint Helena,1994,SHN,6433,,1978.867,
Saint Helena,1995,SHN,6373,,1997.497,
Saint Helena,1996,SHN,6309,,2018.337,
Saint Helena,1997,SHN,6249,,2037.134,
Saint Helena,1998,SHN,6184,,2058.546,
Saint Helena,1999,SHN,6113,,2083.307,
Saint Helena,2000,SHN,6045,0,8510.754,0
Saint Helena,2001,SHN,5963,0,8615.149,0
Saint Helena,2002,SHN,5879,0,9111.901,0
Saint Helena,2003,SHN,5775,0,9177.48,0
Saint Helena,2004,SHN,5678,0,6092.892,0
Saint Helena,2005,SHN,5570,0,7752.106,0
Saint Helena,2006,SHN,5457,0,7287.683,0
Saint Helena,2007,SHN,5346,0,9425.131,0
Saint Helena,2008,SHN,5295,0,7744.42,0
Saint Helena,2009,SHN,5320,0,7248.134,0
Saint Helena,2010,SHN,5352,0,8168.314,0
Saint Helena,2011,SHN,5385,0,7942.397,0
Saint Helena,2012,SHN,5428,0,8728.501,0
Saint Helena,2013,SHN,5462,0,8320.795,0
Saint Helena,2014,SHN,5493,0,7854.348,0
Saint Helena,2015,SHN,5529,0,7102.826,0
Saint Helena,2016,SHN,5544,0,7136.471,0
Saint Helena,2017,SHN,5528,0,7652.684,0
Saint Helena,2018,SHN,5507,0,9256.192,0
Saint Helena,2019,SHN,5485,0,10433.01,0
Saint Helena,2020,SHN,5451,0,8155.021,0
Saint Helena,2021,SHN,5415,0,8847.337,0
Saint Helena,2022,SHN,5369,0,9424.781,0
Saint Helena,2023,SHN,5316,,9813.147,
Saint Kitts and Nevis,1980,KNA,42866,,5643.955,
Saint Kitts and Nevis,1981,KNA,42721,,5647.639,
Saint Kitts and Nevis,1982,KNA,42549,,5670.468,
Saint Kitts and Nevis,1983,KNA,42355,,5696.441,
Saint Kitts and Nevis,1984,KNA,42134,,5742.008,
Saint Kitts and Nevis,1985,KNA,41894,,5759.125,
Saint Kitts and Nevis,1986,KNA,41642,,4958.919,
Saint Kitts and Nevis,1987,KNA,41368,,4991.765,
Saint Kitts and Nevis,1988,KNA,41084,,5351.063,
Saint Kitts and Nevis,1989,KNA,40777,,5379.148,
Saint Kitts and Nevis,1990,KNA,40456,,5421.83,
Saint Kitts and Nevis,1991,KNA,40382,,7292.91,
Saint Kitts and Nevis,1992,KNA,40740,,7245.195,
Saint Kitts and Nevis,1993,KNA,41266,,8723.111,
Saint Kitts and Nevis,1994,KNA,41798,,10102.839,
Saint Kitts and Nevis,1995,KNA,42347,,8500.435,
Saint Kitts and Nevis,1996,KNA,42903,,9869.599,
Saint Kitts and Nevis,1997,KNA,43453,,9718.051,
Saint Kitts and Nevis,1998,KNA,44018,,9593.313,
Saint Kitts and Nevis,1999,KNA,44625,,9462.822,
Saint Kitts and Nevis,2000,KNA,45272,0,17035.725,0
Saint Kitts and Nevis,2001,KNA,45785,0,17412.256,0
Saint Kitts and Nevis,2002,KNA,46048,0,18940.201,0
Saint Kitts and Nevis,2003,KNA,46200,0,18908.277,0
Saint Kitts and Nevis,2004,KNA,46337,0,20389.607,0
Saint Kitts and Nevis,2005,KNA,46459,0,18946.154,0
Saint Kitts and Nevis,2006,KNA,46592,0,19577.293,0
Saint Kitts and Nevis,2007,KNA,46734,0,20636.025,0
Saint Kitts and Nevis,2008,KNA,46857,0,20558.516,0
Saint Kitts and Nevis,2009,KNA,46941,0,20999.949,0
Saint Kitts and Nevis,2010,KNA,46871,0,21180.273,0
Saint Kitts and Nevis,2011,KNA,46917,0,21975.393,0
Saint Kitts and Nevis,2012,KNA,47056,0,21692.805,0
Saint Kitts and Nevis,2013,KNA,47092,0,21595.963,0
Saint Kitts and Nevis,2014,KNA,47112,0,21861.322,0
Saint Kitts and Nevis,2015,KNA,47108,0,22399.078,0
Saint Kitts and Nevis,2016,KNA,47099,0,23007.656,0
Saint Kitts and Nevis,2017,KNA,47075,0,23117.529,0
Saint Kitts and Nevis,2018,KNA,47032,0,23590.609,0
Saint Kitts and Nevis,2019,KNA,46976,0,23980.764,0
Saint Kitts and Nevis,2020,KNA,46896,0,22395.141,0
Saint Kitts and Nevis,2021,KNA,46786,0,22304.869,0
Saint Kitts and Nevis,2022,KNA,46732,0,24238.496,0
Saint Kitts and Nevis,2023,KNA,46783,,23859.037,
Saint Lucia,1980,LCA,119302,,3925.816,
Saint Lucia,1981,LCA,121183,,2890.74,
Saint Lucia,1982,LCA,123097,,3794.39,
Saint Lucia,1983,LCA,125055,,3268.108,
Saint Lucia,1984,LCA,127085,,3224.716,
Saint Lucia,1985,LCA,129174,,4067.868,
Saint Lucia,1986,LCA,131253,,4016.646,
Saint Lucia,1987,LCA,133243,,4314.082,
Saint Lucia,1988,LCA,135019,,5434.57,
Saint Lucia,1989,LCA,136526,,5361.448,
Saint Lucia,1990,LCA,137874,,5309.029,
Saint Lucia,1991,LCA,139536,,5245.793,
Saint Lucia,1992,LCA,141629,,5180.932,
Saint Lucia,1993,LCA,143735,,5092.545,
Saint Lucia,1994,LCA,145901,,5925.385,
Saint Lucia,1995,LCA,148227,,5832.403,
Saint Lucia,1996,LCA,150453,,5760.207,
Saint Lucia,1997,LCA,152584,,5665.86,
Saint Lucia,1998,LCA,154688,,5588.795,
Saint Lucia,1999,LCA,156719,,5516.434,
Saint Lucia,2000,LCA,158624,0,9235.667,0
Saint Lucia,2001,LCA,160247,0,9914.066,0
Saint Lucia,2002,LCA,161655,0,8880.034,0
Saint Lucia,2003,LCA,162985,0,9746.063,0
Saint Lucia,2004,LCA,164250,0,9705.354,0
Saint Lucia,2005,LCA,165460,0,9938.069,0
Saint Lucia,2006,LCA,166657,0,9953.021,0
Saint Lucia,2007,LCA,167766,0,10222.272,0
Saint Lucia,2008,LCA,168816,0,10440.874,0
Saint Lucia,2009,LCA,169880,0,10121.01,0
Saint Lucia,2010,LCA,170921,0,10513.959,0
Saint Lucia,2011,LCA,171814,0,10616.009,0
Saint Lucia,2012,LCA,172595,0,10518.801,0
Saint Lucia,2013,LCA,173380,0,10444.183,0
Saint Lucia,2014,LCA,174145,0,10499.429,0
Saint Lucia,2015,LCA,174919,0,10514.652,0
Saint Lucia,2016,LCA,175651,0,10583.137,0
Saint Lucia,2017,LCA,176352,0,11427.596,0
Saint Lucia,2018,LCA,177032,0,14370.854,0
Saint Lucia,2019,LCA,177675,0,14145.36,0
Saint Lucia,2020,LCA,178261,0,13442.011,0
Saint Lucia,2021,LCA,178540,0,13946.938,0
Saint Lucia,2022,LCA,178794,0,14172.194,0
Saint Lucia,2023,LCA,179291,,13926.932,
Saint Pierre and Miquelon,1980,SPM,6192,,100768.305,
Saint Pierre and Miquelon,1981,SPM,6172,,100818.609,
Saint Pierre and Miquelon,1982,SPM,6163,,90869.258,
Saint Pierre and Miquelon,1983,SPM,6208,,100233.969,
Saint Pierre and Miquelon,1984,SPM,6259,,99689.617,
Saint Pierre and Miquelon,1985,SPM,6301,,88879.102,
Saint Pierre and Miquelon,1986,SPM,6338,,108772.445,
Saint Pierre and Miquelon,1987,SPM,6368,,139175.062,
Saint Pierre and Miquelon,1988,SPM,6381,,139492.969,
Saint Pierre and Miquelon,1989,SPM,6372,,168647.359,
Saint Pierre and Miquelon,1990,SPM,6377,,158576.656,
Saint Pierre and Miquelon,1991,SPM,6400,,148435.609,
Saint Pierre and Miquelon,1992,SPM,6428,,136082.453,
Saint Pierre and Miquelon,1993,SPM,6440,,77404.445,
Saint Pierre and Miquelon,1994,SPM,6455,,78820.102,
Saint Pierre and Miquelon,1995,SPM,6459,,49830.004,
Saint Pierre and Miquelon,1996,SPM,6451,,50023.672,
Saint Pierre and Miquelon,1997,SPM,6438,,29035.682,
Saint Pierre and Miquelon,1998,SPM,6392,,38992.852,
Saint Pierre and Miquelon,1999,SPM,6338,,39325.07,
Saint Pierre and Miquelon,2000,SPM,6317,0,44541.039,0
Saint Pierre and Miquelon,2001,SPM,6299,0,44668.32,0
Saint Pierre and Miquelon,2002,SPM,6273,0,48913.797,0
Saint Pierre and Miquelon,2003,SPM,6234,0,55412.055,0
Saint Pierre and Miquelon,2004,SPM,6191,0,53739.859,0
Saint Pierre and Miquelon,2005,SPM,6139,0,56269.547,0
Saint Pierre and Miquelon,2006,SPM,6094,0,56685.059,0
Saint Pierre and Miquelon,2007,SPM,6074,0,58968.391,0
Saint Pierre and Miquelon,2008,SPM,6063,0,59075.375,0
Saint Pierre and Miquelon,2009,SPM,6054,0,59163.195,0
Saint Pierre and Miquelon,2010,SPM,6047,0,61668.473,0
Saint Pierre and Miquelon,2011,SPM,6036,0,62202.832,0
Saint Pierre and Miquelon,2012,SPM,6019,0,61532.176,0
Saint Pierre and Miquelon,2013,SPM,5999,0,63223.348,0
Saint Pierre and Miquelon,2014,SPM,5984,0,66678.836,0
Saint Pierre and Miquelon,2015,SPM,5971,0,66824.008,0
Saint Pierre and Miquelon,2016,SPM,5957,0,68195.562,0
Saint Pierre and Miquelon,2017,SPM,5946,0,67104.969,0
Saint Pierre and Miquelon,2018,SPM,5932,0,48226.645,0
Saint Pierre and Miquelon,2019,SPM,5899,0,51840.148,0
Saint Pierre and Miquelon,2020,SPM,5852,0,49131.094,0
Saint Pierre and Miquelon,2021,SPM,5802,0,44315.492,0
Saint Pierre and Miquelon,2022,SPM,5760,0,43032.602,0
Saint Pierre and Miquelon,2023,SPM,5707,,43661.789,
Saint Vincent and the Grenadines,1980,VCT,104229,,1821.921,
Saint Vincent and the Grenadines,1981,VCT,105092,,1802.464,
Saint Vincent and the Grenadines,1982,VCT,105986,,1796.695,
Saint Vincent and the Grenadines,1983,VCT,106858,,1782.034,
Saint Vincent and the Grenadines,1984,VCT,107706,,1809.527,
Saint Vincent and the Grenadines,1985,VCT,108526,,1828.359,
Saint Vincent and the Grenadines,1986,VCT,109302,,1586.271,
Saint Vincent and the Grenadines,1987,VCT,110018,,1603.216,
Saint Vincent and the Grenadines,1988,VCT,110678,,1885.466,
Saint Vincent and the Grenadines,1989,VCT,111290,,2820.785,
Saint Vincent and the Grenadines,1990,VCT,111825,,2835.245,
Saint Vincent and the Grenadines,1991,VCT,112236,,2592.084,
Saint Vincent and the Grenadines,1992,VCT,112524,,3208.717,
Saint Vincent and the Grenadines,1993,VCT,112753,,2668.888,
Saint Vincent and the Grenadines,1994,VCT,112933,,4731.386,
Saint Vincent and the Grenadines,1995,VCT,113064,,5222.896,
Saint Vincent and the Grenadines,1996,VCT,113136,,4733.105,
Saint Vincent and the Grenadines,1997,VCT,113158,,5520.057,
Saint Vincent and the Grenadines,1998,VCT,113195,,6062.317,
Saint Vincent and the Grenadines,1999,VCT,113384,,6052.269,
Saint Vincent and the Grenadines,2000,VCT,113561,0,5735.511,0
Saint Vincent and the Grenadines,2001,VCT,113506,0,6808.641,0
Saint Vincent and the Grenadines,2002,VCT,113365,0,7353.361,0
Saint Vincent and the Grenadines,2003,VCT,113149,0,7758.977,0
Saint Vincent and the Grenadines,2004,VCT,112856,0,8534.022,0
Saint Vincent and the Grenadines,2005,VCT,112465,0,8616.67,0
Saint Vincent and the Grenadines,2006,VCT,112027,0,8634.947,0
Saint Vincent and the Grenadines,2007,VCT,111544,0,8854.484,0
Saint Vincent and the Grenadines,2008,VCT,111047,0,8889.091,0
Saint Vincent and the Grenadines,2009,VCT,110521,0,12161.639,0
Saint Vincent and the Grenadines,2010,VCT,109974,0,8881.534,0
Saint Vincent and the Grenadines,2011,VCT,109367,0,8266.168,0
Saint Vincent and the Grenadines,2012,VCT,108753,0,10181.51,0
Saint Vincent and the Grenadines,2013,VCT,108156,0,8331.03,0
Saint Vincent and the Grenadines,2014,VCT,107555,0,8823.812,0
Saint Vincent and the Grenadines,2015,VCT,106975,0,9015.487,0
Saint Vincent and the Grenadines,2016,VCT,106365,0,9070.232,0
Saint Vincent and the Grenadines,2017,VCT,105674,0,10490.862,0
Saint Vincent and the Grenadines,2018,VCT,104939,0,10144.432,0
Saint Vincent and the Grenadines,2019,VCT,104183,0,9379.387,0
Saint Vincent and the Grenadines,2020,VCT,103540,0,10105.646,0
Saint Vincent and the Grenadines,2021,VCT,102848,0,10010.844,0
Saint Vincent and the Grenadines,2022,VCT,102063,0,10512.446,0
Saint Vincent and the Grenadines,2023,VCT,101331,0,10916.865,0
Samoa,1980,WSM,164335,,2581.921,
Samoa,1981,WSM,165684,,2554.017,
Samoa,1982,WSM,166496,,2928.666,
Samoa,1983,WSM,166724,,2924.661,
Samoa,1984,WSM,166805,,3669.811,
Samoa,1985,WSM,166862,,2952.207,
Samoa,1986,WSM,167071,,2610.625,
Samoa,1987,WSM,167671,,2589.355,
Samoa,1988,WSM,168360,,2585.531,
Samoa,1989,WSM,168779,,3286.322,
Samoa,1990,WSM,169061,,3280.841,
Samoa,1991,WSM,169378,,3274.7,
Samoa,1992,WSM,170340,,2963.374,
Samoa,1993,WSM,171786,,3257.903,
Samoa,1994,WSM,173167,,3231.922,
Samoa,1995,WSM,174585,,3211.399,
Samoa,1996,WSM,176086,,3215.06,
Samoa,1997,WSM,177561,,3196.998,
Samoa,1998,WSM,178921,,3200.643,
Samoa,1999,WSM,180279,,3204.268,
Samoa,2000,WSM,181695,0,4732.406,0
Samoa,2001,WSM,183174,0,4890.384,0
Samoa,2002,WSM,184482,0,5018.462,0
Samoa,2003,WSM,185447,0,5131.687,0
Samoa,2004,WSM,186265,0,5160.195,0
Samoa,2005,WSM,186993,0,5212.25,0
Samoa,2006,WSM,187724,0,5378.08,0
Samoa,2007,WSM,188766,0,5733.315,0
Samoa,2008,WSM,190117,0,5845.448,0
Samoa,2009,WSM,191530,0,6106.59,0
Samoa,2010,WSM,193035,0,6052.441,0
Samoa,2011,WSM,194726,0,6054.305,0
Samoa,2012,WSM,196518,0,5970.802,0
Samoa,2013,WSM,198284,0,5777.379,0
Samoa,2014,WSM,200051,0,5826.455,0
Samoa,2015,WSM,201794,0,6696.765,0
Samoa,2016,WSM,203509,0,7039.85,0
Samoa,2017,WSM,205423,0,6965.174,0
Samoa,2018,WSM,207595,0,6951.594,0
Samoa,2019,WSM,209794,0,7488.415,0
Samoa,2020,WSM,211957,0,6422.969,0
Samoa,2021,WSM,213792,0.01,6439.443,0
Samoa,2022,WSM,215270,0.01,6614.565,0
Samoa,2023,WSM,216673,0.01,6879.89,0
Sao Tome and Principe,1980,STP,98563,,1279.345,
Sao Tome and Principe,1981,STP,100629,,1249.845,
Sao Tome and Principe,1982,STP,102528,,1236.449,
Sao Tome and Principe,1983,STP,104397,,1195.156,
Sao Tome and Principe,1984,STP,106410,,1194.4,
Sao Tome and Principe,1985,STP,108669,,1166.576,
Sao Tome and Principe,1986,STP,111163,,1244.502,
Sao Tome and Principe,1987,STP,113934,,1223.011,
Sao Tome and Principe,1988,STP,116955,,1194.237,
Sao Tome and Principe,1989,STP,119990,,1161.285,
Sao Tome and Principe,1990,STP,122993,,2146.168,
Sao Tome and Principe,1991,STP,125711,,2220.091,
Sao Tome and Principe,1992,STP,128127,,2183.448,
Sao Tome and Principe,1993,STP,130478,,2138.98,
Sao Tome and Principe,1994,STP,132745,,2571.851,
Sao Tome and Principe,1995,STP,134905,,2530.673,
Sao Tome and Principe,1996,STP,136974,,2498.575,
Sao Tome and Principe,1997,STP,138935,,2457.267,
Sao Tome and Principe,1998,STP,140765,,2418.218,
Sao Tome and Principe,1999,STP,142459,,2403.551,
Sao Tome and Principe,2000,STP,144029,0,1889.702,0
Sao Tome and Principe,2001,STP,146386,0,1808.979,0
Sao Tome and Principe,2002,STP,149932,0,1980.883,0
Sao Tome and Principe,2003,STP,153824,0,2147.572,0
Sao Tome and Principe,2004,STP,157721,0,2394.556,0
Sao Tome and Principe,2005,STP,161650,0,2497.804,0
Sao Tome and Principe,2006,STP,165651,0,2549.841,0
Sao Tome and Principe,2007,STP,169709,0,2571.557,0
Sao Tome and Principe,2008,STP,173808,0,2740.118,0
Sao Tome and Principe,2009,STP,177866,0,2863.84,0
Sao Tome and Principe,2010,STP,181810,0,3044.893,0
Sao Tome and Principe,2011,STP,185665,0,3077.946,0
Sao Tome and Principe,2012,STP,189452,0,3192.302,0
Sao Tome and Principe,2013,STP,193158,0,3131.053,0
Sao Tome and Principe,2014,STP,196780,0,3083.585,0
Sao Tome and Principe,2015,STP,200308,0,3139.276,0
Sao Tome and Principe,2016,STP,203702,0,3200.858,0
Sao Tome and Principe,2017,STP,206986,0,3200.026,0
Sao Tome and Principe,2018,STP,210198,0,2999.56,0
Sao Tome and Principe,2019,STP,213405,0,3108.311,0
Sao Tome and Principe,2020,STP,217450,0,2926.469,0
Sao Tome and Principe,2021,STP,221975,0,2968.911,0
Sao Tome and Principe,2022,STP,226313,0,2571.202,0
Sao Tome and Principe,2023,STP,230882,,2601,
Saudi Arabia,1900,SAU,2123533,,,
Saudi Arabia,1901,SAU,2126448,,,
Saudi Arabia,1902,SAU,2131279,,,
Saudi Arabia,1903,SAU,2138024,,,
Saudi Arabia,1904,SAU,2144761,,,
Saudi Arabia,1905,SAU,2151490,,,
Saudi Arabia,1906,SAU,2158212,,,
Saudi Arabia,1907,SAU,2164925,,,
Saudi Arabia,1908,SAU,2171629,,,
Saudi Arabia,1909,SAU,2179364,,,
Saudi Arabia,1910,SAU,2188136,,,
Saudi Arabia,1911,SAU,2197948,,,
Saudi Arabia,1912,SAU,2208805,,,
Saudi Arabia,1913,SAU,2220711,,,
Saudi Arabia,1914,SAU,2232649,,,
Saudi Arabia,1915,SAU,2244619,,,
Saudi Arabia,1916,SAU,2256620,,,
Saudi Arabia,1917,SAU,2268652,,,
Saudi Arabia,1918,SAU,2289522,,,
Saudi Arabia,1919,SAU,2310584,,,
Saudi Arabia,1920,SAU,2331840,,,
Saudi Arabia,1921,SAU,2353292,,,
Saudi Arabia,1922,SAU,2374941,,,
Saudi Arabia,1923,SAU,2396789,,,
Saudi Arabia,1924,SAU,2418838,,,
Saudi Arabia,1925,SAU,2441089,,,
Saudi Arabia,1926,SAU,2463546,,,
Saudi Arabia,1927,SAU,2486209,,,
Saudi Arabia,1928,SAU,2509080,,,
Saudi Arabia,1929,SAU,2532162,,,
Saudi Arabia,1930,SAU,2555457,,,
Saudi Arabia,1931,SAU,2578965,,,
Saudi Arabia,1932,SAU,2602690,,,
Saudi Arabia,1933,SAU,2626633,,,
Saudi Arabia,1934,SAU,2650797,,,
Saudi Arabia,1935,SAU,2675182,,,
Saudi Arabia,1936,SAU,2699792,,,
Saudi Arabia,1937,SAU,2724629,,,
Saudi Arabia,1938,SAU,2749693,,,
Saudi Arabia,1939,SAU,2774989,,,
Saudi Arabia,1940,SAU,2800517,,,
Saudi Arabia,1941,SAU,2826280,,,
Saudi Arabia,1942,SAU,2852280,,,
Saudi Arabia,1943,SAU,2878519,,,
Saudi Arabia,1944,SAU,2905000,,,
Saudi Arabia,1945,SAU,2931724,,,
Saudi Arabia,1946,SAU,2958694,,,
Saudi Arabia,1947,SAU,2985912,,,
Saudi Arabia,1948,SAU,3013381,,,
Saudi Arabia,1949,SAU,3047907,,,
Saudi Arabia,1950,SAU,1703280,,,
Saudi Arabia,1951,SAU,1763610,,,
Saudi Arabia,1952,SAU,1826521,,,
Saudi Arabia,1953,SAU,1892173,,,
Saudi Arabia,1954,SAU,1960632,,,
Saudi Arabia,1955,SAU,2031965,,,
Saudi Arabia,1956,SAU,2106234,,,
Saudi Arabia,1957,SAU,2183545,,,
Saudi Arabia,1958,SAU,2264105,,,
Saudi Arabia,1959,SAU,2348014,,,
Saudi Arabia,1960,SAU,2435410,,,
Saudi Arabia,1961,SAU,2526350,,,
Saudi Arabia,1962,SAU,2620915,,,
Saudi Arabia,1963,SAU,2719347,,,
Saudi Arabia,1964,SAU,2821970,,,
Saudi Arabia,1965,SAU,2928780,,80285.836,
Saudi Arabia,1966,SAU,3039891,,78398.07,
Saudi Arabia,1967,SAU,3157247,,76574.586,
Saudi Arabia,1968,SAU,3282707,,74791.336,
Saudi Arabia,1969,SAU,3417123,,73062.273,
Saudi Arabia,1970,SAU,3562475,,73784.508,
Saudi Arabia,1971,SAU,3724039,,70695.25,
Saudi Arabia,1972,SAU,3905729,,72244.906,
Saudi Arabia,1973,SAU,4106346,,73301.266,
Saudi Arabia,1974,SAU,4323639,,73862.266,
Saudi Arabia,1975,SAU,4556289,,55584.895,
Saudi Arabia,1976,SAU,4807936,,60898.129,
Saudi Arabia,1977,SAU,5083043,,68022.742,
Saudi Arabia,1978,SAU,5381901,,71598.445,
Saudi Arabia,1979,SAU,5703704,,81849.141,
Saudi Arabia,1980,SAU,6047997,,69430.641,
Saudi Arabia,1981,SAU,6420554,,78067.523,
Saudi Arabia,1982,SAU,6824484,,80863.688,
Saudi Arabia,1983,SAU,7252947,,82446.766,
Saudi Arabia,1984,SAU,7697312,,92928.281,
Saudi Arabia,1985,SAU,8151782,,89518.312,29.753
Saudi Arabia,1986,SAU,8628639,,90936.586,30.84
Saudi Arabia,1987,SAU,9130207,,91097.391,33.07
Saudi Arabia,1988,SAU,9629172,,90378.961,34.577
Saudi Arabia,1989,SAU,10128397,,84568.695,38.834
Saudi Arabia,1990,SAU,10640697,,87244.008,40.729
Saudi Arabia,1991,SAU,11160752,,87131.43,42.756
Saudi Arabia,1992,SAU,11686682,,84006.414,43.897
Saudi Arabia,1993,SAU,12215864,,82094.094,47.876
Saudi Arabia,1994,SAU,12750037,,90947.219,50.478
Saudi Arabia,1995,SAU,13289246,,85031.602,49.808
Saudi Arabia,1996,SAU,13831002,,84487.93,49.519
Saudi Arabia,1997,SAU,14374948,,82800.234,52.911
Saudi Arabia,1998,SAU,14922188,,83940.57,53.601
Saudi Arabia,1999,SAU,15472076,,82434.336,54.902
Saudi Arabia,2000,SAU,16177733,0,82513.391,63.84
Saudi Arabia,2001,SAU,17041405,0,83463.328,76.65
Saudi Arabia,2002,SAU,17910909,0,82708.406,86.51
Saudi Arabia,2003,SAU,18786771,0,83526.383,91.36
Saudi Arabia,2004,SAU,19669486,0,86552.734,98.74
Saudi Arabia,2005,SAU,20559886,0,88089.297,107.93
Saudi Arabia,2006,SAU,21459141,0,88548.273,104.55
Saudi Arabia,2007,SAU,22368313,0,86911.211,102.71
Saudi Arabia,2008,SAU,23287884,0,91397.906,100.71
Saudi Arabia,2009,SAU,24217656,0,91054.977,94.09
Saudi Arabia,2010,SAU,25157134,0,97431.875,111.38
Saudi Arabia,2011,SAU,26105636,0,97959.344,115.6
Saudi Arabia,2012,SAU,27062447,0,100294.359,131.49
Saudi Arabia,2013,SAU,28026825,0,97450.227,138.8
Saudi Arabia,2014,SAU,28998127,0,101100.227,152.48
Saudi Arabia,2015,SAU,29974944,0,101972.688,165.33
Saudi Arabia,2016,SAU,30717804,0,103517.945,188.56
Saudi Arabia,2017,SAU,30782400,0,103364.891,222.73
Saudi Arabia,2018,SAU,30365119,0,102146.078,226.68
Saudi Arabia,2019,SAU,30472809,0,97377.938,223.54
Saudi Arabia,2020,SAU,30991206,0,93195.883,231.57
Saudi Arabia,2021,SAU,31328374,0,95196.312,242.09
Saudi Arabia,2022,SAU,32175351,0,97902.695,247.84
Saudi Arabia,2023,SAU,33264289,0,96221.539,265.5
Saudi Arabia,2024,SAU,33962751,0,96883.312,287.98
Senegal,1980,SEN,5845640,,1752.68,
Senegal,1981,SEN,5997165,,1703.729,
Senegal,1982,SEN,6156963,,1659.51,
Senegal,1983,SEN,6324507,,1520.515,
Senegal,1984,SEN,6499366,,1854.576,
Senegal,1985,SEN,6683296,,1708.679,
Senegal,1986,SEN,6878199,,1703.952,
Senegal,1987,SEN,7081535,,1675,
Senegal,1988,SEN,7289622,,1394.809,
Senegal,1989,SEN,7502213,,1401.059,
Senegal,1990,SEN,7720524,,1378.018,
Senegal,1991,SEN,7943091,,1236.738,
Senegal,1992,SEN,8168396,,1456.766,
Senegal,1993,SEN,8396289,,1477.701,
Senegal,1994,SEN,8624077,,1735.306,
Senegal,1995,SEN,8848112,,1830.635,
Senegal,1996,SEN,9067018,,1801.723,
Senegal,1997,SEN,9283505,,1607.275,
Senegal,1998,SEN,9502951,,1670.616,
Senegal,1999,SEN,9730897,,1796.547,
Senegal,2000,SEN,9968262,0.05,1996.683,0
Senegal,2001,SEN,10212941,0.06,2123.851,0
Senegal,2002,SEN,10466216,0.07,2114.22,0.01
Senegal,2003,SEN,10721176,0.05,2055.552,0.05
Senegal,2004,SEN,10975711,0.04,2135.905,0.06
Senegal,2005,SEN,11235473,0.05,2171.303,0.06
Senegal,2006,SEN,11500094,0.05,2088.511,0.05
Senegal,2007,SEN,11770348,0.04,2212.367,0.05
Senegal,2008,SEN,12048963,0.04,2208.442,0.05
Senegal,2009,SEN,12337390,0.05,2062.085,0.05
Senegal,2010,SEN,12635418,0.07,2088.487,0.08
Senegal,2011,SEN,12958902,0.08,2137.034,0.06
Senegal,2012,SEN,13310499,0.05,2036.734,0.14
Senegal,2013,SEN,13710857,0.06,2060.026,0.15
Senegal,2014,SEN,14152103,0.07,2220.115,0.13
Senegal,2015,SEN,14593335,0.07,2501.007,0.08
Senegal,2016,SEN,15034517,0.06,2342.34,0.08
Senegal,2017,SEN,15475001,0.08,2407.79,0.06
Senegal,2018,SEN,15914495,0.09,2362.45,0.04
Senegal,2019,SEN,16352926,0.12,2561.538,0.06
Senegal,2020,SEN,16789217,0.11,2213.902,0.05
Senegal,2021,SEN,17220866,0.1,2404.388,0.02
Senegal,2022,SEN,17651099,0.11,2558.049,0.02
Senegal,2023,SEN,18077573,0.11,2433.278,0.02
Serbia,1990,SRB,7874595,0,,1.32
Serbia,1991,SRB,7867067,0,,1.32
Serbia,1992,SRB,7859811,0,,0.59
Serbia,1993,SRB,7849723,0,,0.37
Serbia,1994,SRB,7837157,0,,0.31
Serbia,1995,SRB,7823281,0,,0.35
Serbia,1996,SRB,7807720,0,,0.51
Serbia,1997,SRB,7789186,0,,0.56
Serbia,1998,SRB,7765929,0,,0.52
Serbia,1999,SRB,7734367,0,,0.36
Serbia,2000,SRB,7694608,0,,0.39
Serbia,2001,SRB,7651927,0,,0.5
Serbia,2002,SRB,7616741,0,,0.5
Serbia,2003,SRB,7590946,0,,0.54
Serbia,2004,SRB,7565843,0,,0.68
Serbia,2005,SRB,7539139,0,,0.32
Serbia,2006,SRB,7511395,0,24499.482,0.12
Serbia,2007,SRB,7482996,0,24744.312,0.43
Serbia,2008,SRB,7454285,0,24936.412,0.41
Serbia,2009,SRB,7425346,0,23584.721,0.17
Serbia,2010,SRB,7395872,0,24182.895,0.33
Serbia,2011,SRB,7364858,0,25392.164,0.5
Serbia,2012,SRB,7324624,0.01,23840.121,0.48
Serbia,2013,SRB,7276183,0.02,23679.709,0.3
Serbia,2014,SRB,7227203,0.02,20779.764,0.23
Serbia,2015,SRB,7177257,0.02,23759.521,0.22
Serbia,2016,SRB,7126083,0.03,24436.857,0.38
Serbia,2017,SRB,7073507,0.08,25638.635,0.55
Serbia,2018,SRB,7020014,0.1,25794.066,0.6
Serbia,2019,SRB,6966155,0.14,25990.816,0.67
Serbia,2020,SRB,6907814,0.19,25773.5,0.51
Serbia,2021,SRB,6835429,0.25,27246.262,1.07
Serbia,2022,SRB,6791215,0.25,26257.111,1.45
Serbia,2023,SRB,6773204,0.25,26332.174,1.97
Serbia,2024,SRB,6736217,0.26,,2.21
Serbia and Montenegro,1992,,10188744,,22305.471,
Serbia and Montenegro,1993,,10282967,,18493.479,
Serbia and Montenegro,1994,,10349290,,17982.881,
Serbia and Montenegro,1995,,10371560,,19938.254,
Serbia and Montenegro,1996,,10342919,,23357.953,
Serbia and Montenegro,1997,,10270806,,25471.582,
Serbia and Montenegro,1998,,10171025,,26153.467,
Serbia and Montenegro,1999,,10066727,,20640.633,
Serbia and Montenegro,2000,,9975028,,21336.246,
Serbia and Montenegro,2001,,9900831,,22286.547,
Serbia and Montenegro,2002,,9840118,,25165.766,
Serbia and Montenegro,2003,,9790282,,25954.656,
Serbia and Montenegro,2004,,9745756,,26642.047,
Serbia and Montenegro,2005,,9702399,,24940.557,
Seychelles,1980,SYC,66281,,14169.62,
Seychelles,1981,SYC,66974,,11187.751,
Seychelles,1982,SYC,67666,,10150.56,
Seychelles,1983,SYC,68379,,17349.969,
Seychelles,1984,SYC,69103,,18121.291,
Seychelles,1985,SYC,69837,,18775.932,
Seychelles,1986,SYC,70582,,17648.066,
Seychelles,1987,SYC,71358,,18435.262,
Seychelles,1988,SYC,72229,,26889.072,
Seychelles,1989,SYC,73142,,27631.094,
Seychelles,1990,SYC,74000,,24391.521,
Seychelles,1991,SYC,74838,,27346.631,
Seychelles,1992,SYC,75630,,26830.818,
Seychelles,1993,SYC,76420,,27298.029,
Seychelles,1994,SYC,77279,,26994.596,
Seychelles,1995,SYC,78144,,27636.34,
Seychelles,1996,SYC,78901,,27444.008,
Seychelles,1997,SYC,79670,,28787.609,
Seychelles,1998,SYC,80738,,28406.807,
Seychelles,1999,SYC,82033,,27958.432,
Seychelles,2000,SYC,83339,0,45128.398,0
Seychelles,2001,SYC,84621,0,47809.285,0
Seychelles,2002,SYC,85878,0,41022.238,0
Seychelles,2003,SYC,87056,0,40367.582,0
Seychelles,2004,SYC,88175,0,55627.305,0
Seychelles,2005,SYC,89288,0,50038.867,0
Seychelles,2006,SYC,90391,0,52513.859,0
Seychelles,2007,SYC,91483,0,42657.594,0
Seychelles,2008,SYC,92563,0,45958.117,0
Seychelles,2009,SYC,93644,0,49517.035,0
Seychelles,2010,SYC,94993,0,44144.305,0
Seychelles,2011,SYC,97041,0,37104.098,0
Seychelles,2012,SYC,99565,0,41611.43,0
Seychelles,2013,SYC,102108,0,36527.234,0
Seychelles,2014,SYC,104663,0,41677.82,0
Seychelles,2015,SYC,107247,0,42146.875,0
Seychelles,2016,SYC,109836,0,45840.832,0
Seychelles,2017,SYC,112443,0,46686.66,0
Seychelles,2018,SYC,115053,0,36782.391,0
Seychelles,2019,SYC,117662,0,32611.264,0
Seychelles,2020,SYC,120299,0,29880.9,0
Seychelles,2021,SYC,123000,0,27693.805,0
Seychelles,2022,SYC,125533,0,28729.107,0
Seychelles,2023,SYC,127961,0,28967.066,0
Sierra Leone,1980,SLE,3272097,,959.283,
Sierra Leone,1981,SLE,3338944,,937.509,
Sierra Leone,1982,SLE,3408188,,991.939,
Sierra Leone,1983,SLE,3481644,,899.084,
Sierra Leone,1984,SLE,3558762,,882.011,
Sierra Leone,1985,SLE,3638444,,946.371,
Sierra Leone,1986,SLE,3728381,,975.041,
Sierra Leone,1987,SLE,3829720,,1040.141,
Sierra Leone,1988,SLE,3934517,,1101.548,
Sierra Leone,1989,SLE,4034038,,1044.787,
Sierra Leone,1990,SLE,4196834,,1019.11,
Sierra Leone,1991,SLE,4246268,,1067.011,
Sierra Leone,1992,SLE,4166368,,786.048,
Sierra Leone,1993,SLE,4157128,,786.506,
Sierra Leone,1994,SLE,4173111,,743.737,
Sierra Leone,1995,SLE,4179178,,854.106,
Sierra Leone,1996,SLE,4199215,,837.542,
Sierra Leone,1997,SLE,4253710,,869.221,
Sierra Leone,1998,SLE,4295783,,860.712,
Sierra Leone,1999,SLE,4318047,,856.274,
Sierra Leone,2000,SLE,4423615,0,417.366,0
Sierra Leone,2001,SLE,4692715,0,495.191,0
Sierra Leone,2002,SLE,4971435,0,470.089,0
Sierra Leone,2003,SLE,5177686,0,463.906,0
Sierra Leone,2004,SLE,5355715,0,447.603,0
Sierra Leone,2005,SLE,5501707,0,393.411,0
Sierra Leone,2006,SLE,5624464,0,471.732,0
Sierra Leone,2007,SLE,5749353,0,431.164,0
Sierra Leone,2008,SLE,5894728,0,413.68,0
Sierra Leone,2009,SLE,6055655,0,404.411,0
Sierra Leone,2010,SLE,6222715,0,437.283,0
Sierra Leone,2011,SLE,6387258,0,541.179,0
Sierra Leone,2012,SLE,6551078,0,601.191,0
Sierra Leone,2013,SLE,6714057,0,690.481,0
Sierra Leone,2014,SLE,6876385,0,738.866,0
Sierra Leone,2015,SLE,7037660,0,585.566,0
Sierra Leone,2016,SLE,7205339,0,585.52,0
Sierra Leone,2017,SLE,7379300,0,565.926,0
Sierra Leone,2018,SLE,7554568,0,601.862,0
Sierra Leone,2019,SLE,7731994,0,586.241,0
Sierra Leone,2020,SLE,7912557,0,580.416,0
Sierra Leone,2021,SLE,8094603,0,688.847,0
Sierra Leone,2022,SLE,8276809,0,669.458,0
Sierra Leone,2023,SLE,8460523,0,674.465,0
Singapore,1965,SGP,1870828,,25597.227,
Singapore,1966,SGP,1919088,,28525.906,
Singapore,1967,SGP,1965686,,33451.945,
Singapore,1968,SGP,2010102,,40661.883,
Singapore,1969,SGP,2052163,,39138.469,
Singapore,1970,SGP,2091568,,41693.781,
Singapore,1971,SGP,2128445,,35564.871,
Singapore,1972,SGP,2164344,,43795.062,
Singapore,1973,SGP,2200145,,40600.336,
Singapore,1974,SGP,2235079,,39398.391,
Singapore,1975,SGP,2268532,,37903.793,
Singapore,1976,SGP,2300749,,44329.863,
Singapore,1977,SGP,2331547,,43908.457,
Singapore,1978,SGP,2360611,,44638.293,
Singapore,1979,SGP,2388159,,47037.617,
Singapore,1980,SGP,2437496,,45772.859,
Singapore,1981,SGP,2531801,,50699.008,
Singapore,1982,SGP,2627420,,47534.711,
Singapore,1983,SGP,2685982,,49260.035,
Singapore,1984,SGP,2720930,,51123.152,
Singapore,1985,SGP,2735032,,51880.066,
Singapore,1986,SGP,2744656,,60027.945,
Singapore,1987,SGP,2781625,,62278.961,
Singapore,1988,SGP,2849043,,70349.805,
Singapore,1989,SGP,2938656,,77769.414,
Singapore,1990,SGP,3039593,,89848.742,
Singapore,1991,SGP,3136294,,88740.07,
Singapore,1992,SGP,3226461,,92543.344,
Singapore,1993,SGP,3317892,,98319.023,
Singapore,1994,SGP,3417818,,109158.398,
Singapore,1995,SGP,3533624,,110068.547,
Singapore,1996,SGP,3664566,,107100.578,
Singapore,1997,SGP,3796629,,108728.195,
Singapore,1998,SGP,3901418,,107271.07,
Singapore,1999,SGP,3966562,,104454.742,
Singapore,2000,SGP,4035251,0.49,109786.094,5.86
Singapore,2001,SGP,4116169,0.69,121647.219,15.81
Singapore,2002,SGP,4146898,0.77,116289.367,18.67
Singapore,2003,SGP,4138241,0.99,109774.617,21.45
Singapore,2004,SGP,4172767,0.96,123064.773,25.33
Singapore,2005,SGP,4268363,0.96,127051.617,28.43
Singapore,2006,SGP,4407064,0.95,135878.344,30.72
Singapore,2007,SGP,4596516,0.99,141082.234,32.37
Singapore,2008,SGP,4806742,1.04,143673.141,33.46
Singapore,2009,SGP,4968574,1.05,149339.188,33.69
Singapore,2010,SGP,5077020,1.18,156003.531,35.02
Singapore,2011,SGP,5182242,1.2,159035.375,35.88
Singapore,2012,SGP,5293345,1.27,157040.891,39.57
Singapore,2013,SGP,5385589,1.69,156552.797,44.03
Singapore,2014,SGP,5457899,1.38,157654.781,47.03
Singapore,2015,SGP,5525343,1.46,164988.625,47.89
Singapore,2016,SGP,5577936,1.41,172266.609,49.11
Singapore,2017,SGP,5604087,1.39,175960,49.72
Singapore,2018,SGP,5634366,1.35,176342.375,50.47
Singapore,2019,SGP,5669562,1.32,171884.062,51.76
Singapore,2020,SGP,5620151,1.19,162517.109,50.84
Singapore,2021,SGP,5546291,1.22,164442.578,52.94
Singapore,2022,SGP,5649888,1.66,158521.719,52.54
Singapore,2023,SGP,5789092,1.66,171241.078,53.06
Singapore,2024,SGP,5832387,1.66,180701.453,54.93
Slovakia,1965,SVK,4365055,,24475.344,
Slovakia,1966,SVK,4402206,,25120.041,
Slovakia,1967,SVK,4436106,,25058.859,
Slovakia,1968,SVK,4466440,,27468.199,
Slovakia,1969,SVK,4495039,,28501.721,
Slovakia,1970,SVK,4525876,,31316.26,
Slovakia,1971,SVK,4560415,,33312.781,
Slovakia,1972,SVK,4599802,,34733.25,
Slovakia,1973,SVK,4643683,,35794.035,
Slovakia,1974,SVK,4690647,,37295.07,
Slovakia,1975,SVK,4739175,,38632.367,
Slovakia,1976,SVK,4788513,,39665.297,
Slovakia,1977,SVK,4837710,,41267.395,
Slovakia,1978,SVK,4885733,,42869.816,
Slovakia,1979,SVK,4933451,,43679.594,
Slovakia,1980,SVK,4976659,,44015.699,
Slovakia,1981,SVK,5014960,,43338.844,
Slovakia,1982,SVK,5051811,,42562.543,
Slovakia,1983,SVK,5086443,,42394.934,
Slovakia,1984,SVK,5119394,,45375.949,
Slovakia,1985,SVK,5151164,,46526.801,
Slovakia,1986,SVK,5180090,,45866.668,
Slovakia,1987,SVK,5205882,,46669.75,
Slovakia,1988,SVK,5229678,,46689.539,
Slovakia,1989,SVK,5249932,,47176.992,
Slovakia,1990,SVK,5266077,0,47161.055,1.82
Slovakia,1991,SVK,5284876,0,42042.316,2.12
Slovakia,1992,SVK,5306445,0,40279.746,0.87
Slovakia,1993,SVK,5326363,0,39422.043,1.18
Slovakia,1994,SVK,5343230,0,38711.277,2.19
Slovakia,1995,SVK,5354287,0,39174.078,2.38
Slovakia,1996,SVK,5362430,0,39385.582,2.34
Slovakia,1997,SVK,5369781,0,38608.91,2.33
Slovakia,1998,SVK,5374801,0,38982.078,2.35
Slovakia,1999,SVK,5378105,0,39287.695,3.05
Slovakia,2000,SVK,5380001,0,40566.387,3.34
Slovakia,2001,SVK,5379439,0.15,41743.789,2.7
Slovakia,2002,SVK,5377685,0.15,42104.883,2.51
Slovakia,2003,SVK,5376197,0.1,40899.352,2.4
Slovakia,2004,SVK,5376038,0.02,40000.277,2.42
Slovakia,2005,SVK,5376697,0.03,42082.98,2.18
Slovakia,2006,SVK,5376847,0.4,40949.367,1.91
Slovakia,2007,SVK,5376993,0.47,38428.328,1.62
Slovakia,2008,SVK,5379127,0.52,39450.379,1.61
Slovakia,2009,SVK,5385074,0.54,35713.121,1.97
Slovakia,2010,SVK,5391857,0.66,38113.008,2.21
Slovakia,2011,SVK,5398105,0.82,36622.363,3.15
Slovakia,2012,SVK,5404877,0.94,35133.703,2.85
Slovakia,2013,SVK,5410422,0.91,35965.223,2.39
Slovakia,2014,SVK,5415238,1.42,33446.344,1.62
Slovakia,2015,SVK,5420278,1.66,33760.246,1.6
Slovakia,2016,SVK,5427262,1.73,34039.949,1.52
Slovakia,2017,SVK,5435702,1.7,35799.367,1.67
Slovakia,2018,SVK,5443229,1.63,35143.781,1.86
Slovakia,2019,SVK,5450627,1.69,33913.332,3.07
Slovakia,2020,SVK,5455028,1.67,33203.387,3.57
Slovakia,2021,SVK,5442766,1.84,35868.371,4.37
Slovakia,2022,SVK,5473195,1.49,32867.98,2.1
Slovakia,2023,SVK,5518057,1.41,33405.191,2.28
Slovakia,2024,SVK,5506759,1.58,32882.68,2.88
Slovenia,1990,SVN,1998010,0,34608.984,0
Slovenia,1991,SVN,1999191,0,34650.098,0
Slovenia,1992,SVN,1995862,0,32439.707,0
Slovenia,1993,SVN,1990815,0,33455.078,0
Slovenia,1994,SVN,1988262,0,35644.629,0
Slovenia,1995,SVN,1988098,0,37397.617,0.01
Slovenia,1996,SVN,1986792,0,39269.395,0.01
Slovenia,1997,SVN,1984404,0,40198.957,0.01
Slovenia,1998,SVN,1980071,0,40394.176,0.11
Slovenia,1999,SVN,1981198,0.03,39923.93,0.17
Slovenia,2000,SVN,1986817,0.07,39492.625,0.29
Slovenia,2001,SVN,1989684,0.07,41328.18,0.3
Slovenia,2002,SVN,1991571,0.1,41073.066,0.29
Slovenia,2003,SVN,1992499,0.12,40269.707,0.37
Slovenia,2004,SVN,1993548,0.12,42709.363,0.36
Slovenia,2005,SVN,1996915,0.11,42720.215,0.34
Slovenia,2006,SVN,2003116,0.11,42848.508,0.37
Slovenia,2007,SVN,2014159,0.11,42389.488,0.45
Slovenia,2008,SVN,2025090,0.29,46247.805,0.48
Slovenia,2009,SVN,2035610,0.19,42449.91,0.59
Slovenia,2010,SVN,2044611,0.22,42338.941,0.55
Slovenia,2011,SVN,2048805,0.25,41018.535,0.49
Slovenia,2012,SVN,2053322,0.27,39769.223,0.53
Slovenia,2013,SVN,2056452,0.26,39280.562,0.51
Slovenia,2014,SVN,2058395,0.25,40255.164,0.37
Slovenia,2015,SVN,2059946,0.26,36270.613,0.4
Slovenia,2016,SVN,2061379,0.28,38740.152,0.42
Slovenia,2017,SVN,2062410,0.28,39139.125,0.48
Slovenia,2018,SVN,2069484,0.26,39812.316,0.48
Slovenia,2019,SVN,2083438,0.25,38399.168,0.54
Slovenia,2020,SVN,2102421,0.27,36764.934,0.58
Slovenia,2021,SVN,2113495,0.27,36234.727,0.52
Slovenia,2022,SVN,2115231,0.26,33377.797,0.49
Slovenia,2023,SVN,2118394,0.29,34819.645,0.5
Slovenia,2024,SVN,2118692,0.25,37360.676,0.48
Solomon Islands,1980,SLB,238149,,1813.314,
Solomon Islands,1981,SLB,246569,,2495.152,
Solomon Islands,1982,SLB,255213,,2169.577,
Solomon Islands,1983,SLB,264084,,2329.664,
Solomon Islands,1984,SLB,273176,,2258.297,
Solomon Islands,1985,SLB,282468,,1960.237,
Solomon Islands,1986,SLB,291855,,1731.017,
Solomon Islands,1987,SLB,301426,,1953.641,
Solomon Islands,1988,SLB,311278,,2266.94,
Solomon Islands,1989,SLB,321293,,2191.066,
Solomon Islands,1990,SLB,331448,,2123.936,
Solomon Islands,1991,SLB,341743,,2059.952,
Solomon Islands,1992,SLB,352215,,2003.459,
Solomon Islands,1993,SLB,362850,,1940.125,
Solomon Islands,1994,SLB,373685,,1883.871,
Solomon Islands,1995,SLB,384744,,1829.721,
Solomon Islands,1996,SLB,396017,,1781.864,
Solomon Islands,1997,SLB,407480,,1727.629,
Solomon Islands,1998,SLB,419078,,1679.817,
Solomon Islands,1999,SLB,430511,,1635.221,
Solomon Islands,2000,SLB,440481,0,2397.984,0
Solomon Islands,2001,SLB,449137,0,2459.831,0
Solomon Islands,2002,SLB,457676,0,2494.55,0
Solomon Islands,2003,SLB,466164,0,2559.692,0
Solomon Islands,2004,SLB,474618,0,2673.966,0
Solomon Islands,2005,SLB,483090,0,2692.527,0
Solomon Islands,2006,SLB,491602,0,2744.852,0
Solomon Islands,2007,SLB,500168,0,2875.877,0
Solomon Islands,2008,SLB,508802,0,2868.956,0
Solomon Islands,2009,SLB,518150,0,2915.573,0
Solomon Islands,2010,SLB,532976,0,2920.381,0
Solomon Islands,2011,SLB,552958,0,2919.15,0
Solomon Islands,2012,SLB,573623,0,2822.114,0
Solomon Islands,2013,SLB,594952,0,2709.936,0
Solomon Islands,2014,SLB,616915,0,2459.192,0
Solomon Islands,2015,SLB,639423,0,2167.244,0
Solomon Islands,2016,SLB,662387,0,2009.223,0
Solomon Islands,2017,SLB,685677,0,1927.052,0
Solomon Islands,2018,SLB,709109,0,1908.369,0
Solomon Islands,2019,SLB,728156,0,1829.269,0
Solomon Islands,2020,SLB,744505,0,1751.731,0
Solomon Islands,2021,SLB,762594,0,1691.575,0
Solomon Islands,2022,SLB,781075,0,1602.052,0
Solomon Islands,2023,SLB,800014,0,1657.243,0
Somalia,1980,SOM,5936155,,812.866,
Somalia,1981,SOM,5982853,,936.674,
Somalia,1982,SOM,6003838,,923.254,
Somalia,1983,SOM,6198436,,874.615,
Somalia,1984,SOM,6428396,,874.143,
Somalia,1985,SOM,6693294,,828.153,
Somalia,1986,SOM,6974790,,848.063,
Somalia,1987,SOM,7228308,,604.587,
Somalia,1988,SOM,7235362,,605.848,
Somalia,1989,SOM,7114828,,631.09,
Somalia,1990,SOM,7082816,,574.418,
Somalia,1991,SOM,6813762,,355.823,
Somalia,1992,SOM,6495109,,346.9,
Somalia,1993,SOM,6681406,,354.919,
Somalia,1994,SOM,7026804,,337.474,
Somalia,1995,SOM,7285013,,325.512,
Somalia,1996,SOM,7554476,,314.762,
Somalia,1997,SOM,7824531,,303.068,
Somalia,1998,SOM,8155414,,290.771,
Somalia,1999,SOM,8492066,,279.244,
Somalia,2000,SOM,8838714,0,335.591,0
Somalia,2001,SOM,9198495,0,327.816,0
Somalia,2002,SOM,9550069,0,341.338,0
Somalia,2003,SOM,9909161,0,328.969,0
Somalia,2004,SOM,10281001,0,317.295,0
Somalia,2005,SOM,10644234,0,309.433,0
Somalia,2006,SOM,10975502,0,302.383,0
Somalia,2007,SOM,11322581,0,297.325,0
Somalia,2008,SOM,11663090,0,285.588,0
Somalia,2009,SOM,11961205,0,277.731,0
Somalia,2010,SOM,12261761,0,277.694,0
Somalia,2011,SOM,12348829,0,275.736,0
Somalia,2012,SOM,12461163,0,273.572,0
Somalia,2013,SOM,12869599,0,264.889,0
Somalia,2014,SOM,13339497,0,255.566,0
Somalia,2015,SOM,13806969,0,256.09,0
Somalia,2016,SOM,14348741,0,251.347,0
Somalia,2017,SOM,14916630,0,241.232,0
Somalia,2018,SOM,15452489,0,220.468,0
Somalia,2019,SOM,16030969,0,212.513,0
Somalia,2020,SOM,16651200,0,191.219,0
Somalia,2021,SOM,17271435,0,192.256,0
Somalia,2022,SOM,17801895,0,190.723,0
Somalia,2023,SOM,18358622,0,190.119,0
South Africa,1900,ZAF,5163858,,,
South Africa,1901,ZAF,5239436,,,
South Africa,1902,ZAF,5322703,,,
South Africa,1903,ZAF,5413866,,,
South Africa,1904,ZAF,5506587,,,
South Africa,1905,ZAF,5600893,,,
South Africa,1906,ZAF,5696812,,,
South Africa,1907,ZAF,5794372,,,
South Africa,1908,ZAF,5893599,,,
South Africa,1909,ZAF,5993374,,,
South Africa,1910,ZAF,6093688,,,
South Africa,1911,ZAF,6194530,,,
South Africa,1912,ZAF,6295888,,,
South Africa,1913,ZAF,6397751,,,
South Africa,1914,ZAF,6501260,,,
South Africa,1915,ZAF,6606440,,,
South Africa,1916,ZAF,6713319,,,
South Africa,1917,ZAF,6821924,,,
South Africa,1918,ZAF,6927689,,,
South Africa,1919,ZAF,7042968,,,
South Africa,1920,ZAF,7168076,,,
South Africa,1921,ZAF,7303334,,,
South Africa,1922,ZAF,7449070,,,
South Africa,1923,ZAF,7605625,,,
South Africa,1924,ZAF,7765470,,,
South Africa,1925,ZAF,7928675,,,
South Africa,1926,ZAF,8095309,,,
South Africa,1927,ZAF,8265446,,,
South Africa,1928,ZAF,8439158,,,
South Africa,1929,ZAF,8615057,,,
South Africa,1930,ZAF,8793161,,,
South Africa,1931,ZAF,8973484,,,
South Africa,1932,ZAF,9156043,,,
South Africa,1933,ZAF,9340853,,,
South Africa,1934,ZAF,9529394,,,
South Africa,1935,ZAF,9721741,,,
South Africa,1936,ZAF,9917969,,,
South Africa,1937,ZAF,10118159,,,
South Africa,1938,ZAF,10322389,,,
South Africa,1939,ZAF,10528607,,,
South Africa,1940,ZAF,10736810,,,
South Africa,1941,ZAF,10946998,,,
South Africa,1942,ZAF,11159168,,,
South Africa,1943,ZAF,11373317,,,
South Africa,1944,ZAF,11591575,,,
South Africa,1945,ZAF,11814022,,,
South Africa,1946,ZAF,12040737,,,
South Africa,1947,ZAF,12271803,,,
South Africa,1948,ZAF,12507304,,,
South Africa,1949,ZAF,12764367,,,
South Africa,1950,ZAF,13038501,,,
South Africa,1951,ZAF,13309025,,,
South Africa,1952,ZAF,13595546,,,
South Africa,1953,ZAF,13892917,,,
South Africa,1954,ZAF,14203781,,,
South Africa,1955,ZAF,14533371,,,
South Africa,1956,ZAF,14880686,,,
South Africa,1957,ZAF,15244838,,,
South Africa,1958,ZAF,15620420,,,
South Africa,1959,ZAF,16014970,,,
South Africa,1960,ZAF,16440175,,,
South Africa,1961,ZAF,16908039,,,
South Africa,1962,ZAF,17418522,,,
South Africa,1963,ZAF,17954560,,,
South Africa,1964,ZAF,18511367,,,
South Africa,1965,ZAF,19089382,,18556.311,
South Africa,1966,ZAF,19690084,,18101.951,
South Africa,1967,ZAF,20314072,,18270.824,
South Africa,1968,ZAF,20957287,,18690.773,
South Africa,1969,ZAF,21614679,,18659.299,
South Africa,1970,ZAF,22279990,,18917.328,
South Africa,1971,ZAF,22942145,,19790.059,
South Africa,1972,ZAF,23609457,,19866.164,
South Africa,1973,ZAF,24294264,,20770.533,
South Africa,1974,ZAF,24989109,,20772.832,
South Africa,1975,ZAF,25690943,,21540.963,
South Africa,1976,ZAF,26395451,,21882.631,
South Africa,1977,ZAF,27118951,,21820.908,
South Africa,1978,ZAF,27869506,,21026.818,
South Africa,1979,ZAF,28634161,,21132.031,
South Africa,1980,ZAF,29518857,,21879.715,
South Africa,1981,ZAF,30541046,,24620.184,
South Africa,1982,ZAF,31615339,,25579.846,
South Africa,1983,ZAF,32739308,,25029.643,
South Africa,1984,ZAF,33892793,,26422.186,
South Africa,1985,ZAF,35042097,,26098.783,0
South Africa,1986,ZAF,36180519,,25751.457,0
South Africa,1987,ZAF,37326192,,25356.217,0
South Africa,1988,ZAF,38480647,,27086.332,0
South Africa,1989,ZAF,39628574,,25126.357,0
South Africa,1990,ZAF,40746274,,25270.26,0
South Africa,1991,ZAF,41687903,,24521.457,0
South Africa,1992,ZAF,42443510,,24197.768,0
South Africa,1993,ZAF,43297155,,23679.57,0
South Africa,1994,ZAF,44004140,,24300.189,0
South Africa,1995,ZAF,44541557,,25089.297,0
South Africa,1996,ZAF,45123023,,25259.006,0
South Africa,1997,ZAF,45666835,,25522.74,0
South Africa,1998,ZAF,46223888,,24771.293,0
South Africa,1999,ZAF,46730331,,25331.398,0
South Africa,2000,ZAF,47159715,0.48,25135.504,0
South Africa,2001,ZAF,47566805,0.42,25049.746,0
South Africa,2002,ZAF,48019414,0.46,24180.324,0
South Africa,2003,ZAF,48500351,0.41,25937.09,0
South Africa,2004,ZAF,48991420,0.38,28020.674,0
South Africa,2005,ZAF,49490041,0.43,26254.201,0.09
South Africa,2006,ZAF,49998271,0.41,26522.131,0.02
South Africa,2007,ZAF,50528575,0.43,26958.873,0.09
South Africa,2008,ZAF,51114595,0.46,28557.336,0.09
South Africa,2009,ZAF,51728518,0.45,28093.094,0.01
South Africa,2010,ZAF,52344047,0.4,27968.58,0.82
South Africa,2011,ZAF,52995212,0.41,27289.521,0.89
South Africa,2012,ZAF,53782570,0.42,26478.908,1.78
South Africa,2013,ZAF,54678789,0.48,26163.137,3.02
South Africa,2014,ZAF,55594840,0.36,26046.393,3.14
South Africa,2015,ZAF,56723536,0.32,24952.885,0
South Africa,2016,ZAF,57259550,0.33,25848.275,0
South Africa,2017,ZAF,57635158,0.39,25594.477,0
South Africa,2018,ZAF,58613001,0.43,24053.697,0
South Africa,2019,ZAF,59587880,0.43,24698.113,0
South Africa,2020,ZAF,60562374,0.41,23110.006,0
South Africa,2021,ZAF,61502602,0.41,22855.135,0
South Africa,2022,ZAF,62378417,0.36,21580.689,0
South Africa,2023,ZAF,63212386,0.47,21641.15,0
South Africa,2024,ZAF,64007187,0.47,21286.549,0
South America,1900,,41330741,,,
South America,1901,,42167855,,,
South America,1902,,43021342,,,
South America,1903,,43891359,,,
South America,1904,,44781677,,,
South America,1905,,45692841,,,
South America,1906,,46625401,,,
South America,1907,,47579926,,,
South America,1908,,48557015,,,
South America,1909,,49545768,,,
South America,1910,,50545993,,,
South America,1911,,51557488,,,
South America,1912,,52579990,,,
South America,1913,,53613237,,,
South America,1914,,54668408,,,
South America,1915,,55745990,,,
South America,1916,,56846479,,,
South America,1917,,57970388,,,
South America,1918,,59102586,,,
South America,1919,,60264993,,,
South America,1920,,61458404,,,
South America,1921,,62683653,,,
South America,1922,,63941565,,,
South America,1923,,65233001,,,
South America,1924,,66552723,,,
South America,1925,,67901379,,,
South America,1926,,69279649,,,
South America,1927,,70688219,,,
South America,1928,,72127798,,,
South America,1929,,73565553,,,
South America,1930,,75000544,,,
South America,1931,,76431800,,,
South America,1932,,77858278,,,
South America,1933,,79278889,,,
South America,1934,,80726067,,,
South America,1935,,82200318,,,
South America,1936,,83702161,,,
South America,1937,,85232121,,,
South America,1938,,86790735,,,
South America,1939,,88464085,,,
South America,1940,,90256708,,,
South America,1941,,92173092,,,
South America,1942,,94218266,,,
South America,1943,,96397220,,,
South America,1944,,98629580,,,
South America,1945,,100916695,,,
South America,1946,,103259939,,,
South America,1947,,105660736,,,
South America,1948,,108120539,,,
South America,1949,,110738339,,,
South America,1950,,112973206,,,
South America,1951,,116032097,,,
South America,1952,,119207173,,,
South America,1953,,122485445,,,
South America,1954,,125865619,,,
South America,1955,,129351392,,,
South America,1956,,132949203,,,
South America,1957,,136660910,,,
South America,1958,,140478152,,,
South America,1959,,144408289,,,
South America,1960,,148441136,,,
South America,1961,,152563381,,,
South America,1962,,156774169,,,
South America,1963,,161065580,,,
South America,1964,,165413050,,,
South America,1965,,169787372,,6294.86,
South America,1966,,174174981,,6542.4,
South America,1967,,178570551,,6616.414,
South America,1968,,182977284,,6894.505,
South America,1969,,187410578,,7046.389,
South America,1970,,191855157,,7332.736,
South America,1971,,196342426,,7566.534,
South America,1972,,200916855,,7946.482,
South America,1973,,205568584,,8552.376,
South America,1974,,210289337,,8983.172,
South America,1975,,215072895,,8940.984,
South America,1976,,219943070,,9374.433,
South America,1977,,224941182,,9769.839,
South America,1978,,230064004,,10109.571,
South America,1979,,235280221,,10625.225,
South America,1980,,240599668,,10856.751,
South America,1981,,246004203,,10519.725,
South America,1982,,251463267,,10609.991,
South America,1983,,256993747,,10498.349,
South America,1984,,262567857,,10696.287,
South America,1985,,268127340,,10936.318,
South America,1986,,273653738,,11395.734,
South America,1987,,279159631,,11601.045,
South America,1988,,284663487,,11806.336,
South America,1989,,290157633,,11777.34,
South America,1990,,295639583,,11621.678,
South America,1991,,301035777,,11808.429,
South America,1992,,306386108,,12073.626,
South America,1993,,311712472,,12354.733,
South America,1994,,316983654,,12891.662,
South America,1995,,322239766,,13306.992,
South America,1996,,327454409,,13654.036,
South America,1997,,332642670,,14159.538,
South America,1998,,337868219,,14348.376,
South America,1999,,343039488,,14144.192,
South America,2000,,348018743,9.95,14332.009,88.77
South America,2001,,352811861,12.21,14010.422,97.52
South America,2002,,357458493,13.52,13928.102,96.66
South America,2003,,361970820,15.43,13801.946,104.96
South America,2004,,366372166,16.15,14446.779,120.1
South America,2005,,370696350,17.33,14731.207,118.72
South America,2006,,374925352,18.33,15290.748,117.78
South America,2007,,379035651,23,15896.992,118.18
South America,2008,,383025009,26.04,16280.622,135.03
South America,2009,,386904378,30.26,16004.935,124.18
South America,2010,,390701117,39.88,16667.186,160.78
South America,2011,,394477912,42.62,17254.557,151.87
South America,2012,,398255319,46.14,17698.947,194.41
South America,2013,,402022546,52.06,18001.465,229.21
South America,2014,,405812435,58.81,17990.826,244.27
South America,2015,,409619969,62.16,17697.096,251.38
South America,2016,,413395039,63.82,17395.223,237.32
South America,2017,,417045362,65.65,17321.139,235.85
South America,2018,,420440405,66.67,16985.465,228.65
South America,2019,,423548291,67.28,16747.734,237.19
South America,2020,,426213552,72.7,15409.534,216.51
South America,2021,,428331419,70.69,16460.41,247.11
South America,2022,,430492816,68.58,17229.561,194.76
South America,2023,,433024223,72.42,17587.898,193.23
South America,2024,,435611337,,17721.424,
South Korea,1900,KOR,9687522,,,
South Korea,1901,KOR,9696702,,,
South Korea,1902,KOR,9708827,,,
South Korea,1903,KOR,9723900,,,
South Korea,1904,KOR,9738995,,,
South Korea,1905,KOR,9754112,,,
South Korea,1906,KOR,9769249,,,
South Korea,1907,KOR,9784409,,,
South Korea,1908,KOR,9799590,,,
South Korea,1909,KOR,9841836,,,
South Korea,1910,KOR,9911592,,,
South Korea,1911,KOR,10009308,,,
South Korea,1912,KOR,10135440,,,
South Korea,1913,KOR,10290453,,,
South Korea,1914,KOR,10447834,,,
South Korea,1915,KOR,10607621,,,
South Korea,1916,KOR,10769848,,,
South Korea,1917,KOR,10934555,,,
South Korea,1918,KOR,11106804,,,
South Korea,1919,KOR,11283431,,,
South Korea,1920,KOR,11464533,,,
South Korea,1921,KOR,11650208,,,
South Korea,1922,KOR,11840557,,,
South Korea,1923,KOR,12035681,,,
South Korea,1924,KOR,12234022,,,
South Korea,1925,KOR,12435630,,,
South Korea,1926,KOR,12640561,,,
South Korea,1927,KOR,12848870,,,
South Korea,1928,KOR,13060611,,,
South Korea,1929,KOR,13263161,,,
South Korea,1930,KOR,13456220,,,
South Korea,1931,KOR,13639481,,,
South Korea,1932,KOR,13812628,,,
South Korea,1933,KOR,13975340,,,
South Korea,1934,KOR,14139969,,,
South Korea,1935,KOR,14306538,,,
South Korea,1936,KOR,14475069,,,
South Korea,1937,KOR,14645585,,,
South Korea,1938,KOR,14818109,,,
South Korea,1939,KOR,15045613,,,
South Korea,1940,KOR,15330291,,,
South Korea,1941,KOR,15674410,,,
South Korea,1942,KOR,16080309,,,
South Korea,1943,KOR,16550405,,,
South Korea,1944,KOR,17034244,,,
South Korea,1945,KOR,17532227,,,
South Korea,1946,KOR,18044769,,,
South Korea,1947,KOR,18572294,,,
South Korea,1948,KOR,19115242,,,
South Korea,1949,KOR,19626401,,,
South Korea,1950,KOR,19757319,,,
South Korea,1951,KOR,19868990,,,
South Korea,1952,KOR,20229880,,,
South Korea,1953,KOR,20775325,,,
South Korea,1954,KOR,21415578,,,
South Korea,1955,KOR,22125104,,,
South Korea,1956,KOR,22874441,,,
South Korea,1957,KOR,23660791,,,
South Korea,1958,KOR,24473927,,,
South Korea,1959,KOR,25298234,,,
South Korea,1960,KOR,26115388,,,
South Korea,1961,KOR,26852962,,,
South Korea,1962,KOR,27509235,,,
South Korea,1963,KOR,28145547,,,
South Korea,1964,KOR,28744980,,,
South Korea,1965,KOR,29284343,,2554.849,
South Korea,1966,KOR,29845941,,3041.229,
South Korea,1967,KOR,30495725,,3419.644,
South Korea,1968,KOR,31175295,,3833.793,
South Korea,1969,KOR,31852769,,4531.209,
South Korea,1970,KOR,32542203,,5146.111,
South Korea,1971,KOR,33239859,,5450.991,
South Korea,1972,KOR,33936470,,5535.428,
South Korea,1973,KOR,34625848,,6709.938,
South Korea,1974,KOR,35287834,,6845.693,
South Korea,1975,KOR,35875741,,7403.251,
South Korea,1976,KOR,36379928,,8167.432,
South Korea,1977,KOR,36843638,,9272.949,
South Korea,1978,KOR,37281935,,10265.171,
South Korea,1979,KOR,37710898,,11698.255,
South Korea,1980,KOR,38141109,,11904.004,
South Korea,1981,KOR,38689192,,12286.094,
South Korea,1982,KOR,39356159,,12083.224,
South Korea,1983,KOR,40000945,,12925.817,
South Korea,1984,KOR,40598302,,13909.748,
South Korea,1985,KOR,41148956,,15168.538,0.058
South Korea,1986,KOR,41718508,,16790.389,0.053
South Korea,1987,KOR,42322092,,18347.094,9.537
South Korea,1988,KOR,42922980,,20192.061,11.064
South Korea,1989,KOR,43524765,,21647.945,9.91
South Korea,1990,KOR,44081425,,24471.578,12.393
South Korea,1991,KOR,44439146,,27564.314,13.211
South Korea,1992,KOR,44653699,,30831.4,19.539
South Korea,1993,KOR,44887721,,33638.797,18.923
South Korea,1994,KOR,45130842,,36159.184,17.912
South Korea,1995,KOR,45368425,,39243.332,29.218
South Korea,1996,KOR,45638701,,43066.879,34.766
South Korea,1997,KOR,45941541,,46735.441,42.002
South Korea,1998,KOR,46230885,,42494.496,27.877
South Korea,1999,KOR,46500382,,46019.258,29.912
South Korea,2000,KOR,46766660,0.08,48342.094,29.66
South Korea,2001,KOR,47043467,0.09,49219.945,33.67
South Korea,2002,KOR,47299118,0.18,51178.883,42.93
South Korea,2003,KOR,47514158,0.19,52558.207,45.51
South Korea,2004,KOR,47697076,0.29,53768.141,63.18
South Korea,2005,KOR,47851646,0.26,55225.629,64.49
South Korea,2006,KOR,48006518,0.24,55951.609,74.84
South Korea,2007,KOR,48178122,0.38,57405.418,84.4
South Korea,2008,KOR,48356485,0.65,58236.988,81.7
South Korea,2009,KOR,48546690,0.54,58354.625,71.38
South Korea,2010,KOR,48769329,0.42,62667,104.3
South Korea,2011,KOR,49127640,1.02,65306.441,115.34
South Korea,2012,KOR,49599580,2.16,65380.469,128.94
South Korea,2013,KOR,50071168,3.12,64755.305,143.85
South Korea,2014,KOR,50539055,6.3,64689.973,130.84
South Korea,2015,KOR,50983909,7.48,65128.559,122.03
South Korea,2016,KOR,51297836,8.08,67038.734,130.52
South Korea,2017,KOR,51486268,9.61,67581.461,135.16
South Korea,2018,KOR,51640894,11.81,68987.422,163.28
South Korea,2019,KOR,51767844,13.35,67917.344,155.41
South Korea,2020,KOR,51858481,14.03,65364.605,162.54
South Korea,2021,KOR,51848401,17.15,68918.578,181.23
South Korea,2022,KOR,51782515,17.85,69899.453,174.71
South Korea,2023,KOR,51748744,18.72,68753.328,169.61
South Korea,2024,KOR,51717587,20.34,69922.406,178.35
South Sudan,2012,SSD,10756245,0,554.572,0
South Sudan,2013,SSD,11166280,0,565.055,0
South Sudan,2014,SSD,11235071,0,581.014,0
South Sudan,2015,SSD,11107569,0,720.263,0
South Sudan,2016,SSD,10830108,0,713.289,0
South Sudan,2017,SSD,10259150,0,659.664,0
South Sudan,2018,SSD,10122983,0,777.475,0
South Sudan,2019,SSD,10423382,0,712.495,0
South Sudan,2020,SSD,10698471,0,628.456,0
South Sudan,2021,SSD,10865786,0,669.329,0
South Sudan,2022,SSD,11021175,0,620.749,0
South Sudan,2023,SSD,11483370,0,613.112,0
South Sudan,2024,SSD,11943410,,,
South and Central America (EI),1965,,,,,
South and Central America (EI),1966,,,,,
South and Central America (EI),1967,,,,,
South and Central America (EI),1968,,,,,
South and Central America (EI),1969,,,,,
South and Central America (EI),1970,,,,,
South and Central America (EI),1971,,,,,
South and Central America (EI),1972,,,,,
South and Central America (EI),1973,,,,,
South and Central America (EI),1974,,,,,
South and Central America (EI),1975,,,,,
South and Central America (EI),1976,,,,,
South and Central America (EI),1977,,,,,
South and Central America (EI),1978,,,,,
South and Central America (EI),1979,,,,,
South and Central America (EI),1980,,,,,
South and Central America (EI),1981,,,,,
South and Central America (EI),1982,,,,,
South and Central America (EI),1983,,,,,
South and Central America (EI),1984,,,,,
South and Central America (EI),1985,,,,,39.325
South and Central America (EI),1986,,,,,41.122
South and Central America (EI),1987,,,,,39.666
South and Central America (EI),1988,,,,,49.524
South and Central America (EI),1989,,,,,49.394
South and Central America (EI),1990,,,,,46.999
South and Central America (EI),1991,,,,,49.632
South and Central America (EI),1992,,,,,50.671
South and Central America (EI),1993,,,,,53.959
South and Central America (EI),1994,,,,,55.1
South and Central America (EI),1995,,,,,63.648
South and Central America (EI),1996,,,,,70.813
South and Central America (EI),1997,,,,,74.142
South and Central America (EI),1998,,,,,83.074
South and Central America (EI),1999,,,,,90.617
South and Central America (EI),2000,,,,,102.257
South and Central America (EI),2001,,,,,111.268
South and Central America (EI),2002,,,,,111.273
South and Central America (EI),2003,,,,,122.021
South and Central America (EI),2004,,,,,138.903
South and Central America (EI),2005,,,,,139.089
South and Central America (EI),2006,,,,,137.741
South and Central America (EI),2007,,,,,140.007
South and Central America (EI),2008,,,,,157.026
South and Central America (EI),2009,,,,,146.248
South and Central America (EI),2010,,,,,184.528
South and Central America (EI),2011,,,,,175.458
South and Central America (EI),2012,,,,,212.778
South and Central America (EI),2013,,,,,246.671
South and Central America (EI),2014,,,,,257.655
South and Central America (EI),2015,,,,,271.873
South and Central America (EI),2016,,,,,260.948
South and Central America (EI),2017,,,,,257.409
South and Central America (EI),2018,,,,,247.488
South and Central America (EI),2019,,,,,253.101
South and Central America (EI),2020,,,,,236.111
South and Central America (EI),2021,,,,,274.143
South and Central America (EI),2022,,,,,223.042
South and Central America (EI),2023,,,,,232.534
South and Central America (EI),2024,,,,,248.819
Spain,1900,ESP,18592411,,,
Spain,1901,ESP,18701066,,,
Spain,1902,ESP,18818864,,,
Spain,1903,ESP,18945905,,,
Spain,1904,ESP,19073803,,,
Spain,1905,ESP,19202565,,,
Spain,1906,ESP,19332196,,,
Spain,1907,ESP,19462702,,,
Spain,1908,ESP,19594089,,,
Spain,1909,ESP,19726214,,,
Spain,1910,ESP,19859082,,,
Spain,1911,ESP,19992695,,,
Spain,1912,ESP,20127058,,,
Spain,1913,ESP,20262175,,,
Spain,1914,ESP,20398200,,,
Spain,1915,ESP,20535137,,,
Spain,1916,ESP,20672994,,,
Spain,1917,ESP,20811776,,,
Spain,1918,ESP,20951479,,,
Spain,1919,ESP,21105927,,,
Spain,1920,ESP,21275357,,,
Spain,1921,ESP,21460007,,,
Spain,1922,ESP,21660122,,,
Spain,1923,ESP,21875945,,,
Spain,1924,ESP,22093919,,,
Spain,1925,ESP,22314065,,,
Spain,1926,ESP,22536404,,,
Spain,1927,ESP,22760959,,,
Spain,1928,ESP,22987751,,,
Spain,1929,ESP,23214389,,,
Spain,1930,ESP,23440849,,,
Spain,1931,ESP,23667105,,,
Spain,1932,ESP,23893132,,,
Spain,1933,ESP,24118905,,,
Spain,1934,ESP,24346811,,,
Spain,1935,ESP,24576871,,,
Spain,1936,ESP,24809105,,,
Spain,1937,ESP,25043533,,,
Spain,1938,ESP,25280177,,,
Spain,1939,ESP,25514739,,,
Spain,1940,ESP,25747164,,,
Spain,1941,ESP,25977393,,,
Spain,1942,ESP,26205369,,,
Spain,1943,ESP,26431030,,,
Spain,1944,ESP,26658635,,,
Spain,1945,ESP,26888200,,,
Spain,1946,ESP,27119742,,,
Spain,1947,ESP,27353278,,,
Spain,1948,ESP,27588824,,,
Spain,1949,ESP,27827617,,,
Spain,1950,ESP,28077048,,,
Spain,1951,ESP,28214862,,,
Spain,1952,ESP,28406044,,,
Spain,1953,ESP,28632701,,,
Spain,1954,ESP,28857828,,,
Spain,1955,ESP,29089774,,,
Spain,1956,ESP,29323672,,,
Spain,1957,ESP,29569970,,,
Spain,1958,ESP,29849658,,,
Spain,1959,ESP,30140710,,,
Spain,1960,ESP,30404938,,,
Spain,1961,ESP,30699568,,,
Spain,1962,ESP,31040106,,,
Spain,1963,ESP,31379831,,,
Spain,1964,ESP,31741586,,,
Spain,1965,ESP,32110669,,10507.617,
Spain,1966,ESP,32465887,,11760.117,
Spain,1967,ESP,32820751,,12539.085,
Spain,1968,ESP,33170121,,13054.5,
Spain,1969,ESP,33496941,,14634.419,
Spain,1970,ESP,33812720,,15637.919,
Spain,1971,ESP,34157447,,17044.619,
Spain,1972,ESP,34539861,,18227.129,
Spain,1973,ESP,34926521,,19733.938,
Spain,1974,ESP,35361763,,20286.531,
Spain,1975,ESP,35795771,,20584.246,
Spain,1976,ESP,36176273,,21763.398,
Spain,1977,ESP,36551267,,22331.918,
Spain,1978,ESP,36904970,,22209.182,
Spain,1979,ESP,37230370,,23710.531,
Spain,1980,ESP,37537560,,23630.098,
Spain,1981,ESP,37812708,,23648.594,
Spain,1982,ESP,38047097,,23491.936,
Spain,1983,ESP,38253247,,23918.848,
Spain,1984,ESP,38437483,,24184.328,
Spain,1985,ESP,38601315,,23892.525,2.514
Spain,1986,ESP,38735706,,24310.701,2.118
Spain,1987,ESP,38852007,,25130.277,1.496
Spain,1988,ESP,38952258,,26180.391,1.365
Spain,1989,ESP,39029557,,27373.811,1.398
Spain,1990,ESP,39084975,0.54,27344.383,1.51
Spain,1991,ESP,39201750,0.54,28226.254,1.36
Spain,1992,ESP,39420344,0.57,29404.311,1.71
Spain,1993,ESP,39651627,0.58,28283.867,1.2
Spain,1994,ESP,39858721,0.64,29471.383,3.24
Spain,1995,ESP,40052733,1.01,30445.111,3.75
Spain,1996,ESP,40237375,1.08,31477.406,6.79
Spain,1997,ESP,40423823,1.46,32594.49,18.17
Spain,1998,ESP,40617436,1.53,33915.09,16.21
Spain,1999,ESP,40812855,1.62,35324.004,19.06
Spain,2000,ESP,41019772,1.49,37185.68,20.18
Spain,2001,ESP,41245602,1.63,38478.723,23.36
Spain,2002,ESP,41755703,2.59,38668.391,32.39
Spain,2003,ESP,42506540,3.18,39871.066,39.37
Spain,2004,ESP,43234562,3.33,40348.723,55.46
Spain,2005,ESP,43958883,2.65,40272.402,79.01
Spain,2006,ESP,44695446,2.77,39893.699,90.57
Spain,2007,ESP,45516501,2.9,40170.227,94.8
Spain,2008,ESP,46235055,3.26,38382.004,120.8
Spain,2009,ESP,46635182,3.49,35426.023,107.75
Spain,2010,ESP,46840469,4.01,36130.031,94.85
Spain,2011,ESP,46998040,4.61,35349.469,85.51
Spain,2012,ESP,47018323,4.98,35039.766,73.31
Spain,2013,ESP,46860394,5.8,33685.816,57.54
Spain,2014,ESP,46720187,5.41,33266.539,47.27
Spain,2015,ESP,46683683,5.76,33697.949,52.5
Spain,2016,ESP,46732768,5.69,33871.598,52.83
Spain,2017,ESP,46868594,6.08,34181.582,64.04
Spain,2018,ESP,47092817,5.91,34584.289,58
Spain,2019,ESP,47435121,5.57,33390.262,83.71
Spain,2020,ESP,47679482,6.14,29844.283,69.74
Spain,2021,ESP,47735670,6.94,32091.293,71.5
Spain,2022,ESP,47828386,6.8,33289.133,86.1
Spain,2023,ESP,47911583,5.9,32760.994,64.36
Spain,2024,ESP,47910533,6.17,33901.656,52.34
Sri Lanka,1965,LKA,10916965,,957.575,
Sri Lanka,1966,LKA,11183925,,963.987,
Sri Lanka,1967,LKA,11457329,,964.158,
Sri Lanka,1968,LKA,11736084,,978.437,
Sri Lanka,1969,LKA,12013864,,992.761,
Sri Lanka,1970,LKA,12287113,,1608.48,
Sri Lanka,1971,LKA,12551910,,1603.827,
Sri Lanka,1972,LKA,12809207,,1648.54,
Sri Lanka,1973,LKA,13060920,,1673.253,
Sri Lanka,1974,LKA,13305697,,1410.097,
Sri Lanka,1975,LKA,13548989,,1444.792,
Sri Lanka,1976,LKA,13796776,,1395.132,
Sri Lanka,1977,LKA,14049365,,1471.966,
Sri Lanka,1978,LKA,14310127,,1515.562,
Sri Lanka,1979,LKA,14579616,,1564.519,
Sri Lanka,1980,LKA,14847972,,1549.937,
Sri Lanka,1981,LKA,15099417,,1600.246,
Sri Lanka,1982,LKA,15286571,,1702.874,
Sri Lanka,1983,LKA,15388795,,1668.3,
Sri Lanka,1984,LKA,15441858,,1762.419,
Sri Lanka,1985,LKA,15544152,,1653.092,
Sri Lanka,1986,LKA,15731253,,1719.343,
Sri Lanka,1987,LKA,15916578,,1747.434,
Sri Lanka,1988,LKA,16078624,,1711.351,
Sri Lanka,1989,LKA,16248560,,1649.099,
Sri Lanka,1990,LKA,16352460,,1827.675,
Sri Lanka,1991,LKA,16475354,,1810.375,
Sri Lanka,1992,LKA,16739297,,1911.578,
Sri Lanka,1993,LKA,17025924,,2049.865,
Sri Lanka,1994,LKA,17275777,,2188.583,
Sri Lanka,1995,LKA,17564065,,2319.408,
Sri Lanka,1996,LKA,17905020,,2393.455,
Sri Lanka,1997,LKA,18248205,,2424.001,
Sri Lanka,1998,LKA,18596006,,2535.792,
Sri Lanka,1999,LKA,18944734,,2677.223,
Sri Lanka,2000,LKA,19293056,0,2775.435,
Sri Lanka,2001,LKA,19600361,0,2654.694,
Sri Lanka,2002,LKA,19805750,,2701.697,
Sri Lanka,2003,LKA,19951521,,2759.773,
Sri Lanka,2004,LKA,20087608,0,2663.676,
Sri Lanka,2005,LKA,20216531,0,3056.231,
Sri Lanka,2006,LKA,20352416,0,3259.271,
Sri Lanka,2007,LKA,20492546,0,3290.961,
Sri Lanka,2008,LKA,20629377,0.01,3081.809,
Sri Lanka,2009,LKA,20756438,0.02,3105.535,
Sri Lanka,2010,LKA,20879092,0.03,3334.24,
Sri Lanka,2011,LKA,21009054,0.03,3597.448,
Sri Lanka,2012,LKA,21169461,0.02,3682.307,
Sri Lanka,2013,LKA,21358829,0.03,3708.73,
Sri Lanka,2014,LKA,21547454,0.04,3986.135,
Sri Lanka,2015,LKA,21729975,0.06,4201.579,
Sri Lanka,2016,LKA,21910763,0.07,4603.753,
Sri Lanka,2017,LKA,22087525,0.07,4832.206,
Sri Lanka,2018,LKA,22253116,0.09,5049.593,
Sri Lanka,2019,LKA,22410552,0.12,5043.847,
Sri Lanka,2020,LKA,22561808,0.1,4653.029,
Sri Lanka,2021,LKA,22700377,0.09,4795.043,
Sri Lanka,2022,LKA,22834965,0.22,4265.696,0
Sri Lanka,2023,LKA,22971615,0.06,4356.593,
Sri Lanka,2024,LKA,23103561,0.14,4819.195,
Sudan,1965,SDN,9858033,,,
Sudan,1966,SDN,10197582,,,
Sudan,1967,SDN,10550600,,,
Sudan,1968,SDN,10918006,,,
Sudan,1969,SDN,11298939,,,
Sudan,1970,SDN,11695768,,,
Sudan,1971,SDN,12105542,,,
Sudan,1972,SDN,12527859,,,
Sudan,1973,SDN,13049322,,,
Sudan,1974,SDN,13580729,,,
Sudan,1975,SDN,14064803,,,
Sudan,1976,SDN,14569724,,,
Sudan,1977,SDN,15086623,,,
Sudan,1978,SDN,15695004,,,
Sudan,1979,SDN,16355353,,,
Sudan,1980,SDN,17058908,,831.645,
Sudan,1981,SDN,17780576,,844.396,
Sudan,1982,SDN,18486645,,880.605,
Sudan,1983,SDN,19109775,,819.001,
Sudan,1984,SDN,19546531,,738.429,
Sudan,1985,SDN,19905872,,824.943,
Sudan,1986,SDN,20288246,,901.116,
Sudan,1987,SDN,20704903,,847.17,
Sudan,1988,SDN,21138430,,906.041,
Sudan,1989,SDN,21578027,,857.473,
Sudan,1990,SDN,22021484,,757.73,
Sudan,1991,SDN,22470676,,1058.372,
Sudan,1992,SDN,22927356,,947.382,
Sudan,1993,SDN,23445599,,874.079,
Sudan,1994,SDN,24043951,,773.51,
Sudan,1995,SDN,24672144,,700.552,
Sudan,1996,SDN,25231534,,689.221,
Sudan,1997,SDN,25799826,,692.365,
Sudan,1998,SDN,26458999,,677.093,
Sudan,1999,SDN,27130619,,707.755,
Sudan,2000,SDN,27816748,0.1,1034.255,0
Sudan,2001,SDN,28516774,0.11,1082.417,0
Sudan,2002,SDN,29228728,0.12,1266.991,0
Sudan,2003,SDN,29896038,0.13,1296.326,0
Sudan,2004,SDN,30556641,0.14,1402.636,0
Sudan,2005,SDN,31262447,0.14,1593.215,0
Sudan,2006,SDN,31992438,0.14,1865.157,0
Sudan,2007,SDN,32764139,0.15,1933.786,0
Sudan,2008,SDN,33623980,0.15,2060.739,0
Sudan,2009,SDN,34569114,0.15,2072.491,0
Sudan,2010,SDN,35414403,0.14,2158.833,0
Sudan,2011,SDN,36140808,0.12,2017.89,0
Sudan,2012,SDN,36923175,0.12,1899.232,0
Sudan,2013,SDN,37785852,0.14,1888.242,0
Sudan,2014,SDN,38823324,0.12,1871.96,0
Sudan,2015,SDN,40024433,0.11,1915.481,0
Sudan,2016,SDN,41259892,0.12,2243.968,0
Sudan,2017,SDN,42714311,0.13,2182.005,0
Sudan,2018,SDN,44230597,0.12,2225.562,0
Sudan,2019,SDN,45548179,0.11,2052.874,0
Sudan,2020,SDN,46789237,0.11,1732.914,0
Sudan,2021,SDN,48066930,0.11,1592.538,0
Sudan,2022,SDN,49383344,0.11,1790.4,0
Sudan,2023,SDN,50042800,0.11,1800.977,0
Sudan,2024,SDN,50448960,,,
Suriname,1900,SUR,88412,,,
Suriname,1901,SUR,88474,,,
Suriname,1902,SUR,88536,,,
Suriname,1903,SUR,88599,,,
Suriname,1904,SUR,88661,,,
Suriname,1905,SUR,88723,,,
Suriname,1906,SUR,88785,,,
Suriname,1907,SUR,88846,,,
Suriname,1908,SUR,88908,,,
Suriname,1909,SUR,89589,,,
Suriname,1910,SUR,90910,,,
Suriname,1911,SUR,92894,,,
Suriname,1912,SUR,95564,,,
Suriname,1913,SUR,98944,,,
Suriname,1914,SUR,102443,,,
Suriname,1915,SUR,106066,,,
Suriname,1916,SUR,109817,,,
Suriname,1917,SUR,113701,,,
Suriname,1918,SUR,117854,,,
Suriname,1919,SUR,121535,,,
Suriname,1920,SUR,124719,,,
Suriname,1921,SUR,127380,,,
Suriname,1922,SUR,129491,,,
Suriname,1923,SUR,131025,,,
Suriname,1924,SUR,132578,,,
Suriname,1925,SUR,134148,,,
Suriname,1926,SUR,135738,,,
Suriname,1927,SUR,137346,,,
Suriname,1928,SUR,138973,,,
Suriname,1929,SUR,140812,,,
Suriname,1930,SUR,142870,,,
Suriname,1931,SUR,145151,,,
Suriname,1932,SUR,147664,,,
Suriname,1933,SUR,150414,,,
Suriname,1934,SUR,153214,,,
Suriname,1935,SUR,156067,,,
Suriname,1936,SUR,158974,,,
Suriname,1937,SUR,161934,,,
Suriname,1938,SUR,164949,,,
Suriname,1939,SUR,167807,,,
Suriname,1940,SUR,170501,,,
Suriname,1941,SUR,173026,,,
Suriname,1942,SUR,175376,,,
Suriname,1943,SUR,177545,,,
Suriname,1944,SUR,179741,,,
Suriname,1945,SUR,181965,,,
Suriname,1946,SUR,184215,,,
Suriname,1947,SUR,186494,,,
Suriname,1948,SUR,188801,,,
Suriname,1949,SUR,191880,,,
Suriname,1950,SUR,195575,,,
Suriname,1951,SUR,200519,,,
Suriname,1952,SUR,206364,,,
Suriname,1953,SUR,212372,,,
Suriname,1954,SUR,218641,,,
Suriname,1955,SUR,225202,,,
Suriname,1956,SUR,232155,,,
Suriname,1957,SUR,239491,,,
Suriname,1958,SUR,247245,,,
Suriname,1959,SUR,255395,,,
Suriname,1960,SUR,263935,,,
Suriname,1961,SUR,272796,,,
Suriname,1962,SUR,283917,,,
Suriname,1963,SUR,297042,,,
Suriname,1964,SUR,309046,,,
Suriname,1965,SUR,320010,,,
Suriname,1966,SUR,331136,,,
Suriname,1967,SUR,342687,,,
Suriname,1968,SUR,354621,,,
Suriname,1969,SUR,366916,,,
Suriname,1970,SUR,379451,,,
Suriname,1971,SUR,391940,,,
Suriname,1972,SUR,397420,,,
Suriname,1973,SUR,395776,,,
Suriname,1974,SUR,393690,,,
Suriname,1975,SUR,391182,,,
Suriname,1976,SUR,388296,,,
Suriname,1977,SUR,385073,,,
Suriname,1978,SUR,381512,,,
Suriname,1979,SUR,377607,,,
Suriname,1980,SUR,375393,,25654.4,
Suriname,1981,SUR,375472,,22111.783,
Suriname,1982,SUR,376566,,20992.98,
Suriname,1983,SUR,378762,,15046.135,
Suriname,1984,SUR,382202,,13166.584,
Suriname,1985,SUR,386982,,16333.504,
Suriname,1986,SUR,392344,,15500.375,
Suriname,1987,SUR,396921,,12284.661,
Suriname,1988,SUR,402231,,13719.435,
Suriname,1989,SUR,408415,,15971.665,
Suriname,1990,SUR,412500,,18564.055,
Suriname,1991,SUR,415021,,17960.684,
Suriname,1992,SUR,417602,,17132.494,
Suriname,1993,SUR,419357,,17636.992,
Suriname,1994,SUR,422382,,17479.789,
Suriname,1995,SUR,429611,,17093.832,
Suriname,1996,SUR,438834,,16430.971,
Suriname,1997,SUR,448068,,16653.143,
Suriname,1998,SUR,457413,,16291.136,
Suriname,1999,SUR,466925,,15995.67,
Suriname,2000,SUR,476647,0,14581.739,0
Suriname,2001,SUR,486566,0,13946.476,0.01
Suriname,2002,SUR,496566,0,15486.879,0.01
Suriname,2003,SUR,506421,0,13100.263,0.01
Suriname,2004,SUR,513928,0,15016.229,0.01
Suriname,2005,SUR,519321,0,14968.09,0.01
Suriname,2006,SUR,525003,0,16295.912,0.01
Suriname,2007,SUR,531026,0,14876.507,0.02
Suriname,2008,SUR,537252,0,17964.354,0.02
Suriname,2009,SUR,543580,0,18152.479,0.02
Suriname,2010,SUR,549931,0,21007.289,0.02
Suriname,2011,SUR,556279,0,16731.119,0.02
Suriname,2012,SUR,562640,0,18948.658,0.02
Suriname,2013,SUR,569024,0,17473.527,0.02
Suriname,2014,SUR,575380,0,17378.723,0.01
Suriname,2015,SUR,581634,0.01,16460.896,0.01
Suriname,2016,SUR,587765,0.01,15591.238,0.01
Suriname,2017,SUR,593720,0.01,17317.955,0.01
Suriname,2018,SUR,599519,0.01,14142.294,0.02
Suriname,2019,SUR,605779,0.01,16713.479,0.02
Suriname,2020,SUR,612320,0.01,15335.176,0.02
Suriname,2021,SUR,617905,0.01,17477.211,0.02
Suriname,2022,SUR,623172,0.01,18309.988,0.02
Suriname,2023,SUR,628892,0.01,17846.547,0.02
Sweden,1900,SWE,5123503,,,
Sweden,1901,SWE,5157047,,,
Sweden,1902,SWE,5190268,,,
Sweden,1903,SWE,5223160,,,
Sweden,1904,SWE,5256260,,,
Sweden,1905,SWE,5289570,,,
Sweden,1906,SWE,5323091,,,
Sweden,1907,SWE,5356825,,,
Sweden,1908,SWE,5390772,,,
Sweden,1909,SWE,5426317,,,
Sweden,1910,SWE,5463482,,,
Sweden,1911,SWE,5502286,,,
Sweden,1912,SWE,5542751,,,
Sweden,1913,SWE,5584898,,,
Sweden,1914,SWE,5627365,,,
Sweden,1915,SWE,5670156,,,
Sweden,1916,SWE,5713272,,,
Sweden,1917,SWE,5756715,,,
Sweden,1918,SWE,5800311,,,
Sweden,1919,SWE,5840331,,,
Sweden,1920,SWE,5876734,,,
Sweden,1921,SWE,5909474,,,
Sweden,1922,SWE,5938507,,,
Sweden,1923,SWE,5963789,,,
Sweden,1924,SWE,5989178,,,
Sweden,1925,SWE,6014675,,,
Sweden,1926,SWE,6040280,,,
Sweden,1927,SWE,6065995,,,
Sweden,1928,SWE,6091819,,,
Sweden,1929,SWE,6116959,,,
Sweden,1930,SWE,6141408,,,
Sweden,1931,SWE,6165161,,,
Sweden,1932,SWE,6188213,,,
Sweden,1933,SWE,6210556,,,
Sweden,1934,SWE,6232980,,,
Sweden,1935,SWE,6255485,,,
Sweden,1936,SWE,6278071,,,
Sweden,1937,SWE,6300739,,,
Sweden,1938,SWE,6323489,,,
Sweden,1939,SWE,6354332,,,
Sweden,1940,SWE,6393377,,,
Sweden,1941,SWE,6440733,,,
Sweden,1942,SWE,6496512,,,
Sweden,1943,SWE,6560825,,,
Sweden,1944,SWE,6625775,,,
Sweden,1945,SWE,6691367,,,
Sweden,1946,SWE,6757610,,,
Sweden,1947,SWE,6824507,,,
Sweden,1948,SWE,6892068,,,
Sweden,1949,SWE,6955459,,,
Sweden,1950,SWE,7016565,,,
Sweden,1951,SWE,7072885,,,
Sweden,1952,SWE,7124674,,,
Sweden,1953,SWE,7171426,,,
Sweden,1954,SWE,7213463,,,
Sweden,1955,SWE,7262328,,,
Sweden,1956,SWE,7315521,,,
Sweden,1957,SWE,7366882,,,
Sweden,1958,SWE,7414351,,,
Sweden,1959,SWE,7453562,,,
Sweden,1960,SWE,7484597,,,
Sweden,1961,SWE,7519996,,,
Sweden,1962,SWE,7561517,,,
Sweden,1963,SWE,7604207,,,
Sweden,1964,SWE,7661190,,,
Sweden,1965,SWE,7733011,,50815.094,
Sweden,1966,SWE,7805585,,53684.027,
Sweden,1967,SWE,7866403,,54563.34,
Sweden,1968,SWE,7912123,,57930.145,
Sweden,1969,SWE,7968013,,57521.008,
Sweden,1970,SWE,8042783,,60492.574,
Sweden,1971,SWE,8098104,,61165.125,
Sweden,1972,SWE,8122426,,62816.281,
Sweden,1973,SWE,8137166,,66342.695,
Sweden,1974,SWE,8160636,,61214.391,
Sweden,1975,SWE,8192641,,64628.273,
Sweden,1976,SWE,8222392,,68440.609,
Sweden,1977,SWE,8251699,,67303.617,
Sweden,1978,SWE,8275793,,78039.961,
Sweden,1979,SWE,8293749,,82123.555,
Sweden,1980,SWE,8310470,,77135.094,
Sweden,1981,SWE,8320460,,76448.516,
Sweden,1982,SWE,8325179,,72658.68,
Sweden,1983,SWE,8328915,,72201.234,
Sweden,1984,SWE,8336482,,76371.258,
Sweden,1985,SWE,8350249,,82826.969,
Sweden,1986,SWE,8369681,,85655.281,
Sweden,1987,SWE,8397651,,83579.477,
Sweden,1988,SWE,8436358,,81306.312,
Sweden,1989,SWE,8492821,,78987.438,
Sweden,1990,SWE,8558571,1.94,75270.344,0.42
Sweden,1991,SWE,8616955,1.86,74519.977,0.58
Sweden,1992,SWE,8667576,2.01,75337.344,0.79
Sweden,1993,SWE,8718038,2.17,74231.828,0.91
Sweden,1994,SWE,8780190,2.23,74005.148,0.86
Sweden,1995,SWE,8826298,2.35,75529.906,0.85
Sweden,1996,SWE,8840330,2.12,73551.977,0.68
Sweden,1997,SWE,8845525,2.77,76127.047,0.66
Sweden,1998,SWE,8850606,2.78,79713.688,0.53
Sweden,1999,SWE,8857691,2.7,77901.969,0.45
Sweden,2000,SWE,8872099,4.1,73464.344,0.48
Sweden,2001,SWE,8896018,3.78,78209.859,0.4
Sweden,2002,SWE,8925045,4.18,72769.648,0.56
Sweden,2003,SWE,8958434,4.51,68007.117,0.73
Sweden,2004,SWE,8993805,7.2,73894.945,0.78
Sweden,2005,SWE,9029771,7.49,74532.344,0.6
Sweden,2006,SWE,9080628,8.36,69394.227,0.6
Sweden,2007,SWE,9148280,9.84,70079.531,0.83
Sweden,2008,SWE,9219903,10.34,69259.43,0.62
Sweden,2009,SWE,9298738,11.46,62353.945,1.56
Sweden,2010,SWE,9378234,12.19,66295.578,2.91
Sweden,2011,SWE,9449263,11.54,64768.621,1.58
Sweden,2012,SWE,9519477,12.19,67781.508,0.92
Sweden,2013,SWE,9600620,11.45,62865.043,0.85
Sweden,2014,SWE,9696438,10.7,61958.484,0.42
Sweden,2015,SWE,9799483,10.77,63479.047,0.45
Sweden,2016,SWE,9923281,11.49,61411.199,0.68
Sweden,2017,SWE,10057864,12.08,62771.066,0.33
Sweden,2018,SWE,10175400,11.91,59869.379,0.38
Sweden,2019,SWE,10279120,13.04,60882.551,0.29
Sweden,2020,SWE,10353682,11.18,57977.379,0.1
Sweden,2021,SWE,10416134,13.08,60836.348,0.29
Sweden,2022,SWE,10487335,13.13,59279.207,0.15
Sweden,2023,SWE,10551493,11.7,56802.957,0.16
Sweden,2024,SWE,10606993,10.18,57509.574,0.11
Switzerland,1900,CHE,3297641,,,
Switzerland,1901,CHE,3337042,,,
Switzerland,1902,CHE,3377719,,,
Switzerland,1903,CHE,3419696,,,
Switzerland,1904,CHE,3462195,,,
Switzerland,1905,CHE,3505221,,,
Switzerland,1906,CHE,3548783,,,
Switzerland,1907,CHE,3592885,,,
Switzerland,1908,CHE,3637536,,,
Switzerland,1909,CHE,3676239,,,
Switzerland,1910,CHE,3708897,,,
Switzerland,1911,CHE,3735410,,,
Switzerland,1912,CHE,3755677,,,
Switzerland,1913,CHE,3769598,,,
Switzerland,1914,CHE,3783571,,,
Switzerland,1915,CHE,3797595,,,
Switzerland,1916,CHE,3811672,,,
Switzerland,1917,CHE,3825800,,,
Switzerland,1918,CHE,3840103,,,
Switzerland,1919,CHE,3854970,,,
Switzerland,1920,CHE,3870407,,,
Switzerland,1921,CHE,3886419,,,
Switzerland,1922,CHE,3903008,,,
Switzerland,1923,CHE,3920181,,,
Switzerland,1924,CHE,3937429,,,
Switzerland,1925,CHE,3954753,,,
Switzerland,1926,CHE,3972154,,,
Switzerland,1927,CHE,3989631,,,
Switzerland,1928,CHE,4007185,,,
Switzerland,1929,CHE,4024685,,,
Switzerland,1930,CHE,4042131,,,
Switzerland,1931,CHE,4059522,,,
Switzerland,1932,CHE,4076857,,,
Switzerland,1933,CHE,4094135,,,
Switzerland,1934,CHE,4111487,,,
Switzerland,1935,CHE,4128912,,,
Switzerland,1936,CHE,4146411,,,
Switzerland,1937,CHE,4163985,,,
Switzerland,1938,CHE,4181632,,,
Switzerland,1939,CHE,4204685,,,
Switzerland,1940,CHE,4233223,,,
Switzerland,1941,CHE,4267324,,,
Switzerland,1942,CHE,4307072,,,
Switzerland,1943,CHE,4352547,,,
Switzerland,1944,CHE,4398503,,,
Switzerland,1945,CHE,4444943,,,
Switzerland,1946,CHE,4491874,,,
Switzerland,1947,CHE,4539301,,,
Switzerland,1948,CHE,4587228,,,
Switzerland,1949,CHE,4638318,,,
Switzerland,1950,CHE,4692642,,,
Switzerland,1951,CHE,4748090,,,
Switzerland,1952,CHE,4811615,,,
Switzerland,1953,CHE,4875654,,,
Switzerland,1954,CHE,4938749,,,
Switzerland,1955,CHE,5002118,,,
Switzerland,1956,CHE,5065624,,,
Switzerland,1957,CHE,5130171,,,
Switzerland,1958,CHE,5196450,,,
Switzerland,1959,CHE,5262809,,,
Switzerland,1960,CHE,5327777,,,
Switzerland,1961,CHE,5434125,,,
Switzerland,1962,CHE,5573701,,,
Switzerland,1963,CHE,5694163,,,
Switzerland,1964,CHE,5789153,,,
Switzerland,1965,CHE,5856414,,31157.002,
Switzerland,1966,CHE,5917969,,33137.074,
Switzerland,1967,CHE,5991733,,34955.441,
Switzerland,1968,CHE,6067657,,36255.668,
Switzerland,1969,CHE,6136353,,37085.281,
Switzerland,1970,CHE,6180922,,40295.879,
Switzerland,1971,CHE,6213536,,41017.473,
Switzerland,1972,CHE,6261086,,40098.703,
Switzerland,1973,CHE,6307408,,44019.824,
Switzerland,1974,CHE,6341381,,41856.484,
Switzerland,1975,CHE,6338600,,43470.125,
Switzerland,1976,CHE,6302556,,41750.855,
Switzerland,1977,CHE,6281365,,46549.434,
Switzerland,1978,CHE,6282045,,45843.281,
Switzerland,1979,CHE,6294719,,45592.141,
Switzerland,1980,CHE,6319848,,48612.961,
Switzerland,1981,CHE,6354561,,48302.277,
Switzerland,1982,CHE,6391805,,47051.188,
Switzerland,1983,CHE,6419309,,48720.996,
Switzerland,1984,CHE,6442419,,47036.082,
Switzerland,1985,CHE,6470959,,50035.336,
Switzerland,1986,CHE,6504748,,52248.512,
Switzerland,1987,CHE,6545771,,51615.18,
Switzerland,1988,CHE,6594145,,51627.258,
Switzerland,1989,CHE,6647787,,47859.973,
Switzerland,1990,CHE,6713168,,49399.234,
Switzerland,1991,CHE,6796942,,50106.68,
Switzerland,1992,CHE,6875049,,50334.934,
Switzerland,1993,CHE,6938106,,49793.703,
Switzerland,1994,CHE,6993594,,51901.148,
Switzerland,1995,CHE,7040481,,48859.637,
Switzerland,1996,CHE,7071885,,46987.613,
Switzerland,1997,CHE,7089161,,50121.055,
Switzerland,1998,CHE,7110294,,50254.688,
Switzerland,1999,CHE,7144119,,52270.391,
Switzerland,2000,CHE,7184003,0.21,50714.938,0.86
Switzerland,2001,CHE,7226391,0.2,53847.977,0.85
Switzerland,2002,CHE,7278744,0.21,49767.43,0.89
Switzerland,2003,CHE,7333451,0.22,48866.387,0.93
Switzerland,2004,CHE,7384196,0.22,48367.953,0.94
Switzerland,2005,CHE,7431824,0.22,45854.402,0.87
Switzerland,2006,CHE,7478514,0.23,46813.234,0.79
Switzerland,2007,CHE,7545386,0.29,47034.438,0.74
Switzerland,2008,CHE,7641730,0.32,47442.336,0.73
Switzerland,2009,CHE,7737644,0.36,45880.383,0.71
Switzerland,2010,CHE,7825750,0.36,45935.188,1.03
Switzerland,2011,CHE,7914379,0.44,42318.344,0.96
Switzerland,2012,CHE,7998927,0.53,44264,0.91
Switzerland,2013,CHE,8091199,0.58,44387.238,0.75
Switzerland,2014,CHE,8190238,0.59,42054.887,0.5
Switzerland,2015,CHE,8283940,0.52,40599.23,0.63
Switzerland,2016,CHE,8374903,0.58,37761.055,0.86
Switzerland,2017,CHE,8453630,0.69,37498.082,0.72
Switzerland,2018,CHE,8516341,0.66,37746.012,0.62
Switzerland,2019,CHE,8577525,0.71,39166.934,0.61
Switzerland,2020,CHE,8640582,0.81,35831.172,0.62
Switzerland,2021,CHE,8707019,0.96,33316.562,0.5
Switzerland,2022,CHE,8792180,0.99,33835.207,0.38
Switzerland,2023,CHE,8870564,,35766.453,
Switzerland,2024,CHE,8921979,,38025.828,
Syria,1900,SYR,1768504,,,
Syria,1901,SYR,1785069,,,
Syria,1902,SYR,1805265,,,
Syria,1903,SYR,1829152,,,
Syria,1904,SYR,1853355,,,
Syria,1905,SYR,1877878,,,
Syria,1906,SYR,1902726,,,
Syria,1907,SYR,1927903,,,
Syria,1908,SYR,1953412,,,
Syria,1909,SYR,1979657,,,
Syria,1910,SYR,2006651,,,
Syria,1911,SYR,2034411,,,
Syria,1912,SYR,2062953,,,
Syria,1913,SYR,2092293,,,
Syria,1914,SYR,2122050,,,
Syria,1915,SYR,2152230,,,
Syria,1916,SYR,2182840,,,
Syria,1917,SYR,2213884,,,
Syria,1918,SYR,2245164,,,
Syria,1919,SYR,2276885,,,
Syria,1920,SYR,2309054,,,
Syria,1921,SYR,2341678,,,
Syria,1922,SYR,2374763,,,
Syria,1923,SYR,2408315,,,
Syria,1924,SYR,2442341,,,
Syria,1925,SYR,2476848,,,
Syria,1926,SYR,2511843,,,
Syria,1927,SYR,2547331,,,
Syria,1928,SYR,2583322,,,
Syria,1929,SYR,2619821,,,
Syria,1930,SYR,2656835,,,
Syria,1931,SYR,2694373,,,
Syria,1932,SYR,2732440,,,
Syria,1933,SYR,2771046,,,
Syria,1934,SYR,2810197,,,
Syria,1935,SYR,2849902,,,
Syria,1936,SYR,2890167,,,
Syria,1937,SYR,2931001,,,
Syria,1938,SYR,2972412,,,
Syria,1939,SYR,3014408,,,
Syria,1940,SYR,3056998,,,
Syria,1941,SYR,3100189,,,
Syria,1942,SYR,3143990,,,
Syria,1943,SYR,3188411,,,
Syria,1944,SYR,3233459,,,
Syria,1945,SYR,3279143,,,
Syria,1946,SYR,3325473,,,
Syria,1947,SYR,3372457,,,
Syria,1948,SYR,3420106,,,
Syria,1949,SYR,3477013,,,
Syria,1950,SYR,3612085,,,
Syria,1951,SYR,3684867,,,
Syria,1952,SYR,3765240,,,
Syria,1953,SYR,3852829,,,
Syria,1954,SYR,3947873,,,
Syria,1955,SYR,4050600,,,
Syria,1956,SYR,4160633,,,
Syria,1957,SYR,4277735,,,
Syria,1958,SYR,4401997,,,
Syria,1959,SYR,4533776,,,
Syria,1960,SYR,4673502,,,
Syria,1961,SYR,4815459,,,
Syria,1962,SYR,4959340,,,
Syria,1963,SYR,5110471,,,
Syria,1964,SYR,5269094,,,
Syria,1965,SYR,5435268,,,
Syria,1966,SYR,5609050,,,
Syria,1967,SYR,5790195,,,
Syria,1968,SYR,5978741,,,
Syria,1969,SYR,6175173,,,
Syria,1970,SYR,6380612,,,
Syria,1971,SYR,6598098,,,
Syria,1972,SYR,6826032,,,
Syria,1973,SYR,7060328,,,
Syria,1974,SYR,7302158,,,
Syria,1975,SYR,7554368,,,
Syria,1976,SYR,7817317,,,
Syria,1977,SYR,8090507,,,
Syria,1978,SYR,8372761,,,
Syria,1979,SYR,8661911,,,
Syria,1980,SYR,8957664,,8429.496,
Syria,1981,SYR,9260187,,8564.899,
Syria,1982,SYR,9572513,,8380.237,
Syria,1983,SYR,9904814,,9205.017,
Syria,1984,SYR,10258406,,9881.432,
Syria,1985,SYR,10625673,,9985.254,
Syria,1986,SYR,11002842,,9741.622,
Syria,1987,SYR,11388916,,10582.821,
Syria,1988,SYR,11782269,,10765.912,
Syria,1989,SYR,12179070,,11163.708,
Syria,1990,SYR,12579212,,12599.213,
Syria,1991,SYR,12980824,,11296.706,
Syria,1992,SYR,13385570,,11312.738,
Syria,1993,SYR,13795687,,12228.985,
Syria,1994,SYR,14208585,,12649.484,
Syria,1995,SYR,14616804,,11823.148,
Syria,1996,SYR,15018110,,12427.435,
Syria,1997,SYR,15417539,,12885.153,
Syria,1998,SYR,15820409,,13529.965,
Syria,1999,SYR,16228064,,13583.13,
Syria,2000,SYR,16637884,0.03,12708.573,9.36
Syria,2001,SYR,17051337,0.03,12221.478,11.05
Syria,2002,SYR,17468335,0.03,13060.471,12.77
Syria,2003,SYR,17889297,0.03,12345.578,15.27
Syria,2004,SYR,18336879,0.03,13289.391,13.21
Syria,2005,SYR,18814092,0.03,14674.131,14.08
Syria,2006,SYR,19637016,0.03,14710.876,14.36
Syria,2007,SYR,20884136,0.03,14325.909,12.07
Syria,2008,SYR,21636566,0.03,14093.719,12.85
Syria,2009,SYR,21976971,0.03,13056.144,19.78
Syria,2010,SYR,22482417,0.03,13154.189,25.51
Syria,2011,SYR,22878104,0.03,11615.845,22.46
Syria,2012,SYR,22759763,0.03,8972.617,18.41
Syria,2013,SYR,21666921,0.03,6875.813,15.13
Syria,2014,SYR,20273661,0.03,6556.045,13.98
Syria,2015,SYR,19424615,0.03,6244.624,12.27
Syria,2016,SYR,19193835,0.03,6111.273,10.7
Syria,2017,SYR,19224671,0.03,6155.312,10.56
Syria,2018,SYR,19577849,0.03,6743.14,10.5
Syria,2019,SYR,20353536,0.03,5840.697,10.07
Syria,2020,SYR,21049431,0.03,5342.43,8.85
Syria,2021,SYR,21628837,0.03,5139.623,9.42
Syria,2022,SYR,22462170,0.03,4111.719,7.7
Syria,2023,SYR,23594623,,3976.759,
Syria,2024,SYR,24672758,,,
Taiwan,1900,TWN,2809533,,,
Taiwan,1901,TWN,2849684,,,
Taiwan,1902,TWN,2889389,,,
Taiwan,1903,TWN,2928248,,,
Taiwan,1904,TWN,2966574,,,
Taiwan,1905,TWN,3005298,,,
Taiwan,1906,TWN,3045795,,,
Taiwan,1907,TWN,3088833,,,
Taiwan,1908,TWN,3134318,,,
Taiwan,1909,TWN,3181450,,,
Taiwan,1910,TWN,3228010,,,
Taiwan,1911,TWN,3253963,,,
Taiwan,1912,TWN,3315633,,,
Taiwan,1913,TWN,3377251,,,
Taiwan,1914,TWN,3427777,,,
Taiwan,1915,TWN,3463334,,,
Taiwan,1916,TWN,3492048,,,
Taiwan,1917,TWN,3521710,,,
Taiwan,1918,TWN,3557050,,,
Taiwan,1919,TWN,3594336,,,
Taiwan,1920,TWN,3639403,,,
Taiwan,1921,TWN,3697114,,,
Taiwan,1922,TWN,3763256,,,
Taiwan,1923,TWN,3831991,,,
Taiwan,1924,TWN,3904941,,,
Taiwan,1925,TWN,3987618,,,
Taiwan,1926,TWN,4078400,,,
Taiwan,1927,TWN,4173398,,,
Taiwan,1928,TWN,4270016,,,
Taiwan,1929,TWN,4375389,,,
Taiwan,1930,TWN,4490164,,,
Taiwan,1931,TWN,4611423,,,
Taiwan,1932,TWN,4734952,,,
Taiwan,1933,TWN,4860102,,,
Taiwan,1934,TWN,4985901,,,
Taiwan,1935,TWN,5112023,,,
Taiwan,1936,TWN,5242361,,,
Taiwan,1937,TWN,5379507,,,
Taiwan,1938,TWN,5521193,,,
Taiwan,1939,TWN,5669363,,,
Taiwan,1940,TWN,5826611,,,
Taiwan,1941,TWN,5994558,,,
Taiwan,1942,TWN,6163154,,,
Taiwan,1943,TWN,6278902,,,
Taiwan,1944,TWN,6341801,,,
Taiwan,1945,TWN,6354446,,,
Taiwan,1946,TWN,6298031,,,
Taiwan,1947,TWN,6351203,,,
Taiwan,1948,TWN,6589183,,,
Taiwan,1949,TWN,7119288,,,
Taiwan,1950,TWN,7596535,,,
Taiwan,1951,TWN,7862806,,,
Taiwan,1952,TWN,8148997,,,
Taiwan,1953,TWN,8451375,,,
Taiwan,1954,TWN,8767773,,,
Taiwan,1955,TWN,9104136,,,
Taiwan,1956,TWN,9465707,,,
Taiwan,1957,TWN,9850527,,,
Taiwan,1958,TWN,10246160,,,
Taiwan,1959,TWN,10644179,,,
Taiwan,1960,TWN,11046263,,,
Taiwan,1961,TWN,11453506,,,
Taiwan,1962,TWN,11866670,,,
Taiwan,1963,TWN,12285726,,,
Taiwan,1964,TWN,12706682,,,
Taiwan,1965,TWN,13124808,,5360.663,
Taiwan,1966,TWN,13537706,,5567.861,
Taiwan,1967,TWN,13901473,,5917.91,
Taiwan,1968,TWN,14215584,,6648.176,
Taiwan,1969,TWN,14523608,,6811.158,
Taiwan,1970,TWN,14815755,,7267.814,
Taiwan,1971,TWN,15121137,,8942.525,
Taiwan,1972,TWN,15450618,,9350.463,
Taiwan,1973,TWN,15772691,,10704.224,
Taiwan,1974,TWN,16082315,,10053.494,
Taiwan,1975,TWN,16365267,,10884.052,
Taiwan,1976,TWN,16671501,,13009.297,
Taiwan,1977,TWN,17020095,,13983.706,
Taiwan,1978,TWN,17373729,,16183.415,
Taiwan,1979,TWN,17735789,,16828.688,
Taiwan,1980,TWN,18086521,,17398.014,
Taiwan,1981,TWN,18412829,,16003.523,
Taiwan,1982,TWN,18723986,,17498.916,
Taiwan,1983,TWN,19022629,,19131.791,
Taiwan,1984,TWN,19306762,,19664.119,
Taiwan,1985,TWN,19571695,,20301.912,0
Taiwan,1986,TWN,19805981,,21833.061,0
Taiwan,1987,TWN,20015820,,23386.168,0
Taiwan,1988,TWN,20223658,,25565.137,0
Taiwan,1989,TWN,20418913,,26852.451,0.13
Taiwan,1990,TWN,20594907,,28367.777,1.203
Taiwan,1991,TWN,20781752,,29703.441,2.87
Taiwan,1992,TWN,20982088,,31257.176,3.021
Taiwan,1993,TWN,21174678,,32770.891,2.608
Taiwan,1994,TWN,21357145,,34483.172,5.383
Taiwan,1995,TWN,21534497,,36338,5.844
Taiwan,1996,TWN,21709270,,37529.094,6.229
Taiwan,1997,TWN,21885332,,39398.664,8.971
Taiwan,1998,TWN,22049226,,41396.062,14.283
Taiwan,1999,TWN,22203788,,43024.375,15.449
Taiwan,2000,TWN,22332873,1.05,45722.125,18.32
Taiwan,2001,TWN,22446254,1.32,46945.289,21.25
Taiwan,2002,TWN,22566898,1.6,48563.367,27.07
Taiwan,2003,TWN,22664130,1.77,50539.492,29.29
Taiwan,2004,TWN,22745432,1.85,52462.762,37.2
Taiwan,2005,TWN,22824932,1.85,52957.516,40.1
Taiwan,2006,TWN,22914644,1.85,54161.758,41.3
Taiwan,2007,TWN,23006921,1.88,56193.273,46.34
Taiwan,2008,TWN,23086238,1.82,53926.07,49.82
Taiwan,2009,TWN,23164353,1.75,52161.855,48.57
Taiwan,2010,TWN,23224049,1.83,55741.184,61.68
Taiwan,2011,TWN,23273078,1.83,55435.527,65.66
Taiwan,2012,TWN,23345963,1.83,54801.141,67.82
Taiwan,2013,TWN,23416870,1.85,55716.605,70.06
Taiwan,2014,TWN,23472811,1.92,56826.914,74.78
Taiwan,2015,TWN,23529260,1.94,56650.766,80.8
Taiwan,2016,TWN,23586140,1.91,56802.785,85.23
Taiwan,2017,TWN,23632950,1.86,56732.984,93.41
Taiwan,2018,TWN,23659308,1.97,57252.355,94.46
Taiwan,2019,TWN,23674137,1.99,56101.125,93.2
Taiwan,2020,TWN,23663461,2,54479.203,102.03
Taiwan,2021,TWN,23558330,2.01,58168.164,110.59
Taiwan,2022,TWN,23420107,1.99,56225.938,114.3
Taiwan,2023,TWN,23317145,2.01,53882.113,113.91
Taiwan,2024,TWN,23213964,2.07,54012.633,124.99
Tajikistan,1992,TJK,5649397,,8988.006,
Tajikistan,1993,TJK,5725001,,7375.933,
Tajikistan,1994,TJK,5825371,,6990.197,
Tajikistan,1995,TJK,5948588,,5381.158,
Tajikistan,1996,TJK,6066524,,6201.645,
Tajikistan,1997,TJK,6139829,,6033.039,
Tajikistan,1998,TJK,6176403,,6204.16,
Tajikistan,1999,TJK,6208373,,7124.432,
Tajikistan,2000,TJK,6284737,0,5018.302,0.22
Tajikistan,2001,TJK,6407376,0,5201.65,0.18
Tajikistan,2002,TJK,6531674,0,5083.217,0.14
Tajikistan,2003,TJK,6658575,0,5249.373,0.17
Tajikistan,2004,TJK,6790555,0,5403.847,0.15
Tajikistan,2005,TJK,6924722,0,5358.023,0.12
Tajikistan,2006,TJK,7057566,0,5168.557,0.23
Tajikistan,2007,TJK,7194479,0,4449.12,0.38
Tajikistan,2008,TJK,7338402,0,4006.238,0.35
Tajikistan,2009,TJK,7490232,0,3501.677,0.22
Tajikistan,2010,TJK,7652144,0,3551.285,0.04
Tajikistan,2011,TJK,7824788,0,3452.973,0.04
Tajikistan,2012,TJK,8014087,0,3733.26,0.07
Tajikistan,2013,TJK,8216733,0,3851.428,0
Tajikistan,2014,TJK,8425559,0,4155.931,0
Tajikistan,2015,TJK,8643839,0,3965.986,0
Tajikistan,2016,TJK,8865623,0,4194.635,0
Tajikistan,2017,TJK,9085942,0,4154.551,0
Tajikistan,2018,TJK,9307345,0,4368.406,0
Tajikistan,2019,TJK,9529970,0,4632.589,0.31
Tajikistan,2020,TJK,9749312,0,4753.297,0.33
Tajikistan,2021,TJK,9966912,0,4666.234,0.31
Tajikistan,2022,TJK,10182228,0,4824.712,0.29
Tajikistan,2023,TJK,10389807,0,4745.263,0.3
Tajikistan,2024,TJK,10590930,0,,0.33
Tanzania,1900,TZA,4975342,,,
Tanzania,1901,TZA,4946765,,,
Tanzania,1902,TZA,4922341,,,
Tanzania,1903,TZA,4902019,,,
Tanzania,1904,TZA,4881781,,,
Tanzania,1905,TZA,4861626,,,
Tanzania,1906,TZA,4841554,,,
Tanzania,1907,TZA,4821566,,,
Tanzania,1908,TZA,4801659,,,
Tanzania,1909,TZA,4785645,,,
Tanzania,1910,TZA,4773506,,,
Tanzania,1911,TZA,4765226,,,
Tanzania,1912,TZA,4760786,,,
Tanzania,1913,TZA,4760171,,,
Tanzania,1914,TZA,4759556,,,
Tanzania,1915,TZA,4758941,,,
Tanzania,1916,TZA,4758326,,,
Tanzania,1917,TZA,4757711,,,
Tanzania,1918,TZA,4757711,,,
Tanzania,1919,TZA,4771984,,,
Tanzania,1920,TZA,4800744,,,
Tanzania,1921,TZA,4844209,,,
Tanzania,1922,TZA,4902599,,,
Tanzania,1923,TZA,4976138,,,
Tanzania,1924,TZA,5050780,,,
Tanzania,1925,TZA,5126542,,,
Tanzania,1926,TZA,5203440,,,
Tanzania,1927,TZA,5281492,,,
Tanzania,1928,TZA,5360714,,,
Tanzania,1929,TZA,5440020,,,
Tanzania,1930,TZA,5519397,,,
Tanzania,1931,TZA,5598828,,,
Tanzania,1932,TZA,5678300,,,
Tanzania,1933,TZA,5757796,,,
Tanzania,1934,TZA,5838405,,,
Tanzania,1935,TZA,5920142,,,
Tanzania,1936,TZA,6003024,,,
Tanzania,1937,TZA,6087067,,,
Tanzania,1938,TZA,6172286,,,
Tanzania,1939,TZA,6263774,,,
Tanzania,1940,TZA,6361710,,,
Tanzania,1941,TZA,6466278,,,
Tanzania,1942,TZA,6577665,,,
Tanzania,1943,TZA,6696063,,,
Tanzania,1944,TZA,6816592,,,
Tanzania,1945,TZA,6939291,,,
Tanzania,1946,TZA,7064198,,,
Tanzania,1947,TZA,7191354,,,
Tanzania,1948,TZA,7320798,,,
Tanzania,1949,TZA,7467570,,,
Tanzania,1950,TZA,7625152,,,
Tanzania,1951,TZA,7812973,,,
Tanzania,1952,TZA,8009083,,,
Tanzania,1953,TZA,8213117,,,
Tanzania,1954,TZA,8424792,,,
Tanzania,1955,TZA,8644856,,,
Tanzania,1956,TZA,8874780,,,
Tanzania,1957,TZA,9115792,,,
Tanzania,1958,TZA,9367596,,,
Tanzania,1959,TZA,9629269,,,
Tanzania,1960,TZA,9901422,,,
Tanzania,1961,TZA,10187889,,,
Tanzania,1962,TZA,10487756,,,
Tanzania,1963,TZA,10799530,,,
Tanzania,1964,TZA,11127827,,,
Tanzania,1965,TZA,11470726,,,
Tanzania,1966,TZA,11827462,,,
Tanzania,1967,TZA,12200114,,,
Tanzania,1968,TZA,12602077,,,
Tanzania,1969,TZA,13036701,,,
Tanzania,1970,TZA,13492674,,,
Tanzania,1971,TZA,13971453,,,
Tanzania,1972,TZA,14479311,,,
Tanzania,1973,TZA,15010099,,,
Tanzania,1974,TZA,15561633,,,
Tanzania,1975,TZA,16138364,,,
Tanzania,1976,TZA,16736216,,,
Tanzania,1977,TZA,17352936,,,
Tanzania,1978,TZA,17976569,,,
Tanzania,1979,TZA,18592045,,,
Tanzania,1980,TZA,19189769,,470.227,
Tanzania,1981,TZA,19784713,,550.076,
Tanzania,1982,TZA,20398574,,503.741,
Tanzania,1983,TZA,21079877,,430.675,
Tanzania,1984,TZA,21779064,,476.004,
Tanzania,1985,TZA,22501696,,460.481,
Tanzania,1986,TZA,23258959,,523.625,
Tanzania,1987,TZA,24030376,,453.853,
Tanzania,1988,TZA,24769690,,470.941,
Tanzania,1989,TZA,25438759,,454.828,
Tanzania,1990,TZA,26110210,,491.104,
Tanzania,1991,TZA,26780440,,415.098,
Tanzania,1992,TZA,27457599,,438.964,
Tanzania,1993,TZA,28332691,,445.608,
Tanzania,1994,TZA,29442357,,387.214,
Tanzania,1995,TZA,30383496,,368.182,
Tanzania,1996,TZA,30945761,,374.622,
Tanzania,1997,TZA,31578093,,354.55,
Tanzania,1998,TZA,32420461,,374.83,
Tanzania,1999,TZA,33300335,,384.205,
Tanzania,2000,TZA,34260142,0.03,390.587,0
Tanzania,2001,TZA,35198303,0.04,428.278,0
Tanzania,2002,TZA,36121301,0.04,469.116,0
Tanzania,2003,TZA,37089555,0.05,473.165,0
Tanzania,2004,TZA,38109666,0.05,591.402,0.41
Tanzania,2005,TZA,39182083,0.05,653.087,1.15
Tanzania,2006,TZA,40294900,0.06,670.711,1.3
Tanzania,2007,TZA,41435508,0.06,663.848,1.14
Tanzania,2008,TZA,42570728,0.06,675.053,1.39
Tanzania,2009,TZA,43633975,0.06,649.775,1.99
Tanzania,2010,TZA,44758491,0.07,742.13,2.35
Tanzania,2011,TZA,46029371,0.07,763.384,2.61
Tanzania,2012,TZA,47374261,0.06,917.588,2.98
Tanzania,2013,TZA,48824134,0.07,934.002,2.91
Tanzania,2014,TZA,50351506,0.06,919.426,2.63
Tanzania,2015,TZA,52020958,0.06,938.619,2.86
Tanzania,2016,TZA,53824012,0.07,995.273,4.1
Tanzania,2017,TZA,55652888,0.07,866.516,4.32
Tanzania,2018,TZA,57437134,0.06,983.479,4.87
Tanzania,2019,TZA,59174889,0.07,1046.091,5.11
Tanzania,2020,TZA,60972803,0.07,974.78,4.51
Tanzania,2021,TZA,62830410,0.07,1071.708,5.36
Tanzania,2022,TZA,64711822,0.07,1187.172,6.68
Tanzania,2023,TZA,66617607,0.07,1199.085,8.12
Thailand,1900,THA,7411725,,,
Thailand,1901,THA,7497622,,,
Thailand,1902,THA,7589509,,,
Thailand,1903,THA,7687512,,,
Thailand,1904,THA,7786780,,,
Thailand,1905,THA,7887330,,,
Thailand,1906,THA,7989178,,,
Thailand,1907,THA,8092340,,,
Thailand,1908,THA,8196835,,,
Thailand,1909,THA,8309414,,,
Thailand,1910,THA,8430298,,,
Thailand,1911,THA,8559711,,,
Thailand,1912,THA,8697882,,,
Thailand,1913,THA,8845046,,,
Thailand,1914,THA,8994700,,,
Thailand,1915,THA,9146885,,,
Thailand,1916,THA,9301645,,,
Thailand,1917,THA,9459023,,,
Thailand,1918,THA,9617093,,,
Thailand,1919,THA,9791742,,,
Thailand,1920,THA,9983580,,,
Thailand,1921,THA,10193232,,,
Thailand,1922,THA,10421341,,,
Thailand,1923,THA,10668572,,,
Thailand,1924,THA,10921667,,,
Thailand,1925,THA,11180768,,,
Thailand,1926,THA,11446014,,,
Thailand,1927,THA,11717554,,,
Thailand,1928,THA,11995535,,,
Thailand,1929,THA,12277582,,,
Thailand,1930,THA,12563733,,,
Thailand,1931,THA,12854026,,,
Thailand,1932,THA,13148501,,,
Thailand,1933,THA,13447194,,,
Thailand,1934,THA,13752673,,,
Thailand,1935,THA,14065091,,,
Thailand,1936,THA,14384607,,,
Thailand,1937,THA,14711381,,,
Thailand,1938,THA,15045578,,,
Thailand,1939,THA,15397519,,,
Thailand,1940,THA,15767871,,,
Thailand,1941,THA,16157322,,,
Thailand,1942,THA,16566584,,,
Thailand,1943,THA,16996390,,,
Thailand,1944,THA,17437347,,,
Thailand,1945,THA,17889744,,,
Thailand,1946,THA,18353879,,,
Thailand,1947,THA,18830055,,,
Thailand,1948,THA,19318585,,,
Thailand,1949,THA,19845178,,,
Thailand,1950,THA,20428401,,,
Thailand,1951,THA,20965188,,,
Thailand,1952,THA,21527583,,,
Thailand,1953,THA,22109323,,,
Thailand,1954,THA,22713340,,,
Thailand,1955,THA,23343179,,,
Thailand,1956,THA,23997266,,,
Thailand,1957,THA,24674831,,,
Thailand,1958,THA,25367008,,,
Thailand,1959,THA,26088018,,,
Thailand,1960,THA,26851751,,,
Thailand,1961,THA,27650335,,,
Thailand,1962,THA,28481048,,,
Thailand,1963,THA,29342315,,,
Thailand,1964,THA,30232136,,,
Thailand,1965,THA,31149337,,985.784,
Thailand,1966,THA,32086073,,1140.484,
Thailand,1967,THA,33037797,,1261.537,
Thailand,1968,THA,34002562,,1572.578,
Thailand,1969,THA,34973784,,1614.764,
Thailand,1970,THA,35954411,,1871.079,
Thailand,1971,THA,36937392,,2017.387,
Thailand,1972,THA,37933932,,2383.797,
Thailand,1973,THA,38947791,,2461.957,
Thailand,1974,THA,39952896,,2497.067,
Thailand,1975,THA,40939999,,2689.724,
Thailand,1976,THA,41896511,,2775.513,
Thailand,1977,THA,42843973,,2985.781,
Thailand,1978,THA,43788976,,3115.91,
Thailand,1979,THA,44718436,,3242.673,
Thailand,1980,THA,45650031,,3184.257,
Thailand,1981,THA,46575851,,3138.92,
Thailand,1982,THA,47494577,,3154.517,
Thailand,1983,THA,48423309,,3391.938,
Thailand,1984,THA,49351711,,3690.169,
Thailand,1985,THA,50270754,,3785.338,10.666
Thailand,1986,THA,51177832,,3956.224,10.252
Thailand,1987,THA,52074109,,4438.084,15.624
Thailand,1988,THA,52969595,,4910.51,18.72
Thailand,1989,THA,53848955,,5589.666,19.195
Thailand,1990,THA,54738329,,6465.264,17.765
Thailand,1991,THA,55637436,,7017.81,19.051
Thailand,1992,THA,56528832,,7557.287,22.943
Thailand,1993,THA,57408198,,8444.095,27.953
Thailand,1994,THA,58260855,,9351.679,31.485
Thailand,1995,THA,59098231,,10407.508,33.863
Thailand,1996,THA,59920059,,11614.824,36.433
Thailand,1997,THA,60724588,,12064.948,44.574
Thailand,1998,THA,61522632,,10972.201,49.021
Thailand,1999,THA,62299039,,11481.495,53.804
Thailand,2000,THA,63007815,0.53,11771.415,61.09
Thailand,2001,THA,63651137,0.62,12288.995,71.23
Thailand,2002,THA,64266433,0.75,13194.149,78.91
Thailand,2003,THA,64868164,1.23,14054.511,85.69
Thailand,2004,THA,65452049,1.84,15121.47,90.29
Thailand,2005,THA,66017415,1.86,15467.393,94.47
Thailand,2006,THA,66567685,1.99,15668.239,94.44
Thailand,2007,THA,67102388,2.42,16074.729,98.24
Thailand,2008,THA,67619835,2.14,15950.123,104.46
Thailand,2009,THA,68121077,2.25,16278.564,106.34
Thailand,2010,THA,68579443,3.36,17198.229,118.44
Thailand,2011,THA,69007212,3.98,17570.367,108.26
Thailand,2012,THA,69436091,4.7,18619.578,119.37
Thailand,2013,THA,69845112,5.63,18796.785,119.22
Thailand,2014,THA,70216362,6.72,19328.395,120.31
Thailand,2015,THA,70540787,7.34,19526.947,128.52
Thailand,2016,THA,70859835,8.6,19835.943,126.15
Thailand,2017,THA,71160183,9.29,20133.205,121.04
Thailand,2018,THA,71376081,11.74,20712.488,116.26
Thailand,2019,THA,71522264,12.59,20689.293,121.84
Thailand,2020,THA,71641484,12.29,19257.477,113.86
Thailand,2021,THA,71727338,13.41,19334.578,113.11
Thailand,2022,THA,71735321,13.86,19347.238,114.64
Thailand,2023,THA,71702436,14.29,19360.342,129.4
Thailand,2024,THA,71668010,14.39,19825.014,136.37
Togo,1980,TGO,2920907,,932.913,
Togo,1981,TGO,3013044,,848.98,
Togo,1982,TGO,3115043,,809.295,
Togo,1983,TGO,3222902,,830.949,
Togo,1984,TGO,3332838,,934.373,
Togo,1985,TGO,3441100,,864.891,
Togo,1986,TGO,3547956,,705.465,
Togo,1987,TGO,3657511,,652.715,
Togo,1988,TGO,3769752,,656.133,
Togo,1989,TGO,3883414,,741.61,
Togo,1990,TGO,3998758,,695.719,
Togo,1991,TGO,4115567,,1100.97,
Togo,1992,TGO,4233619,,802.676,
Togo,1993,TGO,4207462,,636.644,
Togo,1994,TGO,4222942,,700.862,
Togo,1995,TGO,4410834,,693.816,
Togo,1996,TGO,4577864,,664.533,
Togo,1997,TGO,4725037,,646.939,
Togo,1998,TGO,4860915,,660.741,
Togo,1999,TGO,5000270,,922.581,
Togo,2000,TGO,5140046,0,875.119,0
Togo,2001,TGO,5277386,0,760.448,0
Togo,2002,TGO,5413279,0,811.121,0
Togo,2003,TGO,5552169,0,980.784,0
Togo,2004,TGO,5696513,0,948.947,0
Togo,2005,TGO,5844637,0,902.267,0
Togo,2006,TGO,6010673,0,764.867,0
Togo,2007,TGO,6188350,0.01,901.283,0
Togo,2008,TGO,6368820,0,1051.391,0
Togo,2009,TGO,6551868,0,1821.933,0
Togo,2010,TGO,6732596,0,1692.536,0
Togo,2011,TGO,6916478,0,1531.725,0.03
Togo,2012,TGO,7100743,0,1346.274,0.08
Togo,2013,TGO,7285448,0,1294.385,0.07
Togo,2014,TGO,7472457,0,1169.673,0.05
Togo,2015,TGO,7663199,0,797.565,0.18
Togo,2016,TGO,7858297,0,1101.07,0.03
Togo,2017,TGO,8057138,0,1012.922,0.13
Togo,2018,TGO,8258782,0,1197.802,0.21
Togo,2019,TGO,8463070,0,1120.136,0.46
Togo,2020,TGO,8669721,0,1042.038,0.46
Togo,2021,TGO,8878382,0,1246.703,0.48
Togo,2022,TGO,9089742,0,1295.534,0.65
Togo,2023,TGO,9304346,0,1329.842,0.66
Tonga,1980,TON,97785,,1262.176,
Tonga,1981,TON,97930,,1885.295,
Tonga,1982,TON,98000,,1883.948,
Tonga,1983,TON,98016,,1883.641,
Tonga,1984,TON,98008,,1888.956,
Tonga,1985,TON,98000,,1883.948,
Tonga,1986,TON,98025,,1169.885,
Tonga,1987,TON,98394,,2584.564,
Tonga,1988,TON,98985,,3212.609,
Tonga,1989,TON,99419,,3951.306,
Tonga,1990,TON,99717,,3939.498,
Tonga,1991,TON,99911,,3993.784,
Tonga,1992,TON,100045,,3792.254,
Tonga,1993,TON,100120,,3781.153,
Tonga,1994,TON,100187,,5135.172,
Tonga,1995,TON,100240,,4638.998,
Tonga,1996,TON,100294,,5269.283,
Tonga,1997,TON,100691,,5492.21,
Tonga,1998,TON,101406,,5544.937,
Tonga,1999,TON,102058,,5509.608,
Tonga,2000,TON,102695,0,4266.688,0
Tonga,2001,TON,103305,0,3820.294,0
Tonga,2002,TON,103888,0,4119.104,0
Tonga,2003,TON,104481,0,5046.336,0
Tonga,2004,TON,105088,0,4646.535,0
Tonga,2005,TON,105684,0,4920.173,0
Tonga,2006,TON,106266,0,5504.125,0
Tonga,2007,TON,106744,0,4691.077,0
Tonga,2008,TON,107036,0,5052.053,0
Tonga,2009,TON,107219,0,5474.113,0
Tonga,2010,TON,107415,0,4973.296,0
Tonga,2011,TON,107584,0,4698.859,0
Tonga,2012,TON,107476,0,4776.945,0
Tonga,2013,TON,107093,0,4671.367,0
Tonga,2014,TON,106627,0,5078.453,0
Tonga,2015,TON,106110,0,5324.334,0
Tonga,2016,TON,105536,0,5667.734,0
Tonga,2017,TON,105373,0,6738.132,0
Tonga,2018,TON,105590,0,5828.601,0
Tonga,2019,TON,105688,0,6422.865,0
Tonga,2020,TON,105721,0,7485.477,0
Tonga,2021,TON,105504,0,7542.833,0
Tonga,2022,TON,105053,0,6417.716,0
Tonga,2023,TON,104613,0,6819.351,0
Trinidad and Tobago,1900,TTO,273257,,,
Trinidad and Tobago,1901,TTO,279141,,,
Trinidad and Tobago,1902,TTO,285178,,,
Trinidad and Tobago,1903,TTO,291371,,,
Trinidad and Tobago,1904,TTO,297698,,,
Trinidad and Tobago,1905,TTO,304163,,,
Trinidad and Tobago,1906,TTO,310768,,,
Trinidad and Tobago,1907,TTO,317517,,,
Trinidad and Tobago,1908,TTO,324412,,,
Trinidad and Tobago,1909,TTO,331114,,,
Trinidad and Tobago,1910,TTO,337613,,,
Trinidad and Tobago,1911,TTO,343899,,,
Trinidad and Tobago,1912,TTO,349962,,,
Trinidad and Tobago,1913,TTO,355789,,,
Trinidad and Tobago,1914,TTO,361714,,,
Trinidad and Tobago,1915,TTO,367737,,,
Trinidad and Tobago,1916,TTO,373861,,,
Trinidad and Tobago,1917,TTO,380086,,,
Trinidad and Tobago,1918,TTO,386273,,,
Trinidad and Tobago,1919,TTO,391584,,,
Trinidad and Tobago,1920,TTO,396002,,,
Trinidad and Tobago,1921,TTO,399507,,,
Trinidad and Tobago,1922,TTO,402081,,,
Trinidad and Tobago,1923,TTO,403705,,,
Trinidad and Tobago,1924,TTO,405336,,,
Trinidad and Tobago,1925,TTO,406973,,,
Trinidad and Tobago,1926,TTO,408616,,,
Trinidad and Tobago,1927,TTO,410267,,,
Trinidad and Tobago,1928,TTO,411924,,,
Trinidad and Tobago,1929,TTO,414604,,,
Trinidad and Tobago,1930,TTO,418330,,,
Trinidad and Tobago,1931,TTO,423120,,,
Trinidad and Tobago,1932,TTO,428997,,,
Trinidad and Tobago,1933,TTO,435983,,,
Trinidad and Tobago,1934,TTO,443083,,,
Trinidad and Tobago,1935,TTO,450298,,,
Trinidad and Tobago,1936,TTO,457631,,,
Trinidad and Tobago,1937,TTO,465083,,,
Trinidad and Tobago,1938,TTO,472657,,,
Trinidad and Tobago,1939,TTO,481571,,,
Trinidad and Tobago,1940,TTO,491882,,,
Trinidad and Tobago,1941,TTO,503649,,,
Trinidad and Tobago,1942,TTO,516932,,,
Trinidad and Tobago,1943,TTO,531796,,,
Trinidad and Tobago,1944,TTO,547086,,,
Trinidad and Tobago,1945,TTO,562817,,,
Trinidad and Tobago,1946,TTO,578999,,,
Trinidad and Tobago,1947,TTO,595647,,,
Trinidad and Tobago,1948,TTO,612773,,,
Trinidad and Tobago,1949,TTO,630424,,,
Trinidad and Tobago,1950,TTO,648778,,,
Trinidad and Tobago,1951,TTO,665740,,,
Trinidad and Tobago,1952,TTO,683442,,,
Trinidad and Tobago,1953,TTO,701870,,,
Trinidad and Tobago,1954,TTO,721160,,,
Trinidad and Tobago,1955,TTO,741247,,,
Trinidad and Tobago,1956,TTO,761692,,,
Trinidad and Tobago,1957,TTO,782511,,,
Trinidad and Tobago,1958,TTO,803842,,,
Trinidad and Tobago,1959,TTO,825021,,,
Trinidad and Tobago,1960,TTO,844952,,,
Trinidad and Tobago,1961,TTO,863152,,,
Trinidad and Tobago,1962,TTO,880205,,,
Trinidad and Tobago,1963,TTO,896812,,,
Trinidad and Tobago,1964,TTO,912972,,,
Trinidad and Tobago,1965,TTO,928433,,36217.641,
Trinidad and Tobago,1966,TTO,942947,,37942.094,
Trinidad and Tobago,1967,TTO,956429,,39875.238,
Trinidad and Tobago,1968,TTO,969006,,40571.77,
Trinidad and Tobago,1969,TTO,980713,,41339.602,
Trinidad and Tobago,1970,TTO,991480,,45064.531,
Trinidad and Tobago,1971,TTO,1002588,,45043.586,
Trinidad and Tobago,1972,TTO,1014927,,61328.684,
Trinidad and Tobago,1973,TTO,1027860,,60063.402,
Trinidad and Tobago,1974,TTO,1040768,,57135.422,
Trinidad and Tobago,1975,TTO,1053468,,45482.848,
Trinidad and Tobago,1976,TTO,1066314,,50523.109,
Trinidad and Tobago,1977,TTO,1079560,,51919.512,
Trinidad and Tobago,1978,TTO,1093393,,51615.09,
Trinidad and Tobago,1979,TTO,1107652,,45017.406,
Trinidad and Tobago,1980,TTO,1121750,,42745.934,
Trinidad and Tobago,1981,TTO,1135140,,44603.105,
Trinidad and Tobago,1982,TTO,1147932,,51800.645,
Trinidad and Tobago,1983,TTO,1160537,,49991.785,
Trinidad and Tobago,1984,TTO,1172985,,48753.215,
Trinidad and Tobago,1985,TTO,1187370,,49775.742,
Trinidad and Tobago,1986,TTO,1203132,,51076.152,
Trinidad and Tobago,1987,TTO,1217367,,47655.117,
Trinidad and Tobago,1988,TTO,1230071,,51829.539,
Trinidad and Tobago,1989,TTO,1241606,,50516.359,
Trinidad and Tobago,1990,TTO,1252215,,55581.473,
Trinidad and Tobago,1991,TTO,1262174,,54975.676,
Trinidad and Tobago,1992,TTO,1271681,,57755.402,
Trinidad and Tobago,1993,TTO,1280474,,60460.055,
Trinidad and Tobago,1994,TTO,1288353,,63680.742,
Trinidad and Tobago,1995,TTO,1295167,,68695.367,
Trinidad and Tobago,1996,TTO,1300937,,77483.578,
Trinidad and Tobago,1997,TTO,1305838,,77172.805,
Trinidad and Tobago,1998,TTO,1310226,,78071.281,
Trinidad and Tobago,1999,TTO,1314711,,86474.562,
Trinidad and Tobago,2000,TTO,1319781,0.02,90199.227,5.44
Trinidad and Tobago,2001,TTO,1325573,0.03,95792.359,5.61
Trinidad and Tobago,2002,TTO,1332017,0.03,106069.664,5.61
Trinidad and Tobago,2003,TTO,1338718,0.01,115621.211,6.42
Trinidad and Tobago,2004,TTO,1345386,0.02,126194.438,6.4
Trinidad and Tobago,2005,TTO,1352040,0.02,138480.672,7.02
Trinidad and Tobago,2006,TTO,1358706,0.03,159670.766,7.13
Trinidad and Tobago,2007,TTO,1365381,0.02,162135.047,7.64
Trinidad and Tobago,2008,TTO,1372090,0.02,158945.203,7.69
Trinidad and Tobago,2009,TTO,1379056,0.02,156985.703,7.8
Trinidad and Tobago,2010,TTO,1386657,0,168405.953,8.46
Trinidad and Tobago,2011,TTO,1394990,0,165262.562,8.74
Trinidad and Tobago,2012,TTO,1403814,0,160933.156,9.1
Trinidad and Tobago,2013,TTO,1412658,0,161807.719,9.48
Trinidad and Tobago,2014,TTO,1421135,0,161022.281,9.39
Trinidad and Tobago,2015,TTO,1429190,0,155078.094,9.54
Trinidad and Tobago,2016,TTO,1437031,0,136234.078,9.38
Trinidad and Tobago,2017,TTO,1445265,0,143272.672,9.28
Trinidad and Tobago,2018,TTO,1470522,0,131952.172,9.19
Trinidad and Tobago,2019,TTO,1484898,0,131459,9.15
Trinidad and Tobago,2020,TTO,1481026,0,114341.891,9.18
Trinidad and Tobago,2021,TTO,1487715,0,116369.273,9.22
Trinidad and Tobago,2022,TTO,1495923,0,115685.422,9.45
Trinidad and Tobago,2023,TTO,1502938,0,109068.18,9.45
Trinidad and Tobago,2024,TTO,1507778,,105988.438,
Tunisia,1900,TUN,1878648,,,
Tunisia,1901,TUN,1905207,,,
Tunisia,1902,TUN,1934610,,,
Tunisia,1903,TUN,1966929,,,
Tunisia,1904,TUN,1999787,,,
Tunisia,1905,TUN,2033194,,,
Tunisia,1906,TUN,2067159,,,
Tunisia,1907,TUN,2101691,,,
Tunisia,1908,TUN,2136800,,,
Tunisia,1909,TUN,2167536,,,
Tunisia,1910,TUN,2193797,,,
Tunisia,1911,TUN,2215480,,,
Tunisia,1912,TUN,2232478,,,
Tunisia,1913,TUN,2244684,,,
Tunisia,1914,TUN,2256956,,,
Tunisia,1915,TUN,2269295,,,
Tunisia,1916,TUN,2281700,,,
Tunisia,1917,TUN,2294174,,,
Tunisia,1918,TUN,2305774,,,
Tunisia,1919,TUN,2320238,,,
Tunisia,1920,TUN,2337611,,,
Tunisia,1921,TUN,2357940,,,
Tunisia,1922,TUN,2381271,,,
Tunisia,1923,TUN,2407651,,,
Tunisia,1924,TUN,2434323,,,
Tunisia,1925,TUN,2461290,,,
Tunisia,1926,TUN,2488557,,,
Tunisia,1927,TUN,2516125,,,
Tunisia,1928,TUN,2543999,,,
Tunisia,1929,TUN,2575619,,,
Tunisia,1930,TUN,2611086,,,
Tunisia,1931,TUN,2650506,,,
Tunisia,1932,TUN,2693984,,,
Tunisia,1933,TUN,2741631,,,
Tunisia,1934,TUN,2790121,,,
Tunisia,1935,TUN,2839468,,,
Tunisia,1936,TUN,2889688,,,
Tunisia,1937,TUN,2940796,,,
Tunisia,1938,TUN,2992808,,,
Tunisia,1939,TUN,3044090,,,
Tunisia,1940,TUN,3094602,,,
Tunisia,1941,TUN,3144308,,,
Tunisia,1942,TUN,3193166,,,
Tunisia,1943,TUN,3241136,,,
Tunisia,1944,TUN,3289826,,,
Tunisia,1945,TUN,3339248,,,
Tunisia,1946,TUN,3389413,,,
Tunisia,1947,TUN,3440331,,,
Tunisia,1948,TUN,3492014,,,
Tunisia,1949,TUN,3547297,,,
Tunisia,1950,TUN,3608997,,,
Tunisia,1951,TUN,3682102,,,
Tunisia,1952,TUN,3758189,,,
Tunisia,1953,TUN,3837404,,,
Tunisia,1954,TUN,3919526,,,
Tunisia,1955,TUN,4005135,,,
Tunisia,1956,TUN,4082608,,,
Tunisia,1957,TUN,4136609,,,
Tunisia,1958,TUN,4177717,,,
Tunisia,1959,TUN,4220907,,,
Tunisia,1960,TUN,4267299,,,
Tunisia,1961,TUN,4316281,,,
Tunisia,1962,TUN,4369139,,,
Tunisia,1963,TUN,4427131,,,
Tunisia,1964,TUN,4489875,,,
Tunisia,1965,TUN,4561390,,,
Tunisia,1966,TUN,4652294,,,
Tunisia,1967,TUN,4760975,,,
Tunisia,1968,TUN,4879909,,,
Tunisia,1969,TUN,5004694,,,
Tunisia,1970,TUN,5131394,,,
Tunisia,1971,TUN,5261660,,,
Tunisia,1972,TUN,5396564,,,
Tunisia,1973,TUN,5537244,,,
Tunisia,1974,TUN,5684686,,,
Tunisia,1975,TUN,5839266,,,
Tunisia,1976,TUN,5996993,,,
Tunisia,1977,TUN,6155927,,,
Tunisia,1978,TUN,6309393,,,
Tunisia,1979,TUN,6456418,,,
Tunisia,1980,TUN,6606194,,5698.347,
Tunisia,1981,TUN,6758291,,6074.138,
Tunisia,1982,TUN,6908649,,5682.227,
Tunisia,1983,TUN,7053797,,6280.88,
Tunisia,1984,TUN,7220050,,6754.884,
Tunisia,1985,TUN,7409907,,6758.88,
Tunisia,1986,TUN,7600300,,6953.273,
Tunisia,1987,TUN,7789990,,6301.459,
Tunisia,1988,TUN,7974447,,6616.265,
Tunisia,1989,TUN,8151665,,7244.064,
Tunisia,1990,TUN,8324509,,7048.021,
Tunisia,1991,TUN,8501826,,5688.935,
Tunisia,1992,TUN,8682509,,6443.433,
Tunisia,1993,TUN,8857916,,7211.838,
Tunisia,1994,TUN,9018447,,7678.588,
Tunisia,1995,TUN,9161263,,6825.274,
Tunisia,1996,TUN,9294433,,7222.493,
Tunisia,1997,TUN,9421273,,8280.438,
Tunisia,1998,TUN,9541669,,8789.375,
Tunisia,1999,TUN,9655966,,8746.636,
Tunisia,2000,TUN,9764940,0,9104.677,9.28
Tunisia,2001,TUN,9869679,0,10003.666,10.19
Tunisia,2002,TUN,9971521,0,9796.658,10.55
Tunisia,2003,TUN,10071638,0,9540.336,10.99
Tunisia,2004,TUN,10166170,0,9638.208,11.59
Tunisia,2005,TUN,10255474,0,10374.793,12.27
Tunisia,2006,TUN,10346408,0,9707.503,11.94
Tunisia,2007,TUN,10441705,0,8575.337,12.19
Tunisia,2008,TUN,10542637,0,9829.796,13.58
Tunisia,2009,TUN,10650682,0,8095.156,14.55
Tunisia,2010,TUN,10765984,0,8215.607,15.7
Tunisia,2011,TUN,10886041,0,7754.171,16.13
Tunisia,2012,TUN,11009649,0,8405.116,17.53
Tunisia,2013,TUN,11141365,0,8780.315,17.62
Tunisia,2014,TUN,11274295,0,9543.288,18.03
Tunisia,2015,TUN,11402270,0,9753.874,17.99
Tunisia,2016,TUN,11528676,0,9623.396,18.96
Tunisia,2017,TUN,11650504,0,10090.97,19.71
Tunisia,2018,TUN,11765515,0,10194.451,20.04
Tunisia,2019,TUN,11875084,0,10254.706,21.01
Tunisia,2020,TUN,11974058,0,9381.091,20.47
Tunisia,2021,TUN,12048625,0,10189.536,20.97
Tunisia,2022,TUN,12119338,0,10087.191,20.52
Tunisia,2023,TUN,12200434,0,9892.207,20.24
Tunisia,2024,TUN,12277103,0,,19.79
Turkey,1900,TUR,13972684,,,
Turkey,1901,TUR,14053897,,,
Turkey,1902,TUR,14135582,,,
Turkey,1903,TUR,14217741,,,
Turkey,1904,TUR,14300377,,,
Turkey,1905,TUR,14383492,,,
Turkey,1906,TUR,14467090,,,
Turkey,1907,TUR,14551173,,,
Turkey,1908,TUR,14635744,,,
Turkey,1909,TUR,14679982,,,
Turkey,1910,TUR,14683987,,,
Turkey,1911,TUR,14647858,,,
Turkey,1912,TUR,14571689,,,
Turkey,1913,TUR,14455574,,,
Turkey,1914,TUR,14340384,,,
Turkey,1915,TUR,14226111,,,
Turkey,1916,TUR,14112748,,,
Turkey,1917,TUR,14000287,,,
Turkey,1918,TUR,13891763,,,
Turkey,1919,TUR,13825326,,,
Turkey,1920,TUR,13800950,,,
Turkey,1921,TUR,13818615,,,
Turkey,1922,TUR,13878301,,,
Turkey,1923,TUR,13979991,,,
Turkey,1924,TUR,14082427,,,
Turkey,1925,TUR,14185613,,,
Turkey,1926,TUR,14289555,,,
Turkey,1927,TUR,14394259,,,
Turkey,1928,TUR,14499730,,,
Turkey,1929,TUR,14637000,,,
Turkey,1930,TUR,14806857,,,
Turkey,1931,TUR,15010104,,,
Turkey,1932,TUR,15247560,,,
Turkey,1933,TUR,15520060,,,
Turkey,1934,TUR,15797430,,,
Turkey,1935,TUR,16079757,,,
Turkey,1936,TUR,16367129,,,
Turkey,1937,TUR,16659638,,,
Turkey,1938,TUR,16957374,,,
Turkey,1939,TUR,17257852,,,
Turkey,1940,TUR,17561075,,,
Turkey,1941,TUR,17867048,,,
Turkey,1942,TUR,18175775,,,
Turkey,1943,TUR,18487257,,,
Turkey,1944,TUR,18804078,,,
Turkey,1945,TUR,19126328,,,
Turkey,1946,TUR,19454100,,,
Turkey,1947,TUR,19787490,,,
Turkey,1948,TUR,20126593,,,
Turkey,1949,TUR,20522505,,,
Turkey,1950,TUR,21021142,,,
Turkey,1951,TUR,21643878,,,
Turkey,1952,TUR,22290093,,,
Turkey,1953,TUR,22958552,,,
Turkey,1954,TUR,23636110,,,
Turkey,1955,TUR,24310513,,,
Turkey,1956,TUR,25057603,,,
Turkey,1957,TUR,25880920,,,
Turkey,1958,TUR,26704966,,,
Turkey,1959,TUR,27526336,,,
Turkey,1960,TUR,28329895,,,
Turkey,1961,TUR,29119235,,,
Turkey,1962,TUR,29916149,,,
Turkey,1963,TUR,30726846,,,
Turkey,1964,TUR,31543074,,,
Turkey,1965,TUR,32345213,,2826.797,
Turkey,1966,TUR,33177679,,3162.253,
Turkey,1967,TUR,34050420,,3187.732,
Turkey,1968,TUR,34921681,,3620.291,
Turkey,1969,TUR,35787778,,3856.816,
Turkey,1970,TUR,36638458,,4003.521,
Turkey,1971,TUR,37518610,,4328.081,
Turkey,1972,TUR,38430215,,4720.918,
Turkey,1973,TUR,39329533,,5227.694,
Turkey,1974,TUR,40210234,,5214.504,
Turkey,1975,TUR,41053123,,5692.283,
Turkey,1976,TUR,41899990,,6281.503,
Turkey,1977,TUR,42773301,,6735.128,
Turkey,1978,TUR,43645306,,6988.749,
Turkey,1979,TUR,44510430,,6453.811,
Turkey,1980,TUR,45408818,,6573.563,
Turkey,1981,TUR,46321190,,6502.196,
Turkey,1982,TUR,47322104,,6945.618,
Turkey,1983,TUR,48447413,,7011.983,
Turkey,1984,TUR,49574065,,7215.545,
Turkey,1985,TUR,50687118,,7617.173,0.058
Turkey,1986,TUR,51777768,,8125.164,1.341
Turkey,1987,TUR,52843671,,9075.704,2.528
Turkey,1988,TUR,53909628,,9782.754,3.24
Turkey,1989,TUR,54976719,,9415.124,9.524
Turkey,1990,TUR,56015627,0,10020.523,10.19
Turkey,1991,TUR,57009892,0.04,10053.146,12.59
Turkey,1992,TUR,57990121,0.05,10394.637,10.81
Turkey,1993,TUR,58999164,0.06,11105.725,10.79
Turkey,1994,TUR,60033832,0.05,10569.057,13.82
Turkey,1995,TUR,61024501,0.22,11636.42,16.58
Turkey,1996,TUR,61951134,0.18,12504.012,17.17
Turkey,1997,TUR,62852968,0.29,12891.698,22.09
Turkey,1998,TUR,63734385,0.24,13033.552,24.85
Turkey,1999,TUR,64591916,0.13,12523.523,36.42
Turkey,2000,TUR,65425957,0.17,13198.735,46.54
Turkey,2001,TUR,66245125,0.18,11841.918,49.71
Turkey,2002,TUR,67048792,0.13,12814.346,52.53
Turkey,2003,TUR,67831735,0.08,13406.965,63.54
Turkey,2004,TUR,68592621,0.08,14197.467,62.27
Turkey,2005,TUR,69329557,0.03,14367.83,73.48
Turkey,2006,TUR,70045351,0.06,15776.228,80.69
Turkey,2007,TUR,70750593,0.09,16589.539,95.03
Turkey,2008,TUR,71562343,0.14,16442.74,98.68
Turkey,2009,TUR,72464846,0.25,16459.547,96.1
Turkey,2010,TUR,73346766,0.33,17085.506,98.14
Turkey,2011,TUR,74215203,0.34,18015.533,104.05
Turkey,2012,TUR,75197196,0.59,18897.527,104.5
Turkey,2013,TUR,76403032,0.88,18483.398,105.12
Turkey,2014,TUR,78036154,1.08,18636.939,120.58
Turkey,2015,TUR,80014222,1.24,19859.234,99.22
Turkey,2016,TUR,81652087,1.63,20443.309,89.23
Turkey,2017,TUR,83083667,2.1,21512.551,110.49
Turkey,2018,TUR,84415966,2.5,21179.322,90.09
Turkey,2019,TUR,85357670,3.4,21663.299,54.88
Turkey,2020,TUR,86091691,4.34,21161.5,68.07
Turkey,2021,TUR,86686254,6.15,22505.564,107.34
Turkey,2022,TUR,87058469,7.62,22617.557,71.86
Turkey,2023,TUR,87270502,8.21,22476.043,66.48
Turkey,2024,TUR,87473800,8.68,23927.826,63.28
Turkmenistan,1985,TKM,3247541,,44065.363,
Turkmenistan,1986,TKM,3347813,,53201.121,
Turkmenistan,1987,TKM,3452736,,51316.758,
Turkmenistan,1988,TKM,3559364,,50116.547,
Turkmenistan,1989,TKM,3662464,,50045.676,
Turkmenistan,1990,TKM,3760561,,42814.887,
Turkmenistan,1991,TKM,3855902,,37923.375,
Turkmenistan,1992,TKM,3944689,,34994.605,
Turkmenistan,1993,TKM,4032415,,31568.975,
Turkmenistan,1994,TKM,4116662,,32938.043,
Turkmenistan,1995,TKM,4191207,,24878.238,
Turkmenistan,1996,TKM,4263818,,37066.004,
Turkmenistan,1997,TKM,4336732,,28395.035,
Turkmenistan,1998,TKM,4410511,,31887.438,
Turkmenistan,1999,TKM,4492174,,27443.494,
Turkmenistan,2000,TKM,4582675,0,28428.357,9.85
Turkmenistan,2001,TKM,4675416,0,32493.838,10.61
Turkmenistan,2002,TKM,4769473,0,27329.037,10.7
Turkmenistan,2003,TKM,4863871,0,34533,10.8
Turkmenistan,2004,TKM,4958091,0,37745.398,11.92
Turkmenistan,2005,TKM,5052260,0,34686,12.82
Turkmenistan,2006,TKM,5147103,0,34979.223,13.65
Turkmenistan,2007,TKM,5244047,0,31647.539,14.88
Turkmenistan,2008,TKM,5345033,0,28982.496,15.04
Turkmenistan,2009,TKM,5451597,0,41572.953,15.98
Turkmenistan,2010,TKM,5564356,0,44347.527,16.66
Turkmenistan,2011,TKM,5683413,0,46974.797,17.22
Turkmenistan,2012,TKM,5808548,0,54328.891,17.75
Turkmenistan,2013,TKM,5939348,0,45064.047,18.87
Turkmenistan,2014,TKM,6075286,0,46697.828,20.4
Turkmenistan,2015,TKM,6215773,0,51843.594,22.53
Turkmenistan,2016,TKM,6360041,0,54821.168,22.53
Turkmenistan,2017,TKM,6507065,0,49726.68,23.89
Turkmenistan,2018,TKM,6655523,0,54902.934,25.36
Turkmenistan,2019,TKM,6803943,0,51540.266,22.5
Turkmenistan,2020,TKM,6949915,0,63923.27,25.76
Turkmenistan,2021,TKM,7092042,0,62717.742,28.39
Turkmenistan,2022,TKM,7230197,0,65250.055,32.59
Turkmenistan,2023,TKM,7364437,0,59537.512,33.78
Turkmenistan,2024,TKM,7494494,,49524.949,
Turks and Caicos Islands,1980,TCA,7584,,0,
Turks and Caicos Islands,1981,TCA,7927,,0,
Turks and Caicos Islands,1982,TCA,8316,,0,
Turks and Caicos Islands,1983,TCA,8722,,0,
Turks and Caicos Islands,1984,TCA,9127,,0,
Turks and Caicos Islands,1985,TCA,9545,,0,
Turks and Caicos Islands,1986,TCA,9962,,0,
Turks and Caicos Islands,1987,TCA,10384,,0,
Turks and Caicos Islands,1988,TCA,10800,,0,
Turks and Caicos Islands,1989,TCA,11213,,0,
Turks and Caicos Islands,1990,TCA,11708,,0,
Turks and Caicos Islands,1991,TCA,12328,,0,
Turks and Caicos Islands,1992,TCA,12992,,0,
Turks and Caicos Islands,1993,TCA,13670,,0,
Turks and Caicos Islands,1994,TCA,14368,,0,
Turks and Caicos Islands,1995,TCA,15074,,3676.454,
Turks and Caicos Islands,1996,TCA,15786,,3520.252,
Turks and Caicos Islands,1997,TCA,16505,,3357.694,
Turks and Caicos Islands,1998,TCA,17236,,3536.849,
Turks and Caicos Islands,1999,TCA,17981,,3390.308,
Turks and Caicos Islands,2000,TCA,18754,0,15414.862,0
Turks and Caicos Islands,2001,TCA,19603,0,15656.771,0
Turks and Caicos Islands,2002,TCA,20619,0,19821.516,0
Turks and Caicos Islands,2003,TCA,21749,0,19323.348,0
Turks and Caicos Islands,2004,TCA,22881,0,18923.941,0
Turks and Caicos Islands,2005,TCA,24011,0,21215.703,0
Turks and Caicos Islands,2006,TCA,25146,0,23296.818,0
Turks and Caicos Islands,2007,TCA,26290,0,26158.381,0
Turks and Caicos Islands,2008,TCA,27452,0,26674.824,0
Turks and Caicos Islands,2009,TCA,28610,0,25817.717,0
Turks and Caicos Islands,2010,TCA,29763,0,25673.332,0
Turks and Caicos Islands,2011,TCA,30870,0,24752.686,0
Turks and Caicos Islands,2012,TCA,32152,0,23765.719,0
Turks and Caicos Islands,2013,TCA,33675,0,22879.973,0
Turks and Caicos Islands,2014,TCA,35077,0,23599.273,0
Turks and Caicos Islands,2015,TCA,36632,0,23289.197,0
Turks and Caicos Islands,2016,TCA,38342,0,23014.893,0
Turks and Caicos Islands,2017,TCA,39931,0,23919.867,0
Turks and Caicos Islands,2018,TCA,41580,0,44844.117,0
Turks and Caicos Islands,2019,TCA,43191,0,43592.02,0
Turks and Caicos Islands,2020,TCA,44405,0,41699.66,0
Turks and Caicos Islands,2021,TCA,45262,0,41892.797,0
Turks and Caicos Islands,2022,TCA,45869,0,41151.16,0
Turks and Caicos Islands,2023,TCA,46221,0,40224.883,0
Tuvalu,1980,TUV,7387,,0,
Tuvalu,1981,TUV,7545,,0,
Tuvalu,1982,TUV,7686,,0,
Tuvalu,1983,TUV,7809,,0,
Tuvalu,1984,TUV,7926,,0,
Tuvalu,1985,TUV,8068,,0,
Tuvalu,1986,TUV,8238,,0,
Tuvalu,1987,TUV,8393,,0,
Tuvalu,1988,TUV,8539,,0,
Tuvalu,1989,TUV,8685,,0,
Tuvalu,1990,TUV,8821,,0,
Tuvalu,1991,TUV,8953,,0,
Tuvalu,1992,TUV,9060,,0,
Tuvalu,1993,TUV,9146,,0,
Tuvalu,1994,TUV,9231,,0,
Tuvalu,1995,TUV,9299,,0,
Tuvalu,1996,TUV,9363,,0,
Tuvalu,1997,TUV,9425,,0,
Tuvalu,1998,TUV,9469,,0,
Tuvalu,1999,TUV,9518,,0,
Tuvalu,2000,TUV,9566,,0,
Tuvalu,2001,TUV,9608,,0,
Tuvalu,2002,TUV,9645,,0,
Tuvalu,2003,TUV,9715,,0,
Tuvalu,2004,TUV,9839,,0,
Tuvalu,2005,TUV,9964,,0,
Tuvalu,2006,TUV,10078,,0,
Tuvalu,2007,TUV,10204,,0,
Tuvalu,2008,TUV,10344,,0,
Tuvalu,2009,TUV,10479,,0,
Tuvalu,2010,TUV,10635,,0,
Tuvalu,2011,TUV,10804,,0,
Tuvalu,2012,TUV,10960,,0,
Tuvalu,2013,TUV,11028,,0,
Tuvalu,2014,TUV,11007,,0,
Tuvalu,2015,TUV,10985,,0,
Tuvalu,2016,TUV,10951,,0,
Tuvalu,2017,TUV,10892,,0,
Tuvalu,2018,TUV,10775,,0,
Tuvalu,2019,TUV,10603,,0,
Tuvalu,2020,TUV,10423,,0,
Tuvalu,2021,TUV,10214,,0,
Tuvalu,2022,TUV,10012,,0,
Tuvalu,2023,TUV,9837,,0,
U.S. Pacific Islands (EIA),1980,,,,,
U.S. Pacific Islands (EIA),1981,,,,,
U.S. Pacific Islands (EIA),1982,,,,,
U.S. Pacific Islands (EIA),1983,,,,,
U.S. Pacific Islands (EIA),1984,,,,,
U.S. Pacific Islands (EIA),1985,,,,,
U.S. Pacific Islands (EIA),1986,,,,,
U.S. Pacific Islands (EIA),1987,,,,,
U.S. Pacific Islands (EIA),1988,,,,,
U.S. Pacific Islands (EIA),1989,,,,,
U.S. Pacific Islands (EIA),1990,,,,,
U.S. Pacific Islands (EIA),1991,,,,,
U.S. Pacific Islands (EIA),1992,,,,,
U.S. Pacific Islands (EIA),1993,,,,,
U.S. Pacific Islands (EIA),1994,,,,,
U.S. Pacific Islands (EIA),1995,,,,,
U.S. Pacific Islands (EIA),1996,,,,,
U.S. Pacific Islands (EIA),1997,,,,,
U.S. Pacific Islands (EIA),1998,,,,,
U.S. Pacific Islands (EIA),1999,,,,,
U.S. Pacific Islands (EIA),2000,,,,,
U.S. Pacific Islands (EIA),2001,,,,,
U.S. Pacific Islands (EIA),2002,,,,,
U.S. Pacific Islands (EIA),2003,,,,,
U.S. Pacific Islands (EIA),2004,,,,,
U.S. Pacific Islands (EIA),2005,,,,,
U.S. Pacific Islands (EIA),2006,,,,,
U.S. Pacific Islands (EIA),2007,,,,,
U.S. Pacific Islands (EIA),2008,,,,,
U.S. Pacific Islands (EIA),2009,,,,,
U.S. Pacific Islands (EIA),2010,,,,,
U.S. Pacific Islands (EIA),2011,,,,,
U.S. Pacific Islands (EIA),2012,,,,,
U.S. Pacific Islands (EIA),2013,,,,,
U.S. Pacific Islands (EIA),2014,,,,,
U.S. Pacific Islands (EIA),2015,,,,,
U.S. Pacific Islands (EIA),2016,,,,,
U.S. Pacific Islands (EIA),2017,,,,,
U.S. Pacific Islands (EIA),2018,,,,,
U.S. Pacific Islands (EIA),2019,,,,,
U.S. Pacific Islands (EIA),2020,,,,,
U.S. Pacific Islands (EIA),2021,,,,,
U.S. Pacific Islands (EIA),2022,,,,,
U.S. Pacific Islands (EIA),2023,,,,,
U.S. Territories (EIA),1980,,,,,
U.S. Territories (EIA),1981,,,,,
U.S. Territories (EIA),1982,,,,,
U.S. Territories (EIA),1983,,,,,
U.S. Territories (EIA),1984,,,,,
U.S. Territories (EIA),1985,,,,,
U.S. Territories (EIA),1986,,,,,
U.S. Territories (EIA),1987,,,,,
U.S. Territories (EIA),1988,,,,,
U.S. Territories (EIA),1989,,,,,
U.S. Territories (EIA),1990,,,,,
U.S. Territories (EIA),1991,,,,,
U.S. Territories (EIA),1992,,,,,
U.S. Territories (EIA),1993,,,,,
U.S. Territories (EIA),1994,,,,,
U.S. Territories (EIA),1995,,,,,
U.S. Territories (EIA),1996,,,,,
U.S. Territories (EIA),1997,,,,,
U.S. Territories (EIA),1998,,,,,
U.S. Territories (EIA),1999,,,,,
U.S. Territories (EIA),2000,,,,,
U.S. Territories (EIA),2001,,,,,
U.S. Territories (EIA),2002,,,,,
U.S. Territories (EIA),2003,,,,,
U.S. Territories (EIA),2004,,,,,
U.S. Territories (EIA),2005,,,,,
U.S. Territories (EIA),2006,,,,,
U.S. Territories (EIA),2007,,,,,
U.S. Territories (EIA),2008,,,,,
U.S. Territories (EIA),2009,,,,,
U.S. Territories (EIA),2010,,,,,
U.S. Territories (EIA),2011,,,,,
U.S. Territories (EIA),2012,,,,,
U.S. Territories (EIA),2013,,,,,
U.S. Territories (EIA),2014,,,,,
U.S. Territories (EIA),2015,,,,,
U.S. Territories (EIA),2016,,,,,
U.S. Territories (EIA),2017,,,,,
U.S. Territories (EIA),2018,,,,,
U.S. Territories (EIA),2019,,,,,
USSR,1900,,116268659,,,
USSR,1901,,117366550,,,
USSR,1902,,118474985,,,
USSR,1903,,119594080,,,
USSR,1904,,120723934,,,
USSR,1905,,121864656,,,
USSR,1906,,123016351,,,
USSR,1907,,124179131,,,
USSR,1908,,125353102,,,
USSR,1909,,126489947,,,
USSR,1910,,127590454,,,
USSR,1911,,128627136,,,
USSR,1912,,129656939,,,
USSR,1913,,130652574,,,
USSR,1914,,131663120,,,
USSR,1915,,132688541,,,
USSR,1916,,133728814,,,
USSR,1917,,134783911,,,
USSR,1918,,135859605,,,
USSR,1919,,136975834,,,
USSR,1920,,138131911,,,
USSR,1921,,139327166,,,
USSR,1922,,140560955,,,
USSR,1923,,141832661,,,
USSR,1924,,143116021,,,
USSR,1925,,144411144,,,
USSR,1926,,145718136,,,
USSR,1927,,147037108,,,
USSR,1928,,148368169,,,
USSR,1929,,149707470,,,
USSR,1930,,151055096,,,
USSR,1931,,152411122,,,
USSR,1932,,153775630,,,
USSR,1933,,155148698,,,
USSR,1934,,156534365,,,
USSR,1935,,157932748,,,
USSR,1936,,159343963,,,
USSR,1937,,160768127,,,
USSR,1938,,162205364,,,
USSR,1939,,163655764,,,
USSR,1940,,165119469,,,
USSR,1941,,166596601,,,
USSR,1942,,168087295,,,
USSR,1943,,169591684,,,
USSR,1944,,171109922,,,
USSR,1945,,172642139,,,
USSR,1946,,174188456,,,
USSR,1947,,175749010,,,
USSR,1948,,177323928,,,
USSR,1949,,179074637,,,
USSR,1950,,181400996,,,
USSR,1951,,184145064,,,
USSR,1952,,186957275,,,
USSR,1953,,189850920,,,
USSR,1954,,192890721,,,
USSR,1955,,196099735,,,
USSR,1956,,199440201,,,
USSR,1957,,202936648,,,
USSR,1958,,206581857,,,
USSR,1959,,210147650,,,
USSR,1960,,213673592,,,
USSR,1961,,217264536,,,
USSR,1962,,220696257,,,
USSR,1963,,223938088,,,
USSR,1964,,226984812,,,
USSR,1965,,229779988,,30102.166,
USSR,1966,,232436897,,31648.232,
USSR,1967,,235000695,,32897.723,
USSR,1968,,237458208,,33775.316,
USSR,1969,,239820178,,34990.004,
USSR,1970,,241944983,,36412.891,
USSR,1971,,244072114,,37867.305,
USSR,1972,,246381197,,39420.539,
USSR,1973,,248657683,,41060.551,
USSR,1974,,250947624,,42935.738,
USSR,1975,,253335660,,44629.977,
USSR,1976,,255860735,,45912.734,
USSR,1977,,258479870,,47486.691,
USSR,1978,,261043781,,49056.48,
USSR,1979,,263352165,,49957.883,
USSR,1980,,265483689,,50668.375,
USSR,1981,,267670776,,51325.188,
USSR,1982,,269985288,,52151.93,
USSR,1983,,272555793,,52749.25,
USSR,1984,,275223958,,54212.152,
USSR,1985,,277862903,,60213.793,
USSR,1986,,280721586,,60864.18,
USSR,1987,,283735629,,62297.098,
USSR,1988,,286649707,,63503.18,
USSR,1989,,289122632,,62888.113,
USSR,1990,,291066478,,61750.781,
USSR,1991,,292664161,,60451.203,
Uganda,1980,UGA,13275751,,255.01,
Uganda,1981,UGA,13556457,,167.832,
Uganda,1982,UGA,13873637,,190.807,
Uganda,1983,UGA,14221891,,178.564,
Uganda,1984,UGA,14607679,,185.348,
Uganda,1985,UGA,15023679,,193.04,
Uganda,1986,UGA,15467581,,198.615,
Uganda,1987,UGA,15954165,,173.841,
Uganda,1988,UGA,16470485,,244.63,
Uganda,1989,UGA,17010704,,223.974,
Uganda,1990,UGA,17569895,,236.261,
Uganda,1991,UGA,18155901,,245.675,
Uganda,1992,UGA,18785037,,258.714,
Uganda,1993,UGA,19445161,,254.845,
Uganda,1994,UGA,20108804,,254.185,
Uganda,1995,UGA,20665673,,246.474,
Uganda,1996,UGA,21231553,,246.775,
Uganda,1997,UGA,21856044,,250.906,
Uganda,1998,UGA,22515809,,267.26,
Uganda,1999,UGA,23257279,,258.869,
Uganda,2000,UGA,24000158,0.03,302.736,0
Uganda,2001,UGA,24745678,0.03,299.816,0
Uganda,2002,UGA,25532872,0.04,294.333,0
Uganda,2003,UGA,26352124,0.04,302.178,0
Uganda,2004,UGA,27154513,0.05,313.067,0
Uganda,2005,UGA,27963287,0.05,365.944,0
Uganda,2006,UGA,28794005,0.05,387.977,0
Uganda,2007,UGA,29653437,0.05,455.05,0
Uganda,2008,UGA,30539547,0.08,451.652,0
Uganda,2009,UGA,31451147,0.12,465.552,0
Uganda,2010,UGA,32390801,0.12,514.99,0
Uganda,2011,UGA,33354541,0.08,526.3,0
Uganda,2012,UGA,34337436,0.13,522.577,0
Uganda,2013,UGA,35337050,0.17,540.982,0
Uganda,2014,UGA,36395542,0.24,617.843,0
Uganda,2015,UGA,37531444,0.35,612.356,0
Uganda,2016,UGA,38799153,0.36,617.14,0
Uganda,2017,UGA,40177384,0.21,645.049,0
Uganda,2018,UGA,41565839,0.28,671.422,0
Uganda,2019,UGA,42999636,0.27,663.337,0
Uganda,2020,UGA,44457148,0.26,613.902,0
Uganda,2021,UGA,45910931,0.37,656.094,0
Uganda,2022,UGA,47312718,0.47,663.202,0
Uganda,2023,UGA,48656606,,660.066,
Ukraine,1900,UKR,23480335,,,
Ukraine,1901,UKR,23699583,,,
Ukraine,1902,UKR,23920877,,,
Ukraine,1903,UKR,24144237,,,
Ukraine,1904,UKR,24369682,,,
Ukraine,1905,UKR,24597231,,,
Ukraine,1906,UKR,24826905,,,
Ukraine,1907,UKR,25058722,,,
Ukraine,1908,UKR,25292704,,,
Ukraine,1909,UKR,25528869,,,
Ukraine,1910,UKR,25767239,,,
Ukraine,1911,UKR,26007834,,,
Ukraine,1912,UKR,26250675,,,
Ukraine,1913,UKR,26495782,,,
Ukraine,1914,UKR,26743178,,,
Ukraine,1915,UKR,26992883,,,
Ukraine,1916,UKR,27244918,,,
Ukraine,1917,UKR,27499306,,,
Ukraine,1918,UKR,27751657,,,
Ukraine,1919,UKR,28006323,,,
Ukraine,1920,UKR,28263326,,,
Ukraine,1921,UKR,28522687,,,
Ukraine,1922,UKR,28784429,,,
Ukraine,1923,UKR,29048572,,,
Ukraine,1924,UKR,29315139,,,
Ukraine,1925,UKR,29584153,,,
Ukraine,1926,UKR,29855635,,,
Ukraine,1927,UKR,30129608,,,
Ukraine,1928,UKR,30406096,,,
Ukraine,1929,UKR,30685120,,,
Ukraine,1930,UKR,30966706,,,
Ukraine,1931,UKR,31250875,,,
Ukraine,1932,UKR,31537652,,,
Ukraine,1933,UKR,31827060,,,
Ukraine,1934,UKR,32119125,,,
Ukraine,1935,UKR,32413869,,,
Ukraine,1936,UKR,32711319,,,
Ukraine,1937,UKR,33011498,,,
Ukraine,1938,UKR,33314431,,,
Ukraine,1939,UKR,33620144,,,
Ukraine,1940,UKR,33928663,,,
Ukraine,1941,UKR,34240013,,,
Ukraine,1942,UKR,34554220,,,
Ukraine,1943,UKR,34871311,,,
Ukraine,1944,UKR,35191311,,,
Ukraine,1945,UKR,35514248,,,
Ukraine,1946,UKR,35840148,,,
Ukraine,1947,UKR,36169039,,,
Ukraine,1948,UKR,36500948,,,
Ukraine,1949,UKR,36878582,,,
Ukraine,1950,UKR,37310888,,,
Ukraine,1951,UKR,37807755,,,
Ukraine,1952,UKR,38306714,,,
Ukraine,1953,UKR,38806088,,,
Ukraine,1954,UKR,39320025,,,
Ukraine,1955,UKR,39859717,,,
Ukraine,1956,UKR,40419148,,,
Ukraine,1957,UKR,40998772,,,
Ukraine,1958,UKR,41627069,,,
Ukraine,1959,UKR,42244271,,,
Ukraine,1960,UKR,42824099,,,
Ukraine,1961,UKR,43399769,,,
Ukraine,1962,UKR,43943675,,,
Ukraine,1963,UKR,44462370,,,
Ukraine,1964,UKR,44951157,,,
Ukraine,1965,UKR,45386896,,,
Ukraine,1966,UKR,45802523,,,
Ukraine,1967,UKR,46215989,,,
Ukraine,1968,UKR,46614333,,,
Ukraine,1969,UKR,46976251,,,
Ukraine,1970,UKR,47261309,,,
Ukraine,1971,UKR,47573291,,,
Ukraine,1972,UKR,47946893,,,
Ukraine,1973,UKR,48277120,,,
Ukraine,1974,UKR,48576573,,,
Ukraine,1975,UKR,48865230,,,
Ukraine,1976,UKR,49120842,,,
Ukraine,1977,UKR,49336485,,,
Ukraine,1978,UKR,49521243,,,
Ukraine,1979,UKR,49721384,,,
Ukraine,1985,UKR,51108771,,54406.703,48.959
Ukraine,1986,UKR,51318738,,54423.527,51.632
Ukraine,1987,UKR,51515727,,55371.176,52.136
Ukraine,1988,UKR,51724854,,55202.676,50.203
Ukraine,1989,UKR,51917825,,52622.719,51.471
Ukraine,1990,UKR,52054096,0,61372.645,49.89
Ukraine,1991,UKR,52170967,0,57399.133,46.43
Ukraine,1992,UKR,52323675,0,48363.441,42.24
Ukraine,1993,UKR,52350122,0,42373.891,38.89
Ukraine,1994,UKR,52076000,0,36405.477,34.26
Ukraine,1995,UKR,51665535,0,35802.496,32.73
Ukraine,1996,UKR,51226111,0,33656.121,33.28
Ukraine,1997,UKR,50786881,0,32742.49,31.02
Ukraine,1998,UKR,50379728,0,31851.186,29.2
Ukraine,1999,UKR,49976445,0,31626.572,30.25
Ukraine,2000,UKR,49556654,0,31992.809,29.95
Ukraine,2001,UKR,49106854,0,31826.52,30.36
Ukraine,2002,UKR,48677280,0,31908.885,30.49
Ukraine,2003,UKR,48315133,0,32948.844,34.24
Ukraine,2004,UKR,47979502,0,33053.113,37.52
Ukraine,2005,UKR,47585558,0,33739.07,34.16
Ukraine,2006,UKR,47278691,0,34358.633,24.45
Ukraine,2007,UKR,47062802,0.28,34377.082,22.45
Ukraine,2008,UKR,46819168,0.26,33363.531,19.31
Ukraine,2009,UKR,46623731,0.14,28538.205,11.69
Ukraine,2010,UKR,46455997,0.19,30715.402,15.7
Ukraine,2011,UKR,46307854,0.13,31846.529,18.45
Ukraine,2012,UKR,46210051,0.13,31226.742,16.04
Ukraine,2013,UKR,46126760,0.1,29691.408,13.98
Ukraine,2014,UKR,45972379,0.13,26284.715,12.71
Ukraine,2015,UKR,45784904,0.14,21915.693,10.1
Ukraine,2016,UKR,45616831,0.14,23017.719,9.83
Ukraine,2017,UKR,45436037,0.21,21466.02,7.38
Ukraine,2018,UKR,45208903,0.3,22384.719,10.57
Ukraine,2019,UKR,44957451,0.41,21301.547,11.93
Ukraine,2020,UKR,44680008,0.76,20556.209,14.19
Ukraine,2021,UKR,44298642,0.91,21105.271,10.32
Ukraine,2022,UKR,41048768,0.78,15074.283,7.18
Ukraine,2023,UKR,37732833,1.05,15586.688,8.08
Ukraine,2024,UKR,37860221,0.76,15875.597,8.1
United Arab Emirates,1900,ARE,48933,,,
United Arab Emirates,1901,ARE,49244,,,
United Arab Emirates,1902,ARE,49557,,,
United Arab Emirates,1903,ARE,49873,,,
United Arab Emirates,1904,ARE,50190,,,
United Arab Emirates,1905,ARE,50509,,,
United Arab Emirates,1906,ARE,50830,,,
United Arab Emirates,1907,ARE,51154,,,
United Arab Emirates,1908,ARE,51479,,,
United Arab Emirates,1909,ARE,51833,,,
United Arab Emirates,1910,ARE,52215,,,
United Arab Emirates,1911,ARE,52625,,,
United Arab Emirates,1912,ARE,53066,,,
United Arab Emirates,1913,ARE,53536,,,
United Arab Emirates,1914,ARE,54010,,,
United Arab Emirates,1915,ARE,54489,,,
United Arab Emirates,1916,ARE,54971,,,
United Arab Emirates,1917,ARE,55458,,,
United Arab Emirates,1918,ARE,55929,,,
United Arab Emirates,1919,ARE,56404,,,
United Arab Emirates,1920,ARE,56883,,,
United Arab Emirates,1921,ARE,57366,,,
United Arab Emirates,1922,ARE,57853,,,
United Arab Emirates,1923,ARE,58345,,,
United Arab Emirates,1924,ARE,58840,,,
United Arab Emirates,1925,ARE,59340,,,
United Arab Emirates,1926,ARE,59844,,,
United Arab Emirates,1927,ARE,60352,,,
United Arab Emirates,1928,ARE,60864,,,
United Arab Emirates,1929,ARE,61381,,,
United Arab Emirates,1930,ARE,61903,,,
United Arab Emirates,1931,ARE,62428,,,
United Arab Emirates,1932,ARE,62958,,,
United Arab Emirates,1933,ARE,63493,,,
United Arab Emirates,1934,ARE,64032,,,
United Arab Emirates,1935,ARE,64576,,,
United Arab Emirates,1936,ARE,65124,,,
United Arab Emirates,1937,ARE,65677,,,
United Arab Emirates,1938,ARE,66235,,,
United Arab Emirates,1939,ARE,66798,,,
United Arab Emirates,1940,ARE,67365,,,
United Arab Emirates,1941,ARE,67937,,,
United Arab Emirates,1942,ARE,68514,,,
United Arab Emirates,1943,ARE,69096,,,
United Arab Emirates,1944,ARE,69683,,,
United Arab Emirates,1945,ARE,70274,,,
United Arab Emirates,1946,ARE,70871,,,
United Arab Emirates,1947,ARE,71473,,,
United Arab Emirates,1948,ARE,72080,,,
United Arab Emirates,1949,ARE,73113,,,
United Arab Emirates,1950,ARE,74532,,,
United Arab Emirates,1951,ARE,79554,,,
United Arab Emirates,1952,ARE,84780,,,
United Arab Emirates,1953,ARE,90166,,,
United Arab Emirates,1954,ARE,95670,,,
United Arab Emirates,1955,ARE,101272,,,
United Arab Emirates,1956,ARE,106976,,,
United Arab Emirates,1957,ARE,112797,,,
United Arab Emirates,1958,ARE,118776,,,
United Arab Emirates,1959,ARE,124949,,,
United Arab Emirates,1960,ARE,131348,,,
United Arab Emirates,1961,ARE,138002,,,
United Arab Emirates,1962,ARE,144963,,,
United Arab Emirates,1963,ARE,152223,,,
United Arab Emirates,1964,ARE,159702,,,
United Arab Emirates,1965,ARE,167121,,5113.26,
United Arab Emirates,1966,ARE,173988,,5241.978,
United Arab Emirates,1967,ARE,179708,,30086.34,
United Arab Emirates,1968,ARE,199432,,34822.461,
United Arab Emirates,1969,ARE,239676,,29076.443,
United Arab Emirates,1970,ARE,286553,,33521.168,
United Arab Emirates,1971,ARE,335042,,43690.133,
United Arab Emirates,1972,ARE,385025,,40647.102,
United Arab Emirates,1973,ARE,436407,,46500.426,
United Arab Emirates,1974,ARE,489098,,45584.957,
United Arab Emirates,1975,ARE,542868,,43950.293,
United Arab Emirates,1976,ARE,615871,,49020.391,
United Arab Emirates,1977,ARE,710216,,69882.258,
United Arab Emirates,1978,ARE,809285,,71051.375,
United Arab Emirates,1979,ARE,912016,,74078.07,
United Arab Emirates,1980,ARE,1015711,,106483.453,
United Arab Emirates,1981,ARE,1099864,,114494.5,
United Arab Emirates,1982,ARE,1166383,,116570.617,
United Arab Emirates,1983,ARE,1235309,,105653.945,
United Arab Emirates,1984,ARE,1306005,,124461.07,
United Arab Emirates,1985,ARE,1377918,,146332.031,12.184
United Arab Emirates,1986,ARE,1467386,,166545.969,12.814
United Arab Emirates,1987,ARE,1574258,,173464,13.657
United Arab Emirates,1988,ARE,1681797,,179499.984,14.839
United Arab Emirates,1989,ARE,1789858,,190051.359,15.611
United Arab Emirates,1990,ARE,1898220,,181724.297,17.08
United Arab Emirates,1991,ARE,2006630,,209723.5,17.221
United Arab Emirates,1992,ARE,2114738,,192314.922,18.687
United Arab Emirates,1993,ARE,2222098,,190572.297,21.728
United Arab Emirates,1994,ARE,2328191,,199585.922,23.734
United Arab Emirates,1995,ARE,2434667,,199152.906,24.98
United Arab Emirates,1996,ARE,2597570,,192367.453,26.57
United Arab Emirates,1997,ARE,2817410,,185083.609,28.461
United Arab Emirates,1998,ARE,3040432,,175670.047,33.389
United Arab Emirates,1999,ARE,3266011,,164839.906,37.123
United Arab Emirates,2000,ARE,3493583,0,153361.734,39.94
United Arab Emirates,2001,ARE,3723596,0,145441.672,43.17
United Arab Emirates,2002,ARE,3956829,0,149537.203,46.85
United Arab Emirates,2003,ARE,4192465,0,150545.172,49.45
United Arab Emirates,2004,ARE,4428964,0,152420.609,52.41
United Arab Emirates,2005,ARE,4664797,0,151045.812,60.7
United Arab Emirates,2006,ARE,5009106,0,147989.078,62.44
United Arab Emirates,2007,ARE,5624640,0,145495.719,78.76
United Arab Emirates,2008,ARE,6302669,0,148889.391,80.46
United Arab Emirates,2009,ARE,6707063,0,138000.094,85.69
United Arab Emirates,2010,ARE,6938372,0,140161.359,93.93
United Arab Emirates,2011,ARE,7199436,0,141807.125,99.11
United Arab Emirates,2012,ARE,7497122,0,143268.297,106.19
United Arab Emirates,2013,ARE,7831851,0,144520.031,109.9
United Arab Emirates,2014,ARE,8236880,0,137818.312,116.23
United Arab Emirates,2015,ARE,8674633,0,140994.875,127.08
United Arab Emirates,2016,ARE,9030873,0,140575.797,129.29
United Arab Emirates,2017,ARE,9234330,0,131237.281,133.82
United Arab Emirates,2018,ARE,9346870,0,121187.641,134.81
United Arab Emirates,2019,ARE,9377855,0,129769.297,134.79
United Arab Emirates,2020,ARE,9448529,0,125363.312,129.77
United Arab Emirates,2021,ARE,9789055,0,126734.023,129.24
United Arab Emirates,2022,ARE,10242085,0.01,132096.891,127.57
United Arab Emirates,2023,ARE,10642089,0.21,134679.922,118.42
United Arab Emirates,2024,ARE,11027135,0.21,138026.484,121.01
United Kingdom,1900,GBR,41089602,,,
United Kingdom,1901,GBR,41459153,,,
United Kingdom,1902,GBR,41827091,,,
United Kingdom,1903,GBR,42193357,,,
United Kingdom,1904,GBR,42562831,,,
United Kingdom,1905,GBR,42935539,,,
United Kingdom,1906,GBR,43311511,,,
United Kingdom,1907,GBR,43690776,,,
United Kingdom,1908,GBR,44073361,,,
United Kingdom,1909,GBR,44417852,,,
United Kingdom,1910,GBR,44723743,,,
United Kingdom,1911,GBR,44990527,,,
United Kingdom,1912,GBR,45217688,,,
United Kingdom,1913,GBR,45404707,,,
United Kingdom,1914,GBR,45592500,,,
United Kingdom,1915,GBR,45781070,,,
United Kingdom,1916,GBR,45970420,,,
United Kingdom,1917,GBR,46160552,,,
United Kingdom,1918,GBR,46352692,,,
United Kingdom,1919,GBR,46487478,,,
United Kingdom,1920,GBR,46564792,,,
United Kingdom,1921,GBR,46584515,,,
United Kingdom,1922,GBR,46546526,,,
United Kingdom,1923,GBR,46450703,,,
United Kingdom,1924,GBR,46355077,,,
United Kingdom,1925,GBR,46259648,,,
United Kingdom,1926,GBR,46164416,,,
United Kingdom,1927,GBR,46069379,,,
United Kingdom,1928,GBR,45974538,,,
United Kingdom,1929,GBR,45944804,,,
United Kingdom,1930,GBR,45980369,,,
United Kingdom,1931,GBR,46081427,,,
United Kingdom,1932,GBR,46248173,,,
United Kingdom,1933,GBR,46480802,,,
United Kingdom,1934,GBR,46714602,,,
United Kingdom,1935,GBR,46949578,,,
United Kingdom,1936,GBR,47185735,,,
United Kingdom,1937,GBR,47423081,,,
United Kingdom,1938,GBR,47661620,,,
United Kingdom,1939,GBR,47890226,,,
United Kingdom,1940,GBR,48108804,,,
United Kingdom,1941,GBR,48317261,,,
United Kingdom,1942,GBR,48515502,,,
United Kingdom,1943,GBR,48703433,,,
United Kingdom,1944,GBR,48892093,,,
United Kingdom,1945,GBR,49081483,,,
United Kingdom,1946,GBR,49271606,,,
United Kingdom,1947,GBR,49462466,,,
United Kingdom,1948,GBR,49654066,,,
United Kingdom,1949,GBR,49851583,,,
United Kingdom,1950,GBR,50121020,,,
United Kingdom,1951,GBR,50346821,,,
United Kingdom,1952,GBR,50496231,,,
United Kingdom,1953,GBR,50727035,,,
United Kingdom,1954,GBR,50958246,,,
United Kingdom,1955,GBR,51176749,,,
United Kingdom,1956,GBR,51400458,,,
United Kingdom,1957,GBR,51655911,,,
United Kingdom,1958,GBR,51935640,,,
United Kingdom,1959,GBR,52226466,,,
United Kingdom,1960,GBR,52538548,,,
United Kingdom,1961,GBR,52884952,,,
United Kingdom,1962,GBR,53272836,,,
United Kingdom,1963,GBR,53652939,,,
United Kingdom,1964,GBR,54009130,,,
United Kingdom,1965,GBR,54359022,,42609.754,
United Kingdom,1966,GBR,54676346,,42568.684,
United Kingdom,1967,GBR,54973661,,42351.449,
United Kingdom,1968,GBR,55240654,,43653.074,
United Kingdom,1969,GBR,55456208,,45057.719,
United Kingdom,1970,GBR,55663801,,45829.477,
United Kingdom,1971,GBR,55890372,,44799.301,
United Kingdom,1972,GBR,56079239,,45305.508,
United Kingdom,1973,GBR,56188787,,47466.469,
United Kingdom,1974,GBR,56224550,,45054.68,
United Kingdom,1975,GBR,56220139,,42480.316,
United Kingdom,1976,GBR,56201143,,43368.484,
United Kingdom,1977,GBR,56175829,,44199.586,
United Kingdom,1978,GBR,56175553,,44453.375,
United Kingdom,1979,GBR,56218759,,46497.625,
United Kingdom,1980,GBR,56282102,,42306.977,
United Kingdom,1981,GBR,56304590,,41119.059,
United Kingdom,1982,GBR,56292761,,40594.371,
United Kingdom,1983,GBR,56332060,,40730.074,
United Kingdom,1984,GBR,56451312,,40626.453,
United Kingdom,1985,GBR,56606416,,42234.191,2.896
United Kingdom,1986,GBR,56751926,,43294.66,1.743
United Kingdom,1987,GBR,56886021,,43120.188,4.532
United Kingdom,1988,GBR,57026539,,43588.254,4.778
United Kingdom,1989,GBR,57182137,,43522.199,4.949
United Kingdom,1990,GBR,57367867,0.6,43724.711,5
United Kingdom,1991,GBR,57555199,0.69,44500.176,5.82
United Kingdom,1992,GBR,57719273,0.93,44098.398,12.58
United Kingdom,1993,GBR,57861037,1.2,44498.426,34.04
United Kingdom,1994,GBR,58003200,1.52,43856.598,53.26
United Kingdom,1995,GBR,58154632,1.64,43892.383,63.74
United Kingdom,1996,GBR,58298563,1.8,45906.703,84.09
United Kingdom,1997,GBR,58447091,2.11,44997.941,110.96
United Kingdom,1998,GBR,58626822,2.65,45228.754,117.8
United Kingdom,1999,GBR,58838663,3.43,44855.188,142.9
United Kingdom,2000,GBR,59057333,3.88,45110.676,148.08
United Kingdom,2001,GBR,59288095,4.53,45402.137,141.91
United Kingdom,2002,GBR,59540764,5.08,44185.527,152.28
United Kingdom,2003,GBR,59820385,6.17,44612.457,148.88
United Kingdom,2004,GBR,60169964,7.36,44717.523,157.06
United Kingdom,2005,GBR,60596107,9.1,44766.613,152.64
United Kingdom,2006,GBR,61051093,9.28,43870.426,140.83
United Kingdom,2007,GBR,61535859,9.32,42319.914,165.79
United Kingdom,2008,GBR,62027303,9.65,41253.062,176.22
United Kingdom,2009,GBR,62506222,10.71,38761.125,166.5
United Kingdom,2010,GBR,63006482,12.26,39283.996,175.65
United Kingdom,2011,GBR,63509285,13.31,36722.008,146.5
United Kingdom,2012,GBR,63960488,14.74,37134.582,100.17
United Kingdom,2013,GBR,64389386,18.1,37094.207,95.84
United Kingdom,2014,GBR,64865914,22.62,34774.93,100.89
United Kingdom,2015,GBR,65382107,29.26,34863.777,99.88
United Kingdom,2016,GBR,65893359,30.07,34099.367,143.13
United Kingdom,2017,GBR,66354473,31.9,33924.512,136.75
United Kingdom,2018,GBR,66752473,35.11,33653.051,131.49
United Kingdom,2019,GBR,67110958,37.54,32676.998,133.09
United Kingdom,2020,GBR,67351860,38.58,29440.059,111.89
United Kingdom,2021,GBR,67668788,40.01,29422.24,122.84
United Kingdom,2022,GBR,68179315,35.85,29480.258,125.11
United Kingdom,2023,GBR,68682965,34.1,28094.684,101.66
United Kingdom,2024,GBR,69138185,40.09,28015.771,86.3
United States,1900,USA,74829905,,,
United States,1901,USA,76245912,,,
United States,1902,USA,77698268,,,
United States,1903,USA,79187838,,,
United States,1904,USA,80705948,,,
United States,1905,USA,82253148,,,
United States,1906,USA,83829992,,,
United States,1907,USA,85437050,,,
United States,1908,USA,87074899,,,
United States,1909,USA,88647362,,,
United States,1910,USA,90151889,,,
United States,1911,USA,91585865,,,
United States,1912,USA,92946603,,,
United States,1913,USA,94231351,,,
United States,1914,USA,95533839,,,
United States,1915,USA,96854312,,,
United States,1916,USA,98193018,,,
United States,1917,USA,99550208,,,
United States,1918,USA,100970120,,,
United States,1919,USA,102419259,,,
United States,1920,USA,103898175,,,
United States,1921,USA,105407425,,,
United States,1922,USA,106947578,,,
United States,1923,USA,108519213,,,
United States,1924,USA,110113945,,,
United States,1925,USA,111732111,,,
United States,1926,USA,113374057,,,
United States,1927,USA,115040131,,,
United States,1928,USA,116730690,,,
United States,1929,USA,118261782,,,
United States,1930,USA,119629770,,,
United States,1931,USA,120830953,,,
United States,1932,USA,121861566,,,
United States,1933,USA,122717780,,,
United States,1934,USA,123580010,,,
United States,1935,USA,124448298,,,
United States,1936,USA,125322686,,,
United States,1937,USA,126203219,,,
United States,1938,USA,127089938,,,
United States,1939,USA,128160070,,,
United States,1940,USA,129417367,,,
United States,1941,USA,130865641,,,
United States,1942,USA,132508765,,,
United States,1943,USA,134350677,,,
United States,1944,USA,136218191,,,
United States,1945,USA,138111665,,,
United States,1946,USA,140031458,,,
United States,1947,USA,141977937,,,
United States,1948,USA,143951473,,,
United States,1949,USA,146051521,,,
United States,1950,USA,154202683,,,
United States,1951,USA,156481323,,,
United States,1952,USA,158794223,,,
United States,1953,USA,161168320,,,
United States,1954,USA,163636303,,,
United States,1955,USA,166200028,,,
United States,1956,USA,168824962,,,
United States,1957,USA,171499234,,,
United States,1958,USA,174215305,,,
United States,1959,USA,177145772,,,
United States,1960,USA,180274556,,,
United States,1961,USA,183489491,,,
United States,1962,USA,186724275,,,
United States,1963,USA,189825225,,,
United States,1964,USA,192819457,,,
United States,1965,USA,195653774,,73802.305,
United States,1966,USA,198265400,,76903.805,
United States,1967,USA,200699913,,78617.57,
United States,1968,USA,203011020,,82357.039,
United States,1969,USA,205300034,,85647.445,
United States,1970,USA,207796338,,87613.859,
United States,1971,USA,210426423,,88339.711,
United States,1972,USA,212842571,,91683.172,
United States,1973,USA,215006548,,94600.812,
United States,1974,USA,217076475,,91408.375,
United States,1975,USA,219129299,,88164.75,
United States,1976,USA,221168755,,92131.039,
United States,1977,USA,223259417,,93593.57,
United States,1978,USA,225396097,,94763.359,
United States,1979,USA,227575082,,94845.18,
United States,1980,USA,229858656,,90281.383,
United States,1981,USA,232201613,,86726.758,
United States,1982,USA,234583155,,82350.93,
United States,1983,USA,236986362,,81230.547,
United States,1984,USA,239353967,,84542.945,
United States,1985,USA,241690438,,83512.805,313.92
United States,1986,USA,243953807,,83506,267.213
United States,1987,USA,246161292,,85534.43,293.141
United States,1988,USA,248393236,,88627.953,271.829
United States,1989,USA,250675047,,89944.43,379.171
United States,1990,USA,253373387,,89232.719,400.823
United States,1991,USA,256471424,,88039.898,410.272
United States,1992,USA,259606021,,88261.094,434.489
United States,1993,USA,262633229,,89083.875,446.158
United States,1994,USA,265474811,,89741.586,494.859
United States,1995,USA,268205796,,90763.953,533.396
United States,1996,USA,270860695,,92908.914,489.307
United States,1997,USA,273468014,,92713.203,515.482
United States,1998,USA,276119323,,92399.773,571.244
United States,1999,USA,278785482,,93136.398,598.275
United States,2000,USA,281484126,60.73,94308.109,614.99
United States,2001,USA,284279634,49.75,91172.055,639.13
United States,2002,USA,287084335,53.71,91601.203,691.01
United States,2003,USA,289908091,53.34,91004.992,649.91
United States,2004,USA,292786248,53.54,91872.883,710.1
United States,2005,USA,295716666,54.28,91007.938,760.96
United States,2006,USA,298730208,54.86,89378.18,816.44
United States,2007,USA,301844223,55.54,89671.125,896.59
United States,2008,USA,304970325,55.03,86589.57,882.98
United States,2009,USA,308023452,54.49,81521.477,920.98
United States,2010,USA,311062785,56.09,83435.078,987.7
United States,2011,USA,314105075,56.67,81912.359,1013.69
United States,2012,USA,317115349,57.62,78985.039,1225.89
United States,2013,USA,320110752,60.86,80374.148,1124.84
United States,2014,USA,323115377,63.99,80453.969,1126.61
United States,2015,USA,326126496,63.63,78949.203,1333.48
United States,2016,USA,329179423,62.76,78155.102,1378.31
United States,2017,USA,332204657,62.73,77729.664,1296.44
United States,2018,USA,335056492,61.83,79893.953,1469.13
United States,2019,USA,337790069,57.51,78683.469,1585.81
United States,2020,USA,339436156,54.7,72562.672,1624.17
United States,2021,USA,340161438,54.25,76307.383,1579.19
United States,2022,USA,341534041,51.85,77627.719,1687.06
United States,2023,USA,343477330,47.2,76326.859,1806.06
United States,2024,USA,345426566,46.42,76799.57,1869.9
United States Pacific Islands (Shift),1980,,,,,
United States Pacific Islands (Shift),1981,,,,,
United States Pacific Islands (Shift),1982,,,,,
United States Pacific Islands (Shift),1983,,,,,
United States Pacific Islands (Shift),1984,,,,,
United States Pacific Islands (Shift),1985,,,,,
United States Pacific Islands (Shift),1986,,,,,
United States Pacific Islands (Shift),1987,,,,,
United States Pacific Islands (Shift),1988,,,,,
United States Pacific Islands (Shift),1989,,,,,
United States Pacific Islands (Shift),1990,,,,,
United States Pacific Islands (Shift),1991,,,,,
United States Pacific Islands (Shift),1992,,,,,
United States Pacific Islands (Shift),1993,,,,,
United States Pacific Islands (Shift),1994,,,,,
United States Pacific Islands (Shift),1995,,,,,
United States Pacific Islands (Shift),1996,,,,,
United States Pacific Islands (Shift),1997,,,,,
United States Pacific Islands (Shift),1998,,,,,
United States Pacific Islands (Shift),1999,,,,,
United States Pacific Islands (Shift),2000,,,,,
United States Pacific Islands (Shift),2001,,,,,
United States Pacific Islands (Shift),2002,,,,,
United States Pacific Islands (Shift),2003,,,,,
United States Pacific Islands (Shift),2004,,,,,
United States Pacific Islands (Shift),2005,,,,,
United States Pacific Islands (Shift),2006,,,,,
United States Pacific Islands (Shift),2007,,,,,
United States Pacific Islands (Shift),2008,,,,,
United States Pacific Islands (Shift),2009,,,,,
United States Pacific Islands (Shift),2010,,,,,
United States Pacific Islands (Shift),2011,,,,,
United States Pacific Islands (Shift),2012,,,,,
United States Pacific Islands (Shift),2013,,,,,
United States Pacific Islands (Shift),2014,,,,,
United States Pacific Islands (Shift),2015,,,,,
United States Pacific Islands (Shift),2016,,,,,
United States Territories (Shift),1980,,,,,
United States Territories (Shift),1981,,,,,
United States Territories (Shift),1982,,,,,
United States Territories (Shift),1983,,,,,
United States Territories (Shift),1984,,,,,
United States Territories (Shift),1985,,,,,
United States Territories (Shift),1986,,,,,
United States Territories (Shift),1987,,,,,
United States Territories (Shift),1988,,,,,
United States Territories (Shift),1989,,,,,
United States Territories (Shift),1990,,,,,
United States Territories (Shift),1991,,,,,
United States Territories (Shift),1992,,,,,
United States Territories (Shift),1993,,,,,
United States Territories (Shift),1994,,,,,
United States Territories (Shift),1995,,,,,
United States Territories (Shift),1996,,,,,
United States Territories (Shift),1997,,,,,
United States Territories (Shift),1998,,,,,
United States Territories (Shift),1999,,,,,
United States Territories (Shift),2000,,,,,
United States Territories (Shift),2001,,,,,
United States Territories (Shift),2002,,,,,
United States Territories (Shift),2003,,,,,
United States Territories (Shift),2004,,,,,
United States Territories (Shift),2005,,,,,
United States Territories (Shift),2006,,,,,
United States Territories (Shift),2007,,,,,
United States Territories (Shift),2008,,,,,
United States Territories (Shift),2009,,,,,
United States Territories (Shift),2010,,,,,
United States Territories (Shift),2011,,,,,
United States Territories (Shift),2012,,,,,
United States Territories (Shift),2013,,,,,
United States Territories (Shift),2014,,,,,
United States Territories (Shift),2015,,,,,
United States Territories (Shift),2016,,,,,
United States Virgin Islands,1980,VIR,96580,,129399.68,
United States Virgin Islands,1981,VIR,97772,,127472.852,
United States Virgin Islands,1982,VIR,98653,,126334.484,
United States Virgin Islands,1983,VIR,99454,,125316.992,
United States Virgin Islands,1984,VIR,100178,,124752.156,
United States Virgin Islands,1985,VIR,100812,,123628.891,
United States Virgin Islands,1986,VIR,101347,,122976.266,
United States Virgin Islands,1987,VIR,101743,,123000,
United States Virgin Islands,1988,VIR,101957,,120004.328,
United States Virgin Islands,1989,VIR,101937,,119556.055,
United States Virgin Islands,1990,VIR,102318,,118998.547,
United States Virgin Islands,1991,VIR,103355,,118414.773,
United States Virgin Islands,1992,VIR,104430,,118856.461,
United States Virgin Islands,1993,VIR,105396,,119580.742,
United States Virgin Islands,1994,VIR,106242,,115387.688,
United States Virgin Islands,1995,VIR,106985,,113028.07,
United States Virgin Islands,1996,VIR,107608,,111067.82,
United States Virgin Islands,1997,VIR,108097,,110336.094,
United States Virgin Islands,1998,VIR,108441,,110287.203,
United States Virgin Islands,1999,VIR,108588,,113298.609,
United States Virgin Islands,2000,VIR,108591,0,358436.469,0
United States Virgin Islands,2001,VIR,108535,0,519102.125,0
United States Virgin Islands,2002,VIR,108433,0,514122.531,0
United States Virgin Islands,2003,VIR,108186,0,606772.688,0
United States Virgin Islands,2004,VIR,107851,0,624022.562,0
United States Virgin Islands,2005,VIR,107622,0,611706.438,0
United States Virgin Islands,2006,VIR,107463,0,651836.562,0
United States Virgin Islands,2007,VIR,107238,0,609783.562,0
United States Virgin Islands,2008,VIR,106971,0,354278.562,0
United States Virgin Islands,2009,VIR,106767,0,309834.344,0
United States Virgin Islands,2010,VIR,106325,0,281506.281,0
United States Virgin Islands,2011,VIR,105398,0,188008.266,0
United States Virgin Islands,2012,VIR,104307,0,108847.422,0
United States Virgin Islands,2013,VIR,103168,0,57659.027,0
United States Virgin Islands,2014,VIR,102012,0,119096.664,0
United States Virgin Islands,2015,VIR,100251,0,120024.133,0
United States Virgin Islands,2016,VIR,97795,0,101821.43,0
United States Virgin Islands,2017,VIR,95124,0,104330.719,0
United States Virgin Islands,2018,VIR,92317,0,107576.664,0
United States Virgin Islands,2019,VIR,89390,0,111099.172,0
United States Virgin Islands,2020,VIR,87724,0,105750.422,0
United States Virgin Islands,2021,VIR,87238,0,112109.336,0
United States Virgin Islands,2022,VIR,86521,0,107261.328,0
United States Virgin Islands,2023,VIR,85712,0,113333.984,0
Upper-middle-income countries,1900,,583148261,,,
Upper-middle-income countries,1901,,587661218,,,
Upper-middle-income countries,1902,,592275403,,,
Upper-middle-income countries,1903,,596974438,,,
Upper-middle-income countries,1904,,601708473,,,
Upper-middle-income countries,1905,,606477910,,,
Upper-middle-income countries,1906,,611283323,,,
Upper-middle-income countries,1907,,616141844,,,
Upper-middle-income countries,1908,,621053557,,,
Upper-middle-income countries,1909,,626307594,,,
Upper-middle-income countries,1910,,631911560,,,
Upper-middle-income countries,1911,,637850897,,,
Upper-middle-income countries,1912,,644181145,,,
Upper-middle-income countries,1913,,650884042,,,
Upper-middle-income countries,1914,,657679549,,,
Upper-middle-income countries,1915,,664571770,,,
Upper-middle-income countries,1916,,671495459,,,
Upper-middle-income countries,1917,,678412403,,,
Upper-middle-income countries,1918,,685583130,,,
Upper-middle-income countries,1919,,692469643,,,
Upper-middle-income countries,1920,,699088324,,,
Upper-middle-income countries,1921,,705306452,,,
Upper-middle-income countries,1922,,711120510,,,
Upper-middle-income countries,1923,,716542617,,,
Upper-middle-income countries,1924,,722043748,,,
Upper-middle-income countries,1925,,727625153,,,
Upper-middle-income countries,1926,,733289283,,,
Upper-middle-income countries,1927,,739037208,,,
Upper-middle-income countries,1928,,744871454,,,
Upper-middle-income countries,1929,,750977065,,,
Upper-middle-income countries,1930,,757401345,,,
Upper-middle-income countries,1931,,764142734,,,
Upper-middle-income countries,1932,,771201961,,,
Upper-middle-income countries,1933,,778535887,,,
Upper-middle-income countries,1934,,785964357,,,
Upper-middle-income countries,1935,,793490395,,,
Upper-middle-income countries,1936,,801115876,,,
Upper-middle-income countries,1937,,808841840,,,
Upper-middle-income countries,1938,,816670502,,,
Upper-middle-income countries,1939,,824699275,,,
Upper-middle-income countries,1940,,832965921,,,
Upper-middle-income countries,1941,,841481513,,,
Upper-middle-income countries,1942,,850155078,,,
Upper-middle-income countries,1943,,858791425,,,
Upper-middle-income countries,1944,,867156429,,,
Upper-middle-income countries,1945,,875650570,,,
Upper-middle-income countries,1946,,884512636,,,
Upper-middle-income countries,1947,,893926043,,,
Upper-middle-income countries,1948,,903656201,,,
Upper-middle-income countries,1949,,915603403,,,
Upper-middle-income countries,1950,,927829961,,,
Upper-middle-income countries,1951,,946591954,,,
Upper-middle-income countries,1952,,967414416,,,
Upper-middle-income countries,1953,,989662727,,,
Upper-middle-income countries,1954,,1012417075,,,
Upper-middle-income countries,1955,,1036444075,,,
Upper-middle-income countries,1956,,1060530740,,,
Upper-middle-income countries,1957,,1085862342,,,
Upper-middle-income countries,1958,,1111618973,,,
Upper-middle-income countries,1959,,1132405866,,,
Upper-middle-income countries,1960,,1147191622,,,
Upper-middle-income countries,1961,,1161210675,,,
Upper-middle-income countries,1962,,1183911757,,,
Upper-middle-income countries,1963,,1217144205,,,
Upper-middle-income countries,1964,,1251438013,,,
Upper-middle-income countries,1965,,1283912295,,8131.952,
Upper-middle-income countries,1966,,1316822564,,8455.887,
Upper-middle-income countries,1967,,1349885696,,8460.729,
Upper-middle-income countries,1968,,1384577933,,8598.907,
Upper-middle-income countries,1969,,1420600062,,8975.298,
Upper-middle-income countries,1970,,1456693473,,9520.796,
Upper-middle-income countries,1971,,1492553420,,9987.614,
Upper-middle-income countries,1972,,1527560619,,10373.67,
Upper-middle-income countries,1973,,1562045976,,10781.441,
Upper-middle-income countries,1974,,1595507284,,11130.245,
Upper-middle-income countries,1975,,1627342571,,11627.476,
Upper-middle-income countries,1976,,1658006259,,11984.579,
Upper-middle-income countries,1977,,1687818432,,12494.03,
Upper-middle-income countries,1978,,1717294143,,12996.78,
Upper-middle-income countries,1979,,1747437825,,13277.348,
Upper-middle-income countries,1980,,1778698349,,13389.717,
Upper-middle-income countries,1981,,1811655794,,13403.008,
Upper-middle-income countries,1982,,1846182616,,13629.471,
Upper-middle-income countries,1983,,1880139880,,13827.128,
Upper-middle-income countries,1984,,1913689032,,14259.518,
Upper-middle-income countries,1985,,1948314069,,8989.761,
Upper-middle-income countries,1986,,1984336831,,9160.451,
Upper-middle-income countries,1987,,2021851155,,9448.804,
Upper-middle-income countries,1988,,2059210641,,9734.203,
Upper-middle-income countries,1989,,2096075553,,9785.018,
Upper-middle-income countries,1990,,2133212546,,10078.614,
Upper-middle-income countries,1991,,2167382314,,10119.048,
Upper-middle-income countries,1992,,2197406055,,10148.886,
Upper-middle-income countries,1993,,2225369861,,10216.47,
Upper-middle-income countries,1994,,2251652283,,10409.376,
Upper-middle-income countries,1995,,2277401663,,10559.08,
Upper-middle-income countries,1996,,2302891501,,10854.605,
Upper-middle-income countries,1997,,2327613637,,10940.519,
Upper-middle-income countries,1998,,2351662004,,10828.161,
Upper-middle-income countries,1999,,2375149846,,10938.77,
Upper-middle-income countries,2000,,2398658002,26.59,11252.821,518
Upper-middle-income countries,2001,,2421698836,27.85,11503.276,569.82
Upper-middle-income countries,2002,,2443169936,29.01,11999.219,602.31
Upper-middle-income countries,2003,,2464250116,32.22,13023.566,654.25
Upper-middle-income countries,2004,,2485797097,34.05,14387.095,705.45
Upper-middle-income countries,2005,,2507751547,39.41,15485.703,738.03
Upper-middle-income countries,2006,,2529346002,41.67,16445.143,799.34
Upper-middle-income countries,2007,,2550034553,50.76,17397.467,862.52
Upper-middle-income countries,2008,,2571616096,57.44,17839.809,910.83
Upper-middle-income countries,2009,,2594532094,66.65,18042.428,933.42
Upper-middle-income countries,2010,,2617657240,86.08,18959.129,1044.43
Upper-middle-income countries,2011,,2640400163,90.22,19986.812,1039.23
Upper-middle-income countries,2012,,2664517398,97.3,20570.256,1138.25
Upper-middle-income countries,2013,,2689585465,111.35,20889.156,1201.2
Upper-middle-income countries,2014,,2713983279,128.41,21118.199,1331.42
Upper-middle-income countries,2015,,2737646890,140.96,21005.172,1377.4
Upper-middle-income countries,2016,,2759890904,152.64,21078.162,1403.24
Upper-middle-income countries,2017,,2781778743,173.53,21594.814,1478.13
Upper-middle-income countries,2018,,2801804568,193.1,22165.346,1524.15
Upper-middle-income countries,2019,,2818594893,215.07,22812.102,1523.39
Upper-middle-income countries,2020,,2832101028,244.51,22790.293,1530.8
Upper-middle-income countries,2021,,2841892610,278.09,23899.275,1680.61
Upper-middle-income countries,2022,,2847730001,300.95,24421.896,1633.21
Upper-middle-income countries,2023,,2852870890,322.77,25401.498,1705.22
Upper-middle-income countries,2024,,2860329839,,26162.887,
Uruguay,1980,URY,2951956,,9163.633,
Uruguay,1981,URY,2963250,,8360.745,
Uruguay,1982,URY,2975490,,7871.122,
Uruguay,1983,URY,2988779,,6749.531,
Uruguay,1984,URY,3002495,,6620.474,
Uruguay,1985,URY,3017044,,6135.243,
Uruguay,1986,URY,3032846,,6099.952,
Uruguay,1987,URY,3049896,,6832.051,
Uruguay,1988,URY,3067957,,7911.378,
Uruguay,1989,URY,3086254,,7346.94,
Uruguay,1990,URY,3104404,,8123.448,
Uruguay,1991,URY,3122357,,7218.911,
Uruguay,1992,URY,3139704,,7791.864,
Uruguay,1993,URY,3156351,,8459.587,
Uruguay,1994,URY,3172839,,8149.5,
Uruguay,1995,URY,3189438,,7676.834,
Uruguay,1996,URY,3206329,,8188.928,
Uruguay,1997,URY,3223349,,8870.455,
Uruguay,1998,URY,3239286,,10433.256,
Uruguay,1999,URY,3254020,,10939.726,
Uruguay,2000,URY,3266212,0.04,10486.714,0
Uruguay,2001,URY,3274257,0.04,10399.644,0
Uruguay,2002,URY,3278868,0.04,8588.449,0
Uruguay,2003,URY,3281188,0.04,9268.076,0
Uruguay,2004,URY,3283157,0.04,11003.951,0
Uruguay,2005,URY,3285776,0.04,10970.989,0
Uruguay,2006,URY,3289508,0.05,11458.062,0
Uruguay,2007,URY,3295155,0.14,11381.613,0
Uruguay,2008,URY,3302184,0.87,14413.735,0.01
Uruguay,2009,URY,3310093,0.81,14728.558,0.02
Uruguay,2010,URY,3318581,1.1,13576.062,0.08
Uruguay,2011,URY,3326829,1.13,14446.414,0.09
Uruguay,2012,URY,3335406,1.32,15106.379,0.01
Uruguay,2013,URY,3345335,1.46,14380.91,0
Uruguay,2014,URY,3356343,1.92,13823.321,0
Uruguay,2015,URY,3368022,2.41,14522.445,0
Uruguay,2016,URY,3379279,2.45,14546.091,0
Uruguay,2017,URY,3388444,2.57,13547.438,0.03
Uruguay,2018,URY,3394538,2.55,13547.212,0.01
Uruguay,2019,URY,3397206,2.51,14307.822,0.12
Uruguay,2020,URY,3398966,2.73,12850.293,0
Uruguay,2021,URY,3396693,2.79,13325.694,0.01
Uruguay,2022,URY,3390913,2.52,13986.177,0
Uruguay,2023,URY,3388083,3.08,13409.495,0
Uruguay,2024,URY,3386583,3.78,,0
Uzbekistan,1985,UZB,17875337,,26072.84,
Uzbekistan,1986,UZB,18395621,,24860.992,
Uzbekistan,1987,UZB,18930068,,25176.807,
Uzbekistan,1988,UZB,19460634,,24654.627,
Uzbekistan,1989,UZB,19977192,,24853.578,
Uzbekistan,1990,UZB,20464963,,25393.666,
Uzbekistan,1991,UZB,20962908,,24432.426,
Uzbekistan,1992,UZB,21485095,,22600.035,
Uzbekistan,1993,UZB,21987960,,23018.412,
Uzbekistan,1994,UZB,22463295,,22285.578,
Uzbekistan,1995,UZB,22917588,,22120.496,
Uzbekistan,1996,UZB,23351981,,22359.395,
Uzbekistan,1997,UZB,23758961,,21802.441,
Uzbekistan,1998,UZB,24134930,,21469.545,
Uzbekistan,1999,UZB,24476013,,23744.443,
Uzbekistan,2000,UZB,24787052,0,23996.973,36.71
Uzbekistan,2001,UZB,25090289,0,23760.346,36.89
Uzbekistan,2002,UZB,25399987,0,24061.184,36.71
Uzbekistan,2003,UZB,25711261,0,21514.145,34.4
Uzbekistan,2004,UZB,26029350,0,21354.619,37.67
Uzbekistan,2005,UZB,26356977,0,21309.803,33.63
Uzbekistan,2006,UZB,26699046,0,19655.74,39.76
Uzbekistan,2007,UZB,27076013,0,20591.121,40.3
Uzbekistan,2008,UZB,27494780,0,19033.287,42.2
Uzbekistan,2009,UZB,27939333,0,18761.748,40.53
Uzbekistan,2010,UZB,28385509,0,18518.672,40.9
Uzbekistan,2011,UZB,28823194,0,19080.512,44.4
Uzbekistan,2012,UZB,29261908,0,18572.168,43.8
Uzbekistan,2013,UZB,29724065,0,18355.062,46.4
Uzbekistan,2014,UZB,30222994,0,18733.039,47.18
Uzbekistan,2015,UZB,30749349,0,17566.381,48.5
Uzbekistan,2016,UZB,31284565,0,16645.014,49.71
Uzbekistan,2017,UZB,31819172,0,16899.996,50.65
Uzbekistan,2018,UZB,32373489,0,16649.682,54.43
Uzbekistan,2019,UZB,32964700,0,16483.426,52.56
Uzbekistan,2020,UZB,33586373,0,16072.522,55.84
Uzbekistan,2021,UZB,34243696,0,16818.205,60.06
Uzbekistan,2022,UZB,34938953,0,16958.777,61.03
Uzbekistan,2023,UZB,35652311,0,16840.781,62
Uzbekistan,2024,UZB,36361859,,19129.268,
Vanuatu,1980,VUT,115683,,4489.912,
Vanuatu,1981,VUT,118268,,3832.304,
Vanuatu,1982,VUT,121051,,3744.198,
Vanuatu,1983,VUT,124013,,3654.769,
Vanuatu,1984,VUT,127125,,3575.069,
Vanuatu,1985,VUT,130375,,3973.057,
Vanuatu,1986,VUT,133737,,3609.561,
Vanuatu,1987,VUT,137206,,3108.756,
Vanuatu,1988,VUT,140769,,3925.561,
Vanuatu,1989,VUT,144410,,3350.935,
Vanuatu,1990,VUT,148073,,3268.04,
Vanuatu,1991,VUT,151807,,2665.187,
Vanuatu,1992,VUT,155619,,1363.483,
Vanuatu,1993,VUT,159475,,1327.265,
Vanuatu,1994,VUT,163328,,1295.954,
Vanuatu,1995,VUT,167155,,1266.283,
Vanuatu,1996,VUT,170926,,1241.379,
Vanuatu,1997,VUT,174638,,1212.024,
Vanuatu,1998,VUT,178322,,1186.985,
Vanuatu,1999,VUT,182056,,1162.694,
Vanuatu,2000,VUT,186290,0,2050.151,0
Vanuatu,2001,VUT,191047,0,2226.597,0
Vanuatu,2002,VUT,195871,0,2072.479,0
Vanuatu,2003,VUT,200760,0,2372.712,0
Vanuatu,2004,VUT,205720,0,1863.606,0
Vanuatu,2005,VUT,210772,0,1818.96,0
Vanuatu,2006,VUT,215939,0,1646.781,0
Vanuatu,2007,VUT,221291,0,2605.279,0
Vanuatu,2008,VUT,226908,0,2505.309,0
Vanuatu,2009,VUT,232740,0,2822.868,0
Vanuatu,2010,VUT,238256,0,2811.193,0
Vanuatu,2011,VUT,243483,0,3195.238,0
Vanuatu,2012,VUT,248894,0,2610.587,0
Vanuatu,2013,VUT,254495,0,2464.299,0
Vanuatu,2014,VUT,260247,0,2750.514,0
Vanuatu,2015,VUT,266115,0,2523.688,0
Vanuatu,2016,VUT,272097,0,2495.041,0
Vanuatu,2017,VUT,278518,0,2717.123,0
Vanuatu,2018,VUT,285273,0,3390.237,0
Vanuatu,2019,VUT,291995,0,3189.936,0
Vanuatu,2020,VUT,298867,0,3630.974,0
Vanuatu,2021,VUT,305882,0,3738.69,0
Vanuatu,2022,VUT,313061,0,3666.614,0
Vanuatu,2023,VUT,320422,0,3790.565,0
Venezuela,1900,VEN,2699561,,,
Venezuela,1901,VEN,2733334,,,
Venezuela,1902,VEN,2765603,,,
Venezuela,1903,VEN,2796321,,,
Venezuela,1904,VEN,2827377,,,
Venezuela,1905,VEN,2858773,,,
Venezuela,1906,VEN,2890514,,,
Venezuela,1907,VEN,2922603,,,
Venezuela,1908,VEN,2955044,,,
Venezuela,1909,VEN,2985778,,,
Venezuela,1910,VEN,3014767,,,
Venezuela,1911,VEN,3041974,,,
Venezuela,1912,VEN,3067360,,,
Venezuela,1913,VEN,3090886,,,
Venezuela,1914,VEN,3114587,,,
Venezuela,1915,VEN,3138467,,,
Venezuela,1916,VEN,3162525,,,
Venezuela,1917,VEN,3186762,,,
Venezuela,1918,VEN,3207396,,,
Venezuela,1919,VEN,3230354,,,
Venezuela,1920,VEN,3255672,,,
Venezuela,1921,VEN,3283389,,,
Venezuela,1922,VEN,3313541,,,
Venezuela,1923,VEN,3346167,,,
Venezuela,1924,VEN,3379114,,,
Venezuela,1925,VEN,3412385,,,
Venezuela,1926,VEN,3445984,,,
Venezuela,1927,VEN,3479914,,,
Venezuela,1928,VEN,3514178,,,
Venezuela,1929,VEN,3551599,,,
Venezuela,1930,VEN,3592246,,,
Venezuela,1931,VEN,3636191,,,
Venezuela,1932,VEN,3683506,,,
Venezuela,1933,VEN,3734264,,,
Venezuela,1934,VEN,3785723,,,
Venezuela,1935,VEN,3837890,,,
Venezuela,1936,VEN,3890776,,,
Venezuela,1937,VEN,3944391,,,
Venezuela,1938,VEN,3998745,,,
Venezuela,1939,VEN,4065897,,,
Venezuela,1940,VEN,4146367,,,
Venezuela,1941,VEN,4240690,,,
Venezuela,1942,VEN,4349420,,,
Venezuela,1943,VEN,4473129,,,
Venezuela,1944,VEN,4600356,,,
Venezuela,1945,VEN,4731202,,,
Venezuela,1946,VEN,4865770,,,
Venezuela,1947,VEN,5004165,,,
Venezuela,1948,VEN,5146496,,,
Venezuela,1949,VEN,5307595,,,
Venezuela,1950,VEN,5488858,,,
Venezuela,1951,VEN,5732604,,,
Venezuela,1952,VEN,5981378,,,
Venezuela,1953,VEN,6234772,,,
Venezuela,1954,VEN,6492813,,,
Venezuela,1955,VEN,6755819,,,
Venezuela,1956,VEN,7024324,,,
Venezuela,1957,VEN,7299445,,,
Venezuela,1958,VEN,7581981,,,
Venezuela,1959,VEN,7869228,,,
Venezuela,1960,VEN,8160087,,,
Venezuela,1961,VEN,8455921,,,
Venezuela,1962,VEN,8756880,,,
Venezuela,1963,VEN,9064019,,,
Venezuela,1964,VEN,9377715,,,
Venezuela,1965,VEN,9697793,,19745.191,
Venezuela,1966,VEN,10024858,,19282.74,
Venezuela,1967,VEN,10358514,,19676.166,
Venezuela,1968,VEN,10697538,,20559.207,
Venezuela,1969,VEN,11040279,,20141.994,
Venezuela,1970,VEN,11387795,,19711.928,
Venezuela,1971,VEN,11741013,,19437.154,
Venezuela,1972,VEN,12099184,,19938.682,
Venezuela,1973,VEN,12463539,,22145.967,
Venezuela,1974,VEN,12835356,,22245.104,
Venezuela,1975,VEN,13215889,,22469.084,
Venezuela,1976,VEN,13606286,,23863.295,
Venezuela,1977,VEN,14006819,,25834.611,
Venezuela,1978,VEN,14416680,,25647.268,
Venezuela,1979,VEN,14834551,,27480.021,
Venezuela,1980,VEN,15258225,,29900.193,
Venezuela,1981,VEN,15687305,,30169.75,
Venezuela,1982,VEN,16121876,,29939.098,
Venezuela,1983,VEN,16562202,,29040,
Venezuela,1984,VEN,17008838,,28832.889,
Venezuela,1985,VEN,17461433,,28850.604,
Venezuela,1986,VEN,17923542,,30197.506,
Venezuela,1987,VEN,18394970,,29400.266,
Venezuela,1988,VEN,18871021,,29851.281,
Venezuela,1989,VEN,19348925,,29358.807,
Venezuela,1990,VEN,19827005,,30441.045,
Venezuela,1991,VEN,20304898,,29925.848,
Venezuela,1992,VEN,20780946,,31645.076,
Venezuela,1993,VEN,21254525,,30612.648,
Venezuela,1994,VEN,21725186,,32511.959,
Venezuela,1995,VEN,22193822,,32774.762,
Venezuela,1996,VEN,22662117,,31279.631,
Venezuela,1997,VEN,23131691,,32395.189,
Venezuela,1998,VEN,23601341,,31852.307,
Venezuela,1999,VEN,24066595,,30409.537,
Venezuela,2000,VEN,24526707,0,31476.391,14.48
Venezuela,2001,VEN,24979934,0,32706.316,19.68
Venezuela,2002,VEN,25435674,0,32074.699,18.97
Venezuela,2003,VEN,25892710,0,28348.32,16.17
Venezuela,2004,VEN,26340843,0,31015.098,16.12
Venezuela,2005,VEN,26785797,0,31702.852,14.34
Venezuela,2006,VEN,27224691,0,34305.898,14.89
Venezuela,2007,VEN,27649369,0,35286.969,18.01
Venezuela,2008,VEN,28053694,0,35657.379,17.5
Venezuela,2009,VEN,28438296,0,35542.992,18.1
Venezuela,2010,VEN,28813101,0,33214.375,18.96
Venezuela,2011,VEN,29185220,0,34603.77,16.88
Venezuela,2012,VEN,29553829,0,35695.152,26.63
Venezuela,2013,VEN,29912195,0,34668.449,32.98
Venezuela,2014,VEN,30254080,0,33490.961,32.94
Venezuela,2015,VEN,30573968,0,31703.463,32.66
Venezuela,2016,VEN,30765719,0,28931.045,35.95
Venezuela,2017,VEN,30565331,0,28560.934,25.96
Venezuela,2018,VEN,29807591,0,24419.027,24.95
Venezuela,2019,VEN,28938096,0,22702.531,21.3
Venezuela,2020,VEN,28444080,0,18557.822,11.66
Venezuela,2021,VEN,28237830,0,21392.791,11.78
Venezuela,2022,VEN,28213015,0,22898.904,12.11
Venezuela,2023,VEN,28300861,0,24715.852,12.13
Venezuela,2024,VEN,28405544,,24591.875,
Vietnam,1900,VNM,11800814,,,
Vietnam,1901,VNM,12199511,,,
Vietnam,1902,VNM,12734169,,,
Vietnam,1903,VNM,13412346,,,
Vietnam,1904,VNM,14126641,,,
Vietnam,1905,VNM,14878976,,,
Vietnam,1906,VNM,15671378,,,
Vietnam,1907,VNM,16505981,,,
Vietnam,1908,VNM,17385031,,,
Vietnam,1909,VNM,18088666,,,
Vietnam,1910,VNM,18608564,,,
Vietnam,1911,VNM,18935957,,,
Vietnam,1912,VNM,19061604,,,
Vietnam,1913,VNM,18975768,,,
Vietnam,1914,VNM,18890318,,,
Vietnam,1915,VNM,18805253,,,
Vietnam,1916,VNM,18720571,,,
Vietnam,1917,VNM,18636270,,,
Vietnam,1918,VNM,18554037,,,
Vietnam,1919,VNM,18472166,,,
Vietnam,1920,VNM,18390657,,,
Vietnam,1921,VNM,18309507,,,
Vietnam,1922,VNM,18228716,,,
Vietnam,1923,VNM,18148281,,,
Vietnam,1924,VNM,18068201,,,
Vietnam,1925,VNM,17988474,,,
Vietnam,1926,VNM,17909099,,,
Vietnam,1927,VNM,17830074,,,
Vietnam,1928,VNM,17751398,,,
Vietnam,1929,VNM,17713063,,,
Vietnam,1930,VNM,17715169,,,
Vietnam,1931,VNM,17757818,,,
Vietnam,1932,VNM,17841112,,,
Vietnam,1933,VNM,17965156,,,
Vietnam,1934,VNM,18090063,,,
Vietnam,1935,VNM,18215838,,,
Vietnam,1936,VNM,18342487,,,
Vietnam,1937,VNM,18470017,,,
Vietnam,1938,VNM,18598434,,,
Vietnam,1939,VNM,18812394,,,
Vietnam,1940,VNM,19114980,,,
Vietnam,1941,VNM,19509370,,,
Vietnam,1942,VNM,19998840,,,
Vietnam,1943,VNM,20586765,,,
Vietnam,1944,VNM,21191974,,,
Vietnam,1945,VNM,21814974,,,
Vietnam,1946,VNM,22456290,,,
Vietnam,1947,VNM,23116458,,,
Vietnam,1948,VNM,23796035,,,
Vietnam,1949,VNM,24460690,,,
Vietnam,1950,VNM,25100732,,,
Vietnam,1951,VNM,25600271,,,
Vietnam,1952,VNM,26143915,,,
Vietnam,1953,VNM,26757963,,,
Vietnam,1954,VNM,27427907,,,
Vietnam,1955,VNM,28166451,,,
Vietnam,1956,VNM,28922317,,,
Vietnam,1957,VNM,29754431,,,
Vietnam,1958,VNM,30658455,,,
Vietnam,1959,VNM,31585551,,,
Vietnam,1960,VNM,32531929,,,
Vietnam,1961,VNM,33409060,,,
Vietnam,1962,VNM,34288562,,,
Vietnam,1963,VNM,35249107,,,
Vietnam,1964,VNM,36201568,,,
Vietnam,1965,VNM,37129660,,793.3,
Vietnam,1966,VNM,38024835,,1353.901,
Vietnam,1967,VNM,38895083,,1823.903,
Vietnam,1968,VNM,39734609,,1851.436,
Vietnam,1969,VNM,40582097,,2141.096,
Vietnam,1970,VNM,41475227,,2185.485,
Vietnam,1971,VNM,42449281,,1904.031,
Vietnam,1972,VNM,43429169,,1803.729,
Vietnam,1973,VNM,44409864,,1861.682,
Vietnam,1974,VNM,45413538,,1354.005,
Vietnam,1975,VNM,46482905,,1470.448,
Vietnam,1976,VNM,47684927,,829.751,
Vietnam,1977,VNM,48954875,,864.573,
Vietnam,1978,VNM,50249551,,873.743,
Vietnam,1979,VNM,51378214,,920.953,
Vietnam,1980,VNM,52490098,,1031.62,
Vietnam,1981,VNM,53738141,,1009.98,
Vietnam,1982,VNM,55011292,,1053.808,
Vietnam,1983,VNM,56337918,,1075.686,
Vietnam,1984,VNM,57706071,,1059.468,
Vietnam,1985,VNM,59060622,,1043.855,0.072
Vietnam,1986,VNM,60347044,,1107.463,0.066
Vietnam,1987,VNM,61584645,,1221.87,0.066
Vietnam,1988,VNM,62843234,,1196.885,0.064
Vietnam,1989,VNM,64147354,,1117.536,0.038
Vietnam,1990,VNM,65504551,,1177.445,0.006
Vietnam,1991,VNM,66891778,,1173.749,0.035
Vietnam,1992,VNM,68260336,,1256.847,0.006
Vietnam,1993,VNM,69586394,,1407.925,0.014
Vietnam,1994,VNM,70854393,,1544.651,0.004
Vietnam,1995,VNM,72049945,,1764.786,0.748
Vietnam,1996,VNM,73156456,,1992.616,1.097
Vietnam,1997,VNM,74226890,,2262.23,1.973
Vietnam,1998,VNM,75299665,,2411.832,3.437
Vietnam,1999,VNM,76287454,,2465.005,3.596
Vietnam,2000,VNM,77154016,0,2775.604,4.36
Vietnam,2001,VNM,77969357,0,3104.359,4.42
Vietnam,2002,VNM,78772227,0,3361.023,8.33
Vietnam,2003,VNM,79563778,0,3586.163,12.04
Vietnam,2004,VNM,80338977,0,4328.84,19.53
Vietnam,2005,VNM,81088309,0.05,4560.353,22.32
Vietnam,2006,VNM,82167901,0.06,4125.312,24.5
Vietnam,2007,VNM,83633374,0.08,4427.346,26.62
Vietnam,2008,VNM,85175789,0.05,5367.823,31.06
Vietnam,2009,VNM,86460023,0.06,5409.73,36.36
Vietnam,2010,VNM,87455148,0.05,6177.169,44.69
Vietnam,2011,VNM,88468315,0.06,6749.783,39.65
Vietnam,2012,VNM,89510355,0.06,6938.164,40.38
Vietnam,2013,VNM,90573103,0.06,7244.138,41.75
Vietnam,2014,VNM,91679582,0.06,7894.68,43.38
Vietnam,2015,VNM,92823254,0.07,8731.432,48.15
Vietnam,2016,VNM,94000115,0.12,9326.302,45.37
Vietnam,2017,VNM,95176978,0.21,9981.674,40.35
Vietnam,2018,VNM,96237319,0.49,11210.952,40.7
Vietnam,2019,VNM,97173778,0.35,12433.123,42.51
Vietnam,2020,VNM,98079196,0.34,12527.92,34.66
Vietnam,2021,VNM,98935101,0.32,12365.529,26.31
Vietnam,2022,VNM,99680656,0.38,12976.387,29.22
Vietnam,2023,VNM,100352189,0.87,13711.071,26.36
Vietnam,2024,VNM,100987685,1.03,14618.14,21.83
Wake Island (EIA),1980,,,,,
Wake Island (EIA),1981,,,,,
Wake Island (EIA),1982,,,,,
Wake Island (EIA),1983,,,,,
Wake Island (EIA),1984,,,,,
Wake Island (EIA),1985,,,,,
Wake Island (EIA),1986,,,,,
Wake Island (EIA),1987,,,,,
Wake Island (EIA),1988,,,,,
Wake Island (EIA),1989,,,,,
Wake Island (EIA),1990,,,,,
Wake Island (EIA),1991,,,,,
Wake Island (EIA),1992,,,,,
Wake Island (EIA),1993,,,,,
Wake Island (EIA),1994,,,,,
Wake Island (EIA),1995,,,,,
Wake Island (EIA),1996,,,,,
Wake Island (EIA),1997,,,,,
Wake Island (EIA),1998,,,,,
Wake Island (EIA),1999,,,,,
Wake Island (EIA),2000,,,,,
Wake Island (EIA),2001,,,,,
Wake Island (EIA),2002,,,,,
Wake Island (EIA),2003,,,,,
Wake Island (EIA),2004,,,,,
Wake Island (EIA),2005,,,,,
Wake Island (EIA),2006,,,,,
Wake Island (EIA),2007,,,,,
Wake Island (EIA),2008,,,,,
Wake Island (EIA),2009,,,,,
Wake Island (EIA),2010,,,,,
Wake Island (EIA),2011,,,,,
Wake Island (EIA),2012,,,,,
Wake Island (EIA),2013,,,,,
Wake Island (EIA),2014,,,,,
Wake Island (EIA),2015,,,,,
Wake Island (EIA),2016,,,,,
Wake Island (EIA),2017,,,,,
Wake Island (EIA),2018,,,,,
Wake Island (EIA),2019,,,,,
Wake Island (EIA),2020,,,,,
Wake Island (EIA),2021,,,,,
Wake Island (EIA),2022,,,,,
Wake Island (EIA),2023,,,,,
Wake Island (Shift),1980,,,,,
Wake Island (Shift),1981,,,,,
Wake Island (Shift),1982,,,,,
Wake Island (Shift),1983,,,,,
Wake Island (Shift),1984,,,,,
Wake Island (Shift),1985,,,,,
Wake Island (Shift),1986,,,,,
Wake Island (Shift),1987,,,,,
Wake Island (Shift),1988,,,,,
Wake Island (Shift),1989,,,,,
Wake Island (Shift),1990,,,,,
Wake Island (Shift),1991,,,,,
Wake Island (Shift),1992,,,,,
Wake Island (Shift),1993,,,,,
Wake Island (Shift),1994,,,,,
Wake Island (Shift),1995,,,,,
Wake Island (Shift),1996,,,,,
Wake Island (Shift),1997,,,,,
Wake Island (Shift),1998,,,,,
Wake Island (Shift),1999,,,,,
Wake Island (Shift),2000,,,,,
Wake Island (Shift),2001,,,,,
Wake Island (Shift),2002,,,,,
Wake Island (Shift),2003,,,,,
Wake Island (Shift),2004,,,,,
Wake Island (Shift),2005,,,,,
Wake Island (Shift),2006,,,,,
Wake Island (Shift),2007,,,,,
Wake Island (Shift),2008,,,,,
Wake Island (Shift),2009,,,,,
Wake Island (Shift),2010,,,,,
Wake Island (Shift),2011,,,,,
Wake Island (Shift),2012,,,,,
Wake Island (Shift),2013,,,,,
Wake Island (Shift),2014,,,,,
Wake Island (Shift),2015,,,,,
Wake Island (Shift),2016,,,,,
West Germany,1980,,,,,
West Germany,1981,,,,,
West Germany,1982,,,,,
West Germany,1983,,,,,
West Germany,1984,,,,,
West Germany,1985,,,,,
West Germany,1986,,,,,
West Germany,1987,,,,,
West Germany,1988,,,,,
West Germany,1989,,,,,
West Germany,1990,,63250000,,53170.547,
Western Africa (EI),1965,,,,,
Western Africa (EI),1966,,,,,
Western Africa (EI),1967,,,,,
Western Africa (EI),1968,,,,,
Western Africa (EI),1969,,,,,
Western Africa (EI),1970,,,,,
Western Africa (EI),1971,,,,,
Western Africa (EI),1972,,,,,
Western Africa (EI),1973,,,,,
Western Africa (EI),1974,,,,,
Western Africa (EI),1975,,,,,
Western Africa (EI),1976,,,,,
Western Africa (EI),1977,,,,,
Western Africa (EI),1978,,,,,
Western Africa (EI),1979,,,,,
Western Africa (EI),1980,,,,,
Western Africa (EI),1981,,,,,
Western Africa (EI),1982,,,,,
Western Africa (EI),1983,,,,,
Western Africa (EI),1984,,,,,
Western Africa (EI),1985,,,,,
Western Africa (EI),1986,,,,,
Western Africa (EI),1987,,,,,
Western Africa (EI),1988,,,,,
Western Africa (EI),1989,,,,,
Western Africa (EI),1990,,,,,
Western Africa (EI),1991,,,,,
Western Africa (EI),1992,,,,,
Western Africa (EI),1993,,,,,
Western Africa (EI),1994,,,,,
Western Africa (EI),1995,,,,,
Western Africa (EI),1996,,,,,
Western Africa (EI),1997,,,,,
Western Africa (EI),1998,,,,,
Western Africa (EI),1999,,,,,
Western Africa (EI),2000,,,,,
Western Africa (EI),2001,,,,,
Western Africa (EI),2002,,,,,
Western Africa (EI),2003,,,,,
Western Africa (EI),2004,,,,,
Western Africa (EI),2005,,,,,
Western Africa (EI),2006,,,,,
Western Africa (EI),2007,,,,,
Western Africa (EI),2008,,,,,
Western Africa (EI),2009,,,,,
Western Africa (EI),2010,,,,,
Western Africa (EI),2011,,,,,
Western Africa (EI),2012,,,,,
Western Africa (EI),2013,,,,,
Western Africa (EI),2014,,,,,
Western Africa (EI),2015,,,,,
Western Africa (EI),2016,,,,,
Western Africa (EI),2017,,,,,
Western Africa (EI),2018,,,,,
Western Africa (EI),2019,,,,,
Western Africa (EI),2020,,,,,
Western Africa (EI),2021,,,,,
Western Africa (EI),2022,,,,,
Western Africa (EI),2023,,,,,
Western Africa (EI),2024,,,,,
Western Europe (EIA),1980,,,,,
Western Europe (EIA),1981,,,,,
Western Europe (EIA),1982,,,,,
Western Europe (EIA),1983,,,,,
Western Europe (EIA),1984,,,,,
Western Europe (EIA),1985,,,,,
Western Europe (EIA),1986,,,,,
Western Europe (EIA),1987,,,,,
Western Europe (EIA),1988,,,,,
Western Europe (EIA),1989,,,,,
Western Europe (EIA),1990,,,,,
Western Europe (EIA),1991,,,,,
Western Europe (EIA),1992,,,,,
Western Europe (EIA),1993,,,,,
Western Europe (EIA),1994,,,,,
Western Europe (EIA),1995,,,,,
Western Europe (EIA),1996,,,,,
Western Europe (EIA),1997,,,,,
Western Europe (EIA),1998,,,,,
Western Europe (EIA),1999,,,,,
Western Europe (EIA),2000,,,,,
Western Europe (EIA),2001,,,,,
Western Europe (EIA),2002,,,,,
Western Europe (EIA),2003,,,,,
Western Europe (EIA),2004,,,,,
Western Europe (EIA),2005,,,,,
Western Europe (EIA),2006,,,,,
Western Europe (EIA),2007,,,,,
Western Europe (EIA),2008,,,,,
Western Europe (EIA),2009,,,,,
Western Europe (EIA),2010,,,,,
Western Europe (EIA),2011,,,,,
Western Europe (EIA),2012,,,,,
Western Europe (EIA),2013,,,,,
Western Europe (EIA),2014,,,,,
Western Europe (EIA),2015,,,,,
Western Europe (EIA),2016,,,,,
Western Europe (EIA),2017,,,,,
Western Europe (EIA),2018,,,,,
Western Europe (EIA),2019,,,,,
Western Europe (EIA),2020,,,,,
Western Europe (EIA),2021,,,,,
Western Europe (EIA),2022,,,,,
Western Europe (EIA),2023,,,,,
Western Sahara,1980,ESH,117389,,5905.749,
Western Sahara,1981,ESH,126906,,5447.936,
Western Sahara,1982,ESH,134496,,5607.811,
Western Sahara,1983,ESH,140600,,5364.354,
Western Sahara,1984,ESH,146165,,5174.252,
Western Sahara,1985,ESH,151772,,5383.605,
Western Sahara,1986,ESH,157376,,5015.136,
Western Sahara,1987,ESH,162892,,4926.183,
Western Sahara,1988,ESH,168420,,4775.837,
Western Sahara,1989,ESH,173937,,4613.37,
Western Sahara,1990,ESH,179553,,4816.106,
Western Sahara,1991,ESH,185312,,4666.435,
Western Sahara,1992,ESH,190948,,4539.602,
Western Sahara,1993,ESH,196484,,4204.993,
Western Sahara,1994,ESH,201927,,4091.646,
Western Sahara,1995,ESH,209941,,4439.337,
Western Sahara,1996,ESH,221402,,4219.767,
Western Sahara,1997,ESH,233786,,3986.547,
Western Sahara,1998,ESH,246315,,3783.769,
Western Sahara,1999,ESH,258979,,3598.79,
Western Sahara,2000,ESH,271946,0,3930.665,0
Western Sahara,2001,ESH,285197,0,3748.036,0
Western Sahara,2002,ESH,298468,0,3581.384,0
Western Sahara,2003,ESH,311791,0,3428.35,0
Western Sahara,2004,ESH,325197,0,3287.019,0
Western Sahara,2005,ESH,338704,0,3155.937,0
Western Sahara,2006,ESH,352658,0,3031.063,0
Western Sahara,2007,ESH,366874,0,2913.612,0
Western Sahara,2008,ESH,380834,0,2806.81,0
Western Sahara,2009,ESH,394959,0,2706.429,0
Western Sahara,2010,ESH,409722,,2608.912,
Western Sahara,2011,ESH,425093,,2514.576,
Western Sahara,2012,ESH,441033,,2430.333,
Western Sahara,2013,ESH,457436,,2336.783,
Western Sahara,2014,ESH,472591,,2261.847,
Western Sahara,2015,ESH,486232,,2196.526,
Western Sahara,2016,ESH,499658,,2132.682,
Western Sahara,2017,ESH,512851,,2121.294,
Western Sahara,2018,ESH,525790,,2069.092,
Western Sahara,2019,ESH,538450,,2020.443,
Western Sahara,2020,ESH,549374,,1890.821,
Western Sahara,2021,ESH,558625,,1962.096,
Western Sahara,2022,ESH,568746,,1987.782,
Western Sahara,2023,ESH,579734,,2020.287,
World,1900,,1627273655,,,
World,1901,,1639887187,,,
World,1902,,1653151632,,,
World,1903,,1667064512,,,
World,1904,,1681154888,,,
World,1905,,1695427510,,,
World,1906,,1709887300,,,
World,1907,,1724558347,,,
World,1908,,1739441480,,,
World,1909,,1753729257,,,
World,1910,,1767417985,,,
World,1911,,1780422213,,,
World,1912,,1792912374,,,
World,1913,,1804803374,,,
World,1914,,1816884694,,,
World,1915,,1829102909,,,
World,1916,,1841395693,,,
World,1917,,1853777065,,,
World,1918,,1866778878,,,
World,1919,,1880624916,,,
World,1920,,1895426673,,,
World,1921,,1910916276,,,
World,1922,,1927207651,,,
World,1923,,1944216846,,,
World,1924,,1961489200,,,
World,1925,,1979027667,,,
World,1926,,1996813608,,,
World,1927,,2014848732,,,
World,1928,,2033160306,,,
World,1929,,2052125441,,,
World,1930,,2071786711,,,
World,1931,,2092158599,,,
World,1932,,2113215566,,,
World,1933,,2134919626,,,
World,1934,,2156892673,,,
World,1935,,2179140887,,,
World,1936,,2201762907,,,
World,1937,,2224730578,,,
World,1938,,2248127325,,,
World,1939,,2270675197,,,
World,1940,,2291979566,,,
World,1941,,2312098978,,,
World,1942,,2331135363,,,
World,1943,,2349014611,,,
World,1944,,2366918849,,,
World,1945,,2384671779,,,
World,1946,,2402301767,,,
World,1947,,2421291820,,,
World,1948,,2441897177,,,
World,1949,,2467923023,,,
World,1950,,2493092852,,,
World,1951,,2536927034,,,
World,1952,,2584086340,,,
World,1953,,2634106241,,,
World,1954,,2685894857,,,
World,1955,,2740213796,,,
World,1956,,2795409991,,,
World,1957,,2852618331,,,
World,1958,,2911249671,,,
World,1959,,2965950350,,,
World,1960,,3015470889,,,
World,1961,,3064869675,,,
World,1962,,3123374312,,,
World,1963,,3192807826,,,
World,1964,,3264487343,,,
World,1965,,3334533710,,13003.41,
World,1966,,3404041131,,13434.752,
World,1967,,3473412877,,13649.56,
World,1968,,3545187246,,14173.228,
World,1969,,3619491581,,14836.449,
World,1970,,3694683794,,15475.645,
World,1971,,3769847867,,15766.833,
World,1972,,3844917684,,16308.279,
World,1973,,3920805041,,16919.395,
World,1974,,3996416100,,16689.08,
World,1975,,4070735279,,16497.584,
World,1976,,4144246382,,17070.598,
World,1977,,4217863796,,17379.928,
World,1978,,4292097499,,17748.674,
World,1979,,4368539520,,18014.863,
World,1980,,4447606240,,17539.898,
World,1981,,4528777306,,17146.965,
World,1982,,4612673415,,16753.32,
World,1983,,4697327573,,16732.732,
World,1984,,4782175518,,17174.082,
World,1985,,4868943457,,17320.572,1426.332
World,1986,,4958072839,,17385.945,1432.692
World,1987,,5049746390,,17688.301,1516.51
World,1988,,5141992540,,18021.527,1540.98
World,1989,,5234431736,,18044.754,1728.554
World,1990,,5327803106,,17991.711,1788.726
World,1991,,5418735886,,17811.609,1814.145
World,1992,,5505989815,,17636.227,1828.428
World,1993,,5591544802,,17507.65,1862.43
World,1994,,5675551258,,17467.422,1923.732
World,1995,,5758878977,,17592.896,2034.872
World,1996,,5842055730,,17844.033,2100.145
World,1997,,5924787819,,17767.602,2270.331
World,1998,,6007066691,,17621.312,2407.846
World,1999,,6089006328,,17673.488,2600.207
World,2000,,6171702992,154.44,17890.75,2745.57
World,2001,,6254936464,149.72,17824.848,2914.78
World,2002,,6337730343,162.96,17970.854,3104.81
World,2003,,6420361633,176.51,18355.602,3255.5
World,2004,,6503377774,192.54,19042.68,3503.08
World,2005,,6586970132,212.86,19422.695,3680.54
World,2006,,6671452019,226.7,19708.033,3900.59
World,2007,,6757308776,249.26,20069.822,4219.27
World,2008,,6844457659,266.33,20049.713,4360.99
World,2009,,6932766416,286.47,19477.537,4382.35
World,2010,,7021732143,327.14,20166.256,4807.86
World,2011,,7110923773,345.19,20378.969,4865.93
World,2012,,7201202478,374.14,20413.594,5161.35
World,2013,,7291793585,406.59,20516.178,5058.36
World,2014,,7381616239,442.78,20488.625,5214.12
World,2015,,7470491876,472.27,20394.59,5539.88
World,2016,,7558554527,482.45,20403.568,5849.92
World,2017,,7645617952,507.88,20616.426,5973.6
World,2018,,7729902779,538.3,20932.492,6224.56
World,2019,,7811293699,566.7,20956.146,6401.28
World,2020,,7887001289,601.76,20032.188,6382.39
World,2021,,7954448387,655.68,20874.295,6557.35
World,2022,,8021407196,669.79,21076.293,6629.74
World,2023,,8091734933,682.62,21285.768,6715.88
World,2024,,8161972574,704.81,21653.723,6900.36
Yemen,1980,YEM,9543358,,2932.513,
Yemen,1981,YEM,9882368,,2886.937,
Yemen,1982,YEM,10241006,,3270.33,
Yemen,1983,YEM,10621498,,2919.609,
Yemen,1984,YEM,11025596,,3497.182,
Yemen,1985,YEM,11453825,,3736.276,
Yemen,1986,YEM,11901045,,3460.377,
Yemen,1987,YEM,12369914,,3301.447,
Yemen,1988,YEM,12859720,,3275.502,
Yemen,1989,YEM,13364180,,3366.505,
Yemen,1990,YEM,13887863,,3388.566,
Yemen,1991,YEM,14430205,,3374.933,
Yemen,1992,YEM,14989497,,3405.6,
Yemen,1993,YEM,15563919,,2702.522,
Yemen,1994,YEM,16149147,,2466.609,
Yemen,1995,YEM,16740057,,2638.639,
Yemen,1996,YEM,17313181,,2566.466,
Yemen,1997,YEM,17873943,,2564.887,
Yemen,1998,YEM,18446015,,2691.013,
Yemen,1999,YEM,19029421,,1958.533,
Yemen,2000,YEM,19624139,0,3064.459,0
Yemen,2001,YEM,20226146,0,3199.455,0
Yemen,2002,YEM,20835092,0,3133.165,0
Yemen,2003,YEM,21456379,0,3488.21,0
Yemen,2004,YEM,22095161,0,3576.496,0
Yemen,2005,YEM,22790082,0,3654.446,0
Yemen,2006,YEM,23543090,0,3534.53,0
Yemen,2007,YEM,24318090,0,3633.252,0
Yemen,2008,YEM,25111941,0,3694.533,0
Yemen,2009,YEM,25927723,0,3964.094,0
Yemen,2010,YEM,26754383,0,3727.731,2.06
Yemen,2011,YEM,27582902,0,3038.008,1.34
Yemen,2012,YEM,28433655,0,2553.602,2.22
Yemen,2013,YEM,29312955,0,3495.781,2.72
Yemen,2014,YEM,30226311,0,3208.763,2.95
Yemen,2015,YEM,31159378,0,1674.842,2.26
Yemen,2016,YEM,32109023,0,1297.834,1.58
Yemen,2017,YEM,33090923,0,1159.859,0.95
Yemen,2018,YEM,34085181,0,1109.118,0.32
Yemen,2019,YEM,35111416,0,1085.564,0.32
Yemen,2020,YEM,36134867,0,918.665,0.41
Yemen,2021,YEM,37140234,0,863.311,0.63
Yemen,2022,YEM,38222878,0,893.955,0.54
Yemen,2023,YEM,39390800,0,875.518,0.55
Yemen,2024,YEM,40583173,,,
Yugoslavia,1900,,11170000,,,
Yugoslavia,1901,,,,,
Yugoslavia,1902,,,,,
Yugoslavia,1903,,,,,
Yugoslavia,1904,,,,,
Yugoslavia,1905,,,,,
Yugoslavia,1906,,,,,
Yugoslavia,1907,,,,,
Yugoslavia,1908,,,,,
Yugoslavia,1909,,,,,
Yugoslavia,1910,,13050000,,,
Yugoslavia,1911,,,,,
Yugoslavia,1912,,,,,
Yugoslavia,1913,,13590000,,,
Yugoslavia,1914,,,,,
Yugoslavia,1915,,,,,
Yugoslavia,1916,,,,,
Yugoslavia,1917,,,,,
Yugoslavia,1918,,,,,
Yugoslavia,1919,,,,,
Yugoslavia,1920,,12420000,,,
Yugoslavia,1921,,12610000,,,
Yugoslavia,1922,,12800000,,,
Yugoslavia,1923,,12990000,,,
Yugoslavia,1924,,13180000,,,
Yugoslavia,1925,,13380000,,,
Yugoslavia,1926,,13580000,,,
Yugoslavia,1927,,13780000,,,
Yugoslavia,1928,,13990000,,,
Yugoslavia,1929,,14190000,,,
Yugoslavia,1930,,14410000,,,
Yugoslavia,1931,,14620000,,,
Yugoslavia,1932,,14820000,,,
Yugoslavia,1933,,15020000,,,
Yugoslavia,1934,,15230000,,,
Yugoslavia,1935,,15440000,,,
Yugoslavia,1936,,15650000,,,
Yugoslavia,1937,,15860000,,,
Yugoslavia,1938,,16080000,,,
Yugoslavia,1939,,16300000,,,
Yugoslavia,1940,,16300000,,,
Yugoslavia,1941,,,,,
Yugoslavia,1942,,,,,
Yugoslavia,1943,,,,,
Yugoslavia,1944,,,,,
Yugoslavia,1945,,,,,
Yugoslavia,1946,,,,,
Yugoslavia,1947,,15600000,,,
Yugoslavia,1948,,15820000,,,
Yugoslavia,1949,,16040000,,,
Yugoslavia,1950,,16300000,,,
Yugoslavia,1951,,16520000,,,
Yugoslavia,1952,,16710000,,,
Yugoslavia,1953,,16940000,,,
Yugoslavia,1954,,17150000,,,
Yugoslavia,1955,,17360000,,,
Yugoslavia,1956,,17510000,,,
Yugoslavia,1957,,17660000,,,
Yugoslavia,1958,,17800000,,,
Yugoslavia,1959,,17970000,,,
Yugoslavia,1960,,18130000,,,
Yugoslavia,1961,,18320000,,,
Yugoslavia,1962,,18500000,,,
Yugoslavia,1963,,18680000,,,
Yugoslavia,1964,,18850000,,,
Yugoslavia,1965,,19040000,,,
Yugoslavia,1966,,19220000,,,
Yugoslavia,1967,,19390000,,,
Yugoslavia,1968,,19550000,,,
Yugoslavia,1969,,19700000,,,
Yugoslavia,1970,,19840000,,,
Yugoslavia,1971,,20010000,,,
Yugoslavia,1972,,20200000,,,
Yugoslavia,1973,,20370000,,,
Yugoslavia,1974,,20550000,,,
Yugoslavia,1975,,20730000,,,
Yugoslavia,1976,,20930000,,,
Yugoslavia,1977,,21130000,,,
Yugoslavia,1978,,21310000,,,
Yugoslavia,1979,,21490000,,,
Yugoslavia,1980,,21620000,,25099.291,
Yugoslavia,1981,,21710000,,28143.51,
Yugoslavia,1982,,21880000,,28888.857,
Yugoslavia,1983,,22020000,,29719.5,
Yugoslavia,1984,,22090000,,33793.211,
Yugoslavia,1985,,22220000,,35246.48,
Yugoslavia,1986,,22340000,,34600.039,
Yugoslavia,1987,,22440000,,35318.977,
Yugoslavia,1988,,22540000,,35449.941,
Yugoslavia,1989,,22630000,,35750.879,
Yugoslavia,1990,,22720000,,35309.93,
Yugoslavia,1991,,23070000,,30920.125,
Zambia,1900,ZMB,1612918,,,
Zambia,1901,ZMB,1605378,,,
Zambia,1902,ZMB,1596265,,,
Zambia,1903,ZMB,1585596,,,
Zambia,1904,ZMB,1574998,,,
Zambia,1905,ZMB,1564469,,,
Zambia,1906,ZMB,1554010,,,
Zambia,1907,ZMB,1543620,,,
Zambia,1908,ZMB,1533299,,,
Zambia,1909,ZMB,1523652,,,
Zambia,1910,ZMB,1514671,,,
Zambia,1911,ZMB,1506348,,,
Zambia,1912,ZMB,1498676,,,
Zambia,1913,ZMB,1491647,,,
Zambia,1914,ZMB,1484651,,,
Zambia,1915,ZMB,1477686,,,
Zambia,1916,ZMB,1470754,,,
Zambia,1917,ZMB,1463853,,,
Zambia,1918,ZMB,1457998,,,
Zambia,1919,ZMB,1457662,,,
Zambia,1920,ZMB,1462906,,,
Zambia,1921,ZMB,1473791,,,
Zambia,1922,ZMB,1490380,,,
Zambia,1923,ZMB,1512735,,,
Zambia,1924,ZMB,1535427,,,
Zambia,1925,ZMB,1558458,,,
Zambia,1926,ZMB,1581835,,,
Zambia,1927,ZMB,1605562,,,
Zambia,1928,ZMB,1629646,,,
Zambia,1929,ZMB,1653755,,,
Zambia,1930,ZMB,1677885,,,
Zambia,1931,ZMB,1702032,,,
Zambia,1932,ZMB,1726191,,,
Zambia,1933,ZMB,1750358,,,
Zambia,1934,ZMB,1774863,,,
Zambia,1935,ZMB,1799711,,,
Zambia,1936,ZMB,1824907,,,
Zambia,1937,ZMB,1850456,,,
Zambia,1938,ZMB,1876362,,,
Zambia,1939,ZMB,1904174,,,
Zambia,1940,ZMB,1933946,,,
Zambia,1941,ZMB,1965735,,,
Zambia,1942,ZMB,1999596,,,
Zambia,1943,ZMB,2035589,,,
Zambia,1944,ZMB,2072230,,,
Zambia,1945,ZMB,2109530,,,
Zambia,1946,ZMB,2147501,,,
Zambia,1947,ZMB,2186156,,,
Zambia,1948,ZMB,2225507,,,
Zambia,1949,ZMB,2269541,,,
Zambia,1950,ZMB,2321310,,,
Zambia,1951,ZMB,2393306,,,
Zambia,1952,ZMB,2467263,,,
Zambia,1953,ZMB,2543546,,,
Zambia,1954,ZMB,2622276,,,
Zambia,1955,ZMB,2703549,,,
Zambia,1956,ZMB,2787416,,,
Zambia,1957,ZMB,2874074,,,
Zambia,1958,ZMB,2963872,,,
Zambia,1959,ZMB,3057056,,,
Zambia,1960,ZMB,3153730,,,
Zambia,1961,ZMB,3254085,,,
Zambia,1962,ZMB,3358098,,,
Zambia,1963,ZMB,3465914,,,
Zambia,1964,ZMB,3577015,,,
Zambia,1965,ZMB,3692088,,,
Zambia,1966,ZMB,3812003,,,
Zambia,1967,ZMB,3936350,,,
Zambia,1968,ZMB,4065601,,,
Zambia,1969,ZMB,4197117,,,
Zambia,1970,ZMB,4321726,,,
Zambia,1971,ZMB,4442528,,,
Zambia,1972,ZMB,4569311,,,
Zambia,1973,ZMB,4702694,,,
Zambia,1974,ZMB,4842750,,,
Zambia,1975,ZMB,4990087,,,
Zambia,1976,ZMB,5143847,,,
Zambia,1977,ZMB,5302477,,,
Zambia,1978,ZMB,5465379,,,
Zambia,1979,ZMB,5631734,,,
Zambia,1980,ZMB,5802841,,3548.673,
Zambia,1981,ZMB,5983299,,3152.005,
Zambia,1982,ZMB,6178638,,3110.793,
Zambia,1983,ZMB,6381045,,2950.522,
Zambia,1984,ZMB,6580497,,2748.571,
Zambia,1985,ZMB,6780953,,2589.924,
Zambia,1986,ZMB,6986475,,2535.047,
Zambia,1987,ZMB,7191285,,2473.415,
Zambia,1988,ZMB,7391450,,2550.027,
Zambia,1989,ZMB,7589226,,2222.641,
Zambia,1990,ZMB,7786163,,2197.794,
Zambia,1991,ZMB,7981653,,1982.549,
Zambia,1992,ZMB,8176677,,2074.009,
Zambia,1993,ZMB,8373920,,1861.989,
Zambia,1994,ZMB,8576270,,1796.89,
Zambia,1995,ZMB,8785768,,1588.593,
Zambia,1996,ZMB,9004059,,1551.084,
Zambia,1997,ZMB,9237064,,1626.053,
Zambia,1998,ZMB,9482414,,1592.174,
Zambia,1999,ZMB,9740013,,1416.589,
Zambia,2000,ZMB,10017633,0,1376.618,0
Zambia,2001,ZMB,10325186,0,1418.795,0
Zambia,2002,ZMB,10647955,0,1460.295,0
Zambia,2003,ZMB,10983604,0,1498.404,0
Zambia,2004,ZMB,11338201,0,1505.365,0
Zambia,2005,ZMB,11718819,0,1537.164,0
Zambia,2006,ZMB,12129560,0,1506.22,0
Zambia,2007,ZMB,12565093,0,1315.964,0
Zambia,2008,ZMB,13021327,0,1383.14,0
Zambia,2009,ZMB,13490395,0,1346.453,0
Zambia,2010,ZMB,13965592,0,1352.324,0
Zambia,2011,ZMB,14437796,0,1502.844,0
Zambia,2012,ZMB,14913631,0,1610.536,0
Zambia,2013,ZMB,15399000,0,1627.473,0
Zambia,2014,ZMB,15895320,0.07,1736.249,0
Zambia,2015,ZMB,16399092,0.07,1731.999,0
Zambia,2016,ZMB,16914428,0.08,1727.783,0
Zambia,2017,ZMB,17441328,0.08,1958.433,0
Zambia,2018,ZMB,17973574,0.07,2070.469,0
Zambia,2019,ZMB,18513839,0.07,1962.268,0
Zambia,2020,ZMB,19059394,0.08,2019.728,0
Zambia,2021,ZMB,19603610,0.08,2106.333,0
Zambia,2022,ZMB,20152935,0.08,1986.802,0
Zambia,2023,ZMB,20723967,0.08,2422.26,0
Zambia,2024,ZMB,21314962,,,
Zimbabwe,1900,ZWE,1111376,,,
Zimbabwe,1901,ZWE,1127021,,,
Zimbabwe,1902,ZWE,1144303,,,
Zimbabwe,1903,ZWE,1163263,,,
Zimbabwe,1904,ZWE,1182536,,,
Zimbabwe,1905,ZWE,1202129,,,
Zimbabwe,1906,ZWE,1222046,,,
Zimbabwe,1907,ZWE,1242294,,,
Zimbabwe,1908,ZWE,1262877,,,
Zimbabwe,1909,ZWE,1283555,,,
Zimbabwe,1910,ZWE,1304325,,,
Zimbabwe,1911,ZWE,1325186,,,
Zimbabwe,1912,ZWE,1346136,,,
Zimbabwe,1913,ZWE,1367170,,,
Zimbabwe,1914,ZWE,1388533,,,
Zimbabwe,1915,ZWE,1410230,,,
Zimbabwe,1916,ZWE,1432265,,,
Zimbabwe,1917,ZWE,1454646,,,
Zimbabwe,1918,ZWE,1477198,,,
Zimbabwe,1919,ZWE,1501779,,,
Zimbabwe,1920,ZWE,1528456,,,
Zimbabwe,1921,ZWE,1557297,,,
Zimbabwe,1922,ZWE,1588373,,,
Zimbabwe,1923,ZWE,1621755,,,
Zimbabwe,1924,ZWE,1655839,,,
Zimbabwe,1925,ZWE,1690639,,,
Zimbabwe,1926,ZWE,1726171,,,
Zimbabwe,1927,ZWE,1762449,,,
Zimbabwe,1928,ZWE,1799490,,,
Zimbabwe,1929,ZWE,1836997,,,
Zimbabwe,1930,ZWE,1874974,,,
Zimbabwe,1931,ZWE,1913425,,,
Zimbabwe,1932,ZWE,1952352,,,
Zimbabwe,1933,ZWE,1991759,,,
Zimbabwe,1934,ZWE,2031962,,,
Zimbabwe,1935,ZWE,2072976,,,
Zimbabwe,1936,ZWE,2114819,,,
Zimbabwe,1937,ZWE,2157505,,,
Zimbabwe,1938,ZWE,2201053,,,
Zimbabwe,1939,ZWE,2245025,,,
Zimbabwe,1940,ZWE,2289421,,,
Zimbabwe,1941,ZWE,2334240,,,
Zimbabwe,1942,ZWE,2379481,,,
Zimbabwe,1943,ZWE,2425144,,,
Zimbabwe,1944,ZWE,2471683,,,
Zimbabwe,1945,ZWE,2519116,,,
Zimbabwe,1946,ZWE,2567459,,,
Zimbabwe,1947,ZWE,2616729,,,
Zimbabwe,1948,ZWE,2666945,,,
Zimbabwe,1949,ZWE,2725021,,,
Zimbabwe,1950,ZWE,2790908,,,
Zimbabwe,1951,ZWE,2880901,,,
Zimbabwe,1952,ZWE,2972913,,,
Zimbabwe,1953,ZWE,3067172,,,
Zimbabwe,1954,ZWE,3163884,,,
Zimbabwe,1955,ZWE,3263221,,,
Zimbabwe,1956,ZWE,3365533,,,
Zimbabwe,1957,ZWE,3471158,,,
Zimbabwe,1958,ZWE,3580185,,,
Zimbabwe,1959,ZWE,3692810,,,
Zimbabwe,1960,ZWE,3809392,,,
Zimbabwe,1961,ZWE,3930402,,,
Zimbabwe,1962,ZWE,4055968,,,
Zimbabwe,1963,ZWE,4185875,,,
Zimbabwe,1964,ZWE,4320004,,,
Zimbabwe,1965,ZWE,4458457,,,
Zimbabwe,1966,ZWE,4601223,,,
Zimbabwe,1967,ZWE,4748309,,,
Zimbabwe,1968,ZWE,4900440,,,
Zimbabwe,1969,ZWE,5058185,,,
Zimbabwe,1970,ZWE,5215919,,,
Zimbabwe,1971,ZWE,5374719,,,
Zimbabwe,1972,ZWE,5542444,,,
Zimbabwe,1973,ZWE,5720413,,,
Zimbabwe,1974,ZWE,5908337,,,
Zimbabwe,1975,ZWE,6098653,,,
Zimbabwe,1976,ZWE,6287107,,,
Zimbabwe,1977,ZWE,6449517,,,
Zimbabwe,1978,ZWE,6543573,,,
Zimbabwe,1979,ZWE,6647557,,,
Zimbabwe,1980,ZWE,7041304,,4736.804,
Zimbabwe,1981,ZWE,7498641,,4443.625,
Zimbabwe,1982,ZWE,7796503,,4126.701,
Zimbabwe,1983,ZWE,8098408,,4091.252,
Zimbabwe,1984,ZWE,8391494,,4026.671,
Zimbabwe,1985,ZWE,8686815,,4212.731,
Zimbabwe,1986,ZWE,8982579,,4627.312,
Zimbabwe,1987,ZWE,9284649,,5289.085,
Zimbabwe,1988,ZWE,9583099,,5018.639,
Zimbabwe,1989,ZWE,9864797,,5168.581,
Zimbabwe,1990,ZWE,10137287,,5285.355,
Zimbabwe,1991,ZWE,10404820,,5322.644,
Zimbabwe,1992,ZWE,10702697,,4835.014,
Zimbabwe,1993,ZWE,10860285,,4788.294,
Zimbabwe,1994,ZWE,10873146,,4589.044,
Zimbabwe,1995,ZWE,10974607,,4468.633,
Zimbabwe,1996,ZWE,11158364,,4463.457,
Zimbabwe,1997,ZWE,11369833,,4330.922,
Zimbabwe,1998,ZWE,11594299,,4325.86,
Zimbabwe,1999,ZWE,11783454,,4769.782,
Zimbabwe,2000,ZWE,11892055,0,4353.113,0
Zimbabwe,2001,ZWE,11971904,0,4088.377,0
Zimbabwe,2002,ZWE,12087661,0,3903.67,0
Zimbabwe,2003,ZWE,12232324,0,3491.063,0
Zimbabwe,2004,ZWE,12365901,0,3125.507,0
Zimbabwe,2005,ZWE,12483433,0,3325.657,0
Zimbabwe,2006,ZWE,12636442,0.1,3268.948,0
Zimbabwe,2007,ZWE,12804062,0.06,3140.087,0
Zimbabwe,2008,ZWE,12959154,0.08,2401.123,0
Zimbabwe,2009,ZWE,13142791,0.06,2379.03,0
Zimbabwe,2010,ZWE,13356551,0.07,2653.333,0
Zimbabwe,2011,ZWE,13595421,0.09,2995.437,0
Zimbabwe,2012,ZWE,13817887,0.12,3245.741,0
Zimbabwe,2013,ZWE,14013811,0.13,3313.16,0
Zimbabwe,2014,ZWE,14207367,0.01,3144.667,0
Zimbabwe,2015,ZWE,14399008,0.04,3187.191,0
Zimbabwe,2016,ZWE,14600297,0.23,2865.785,0
Zimbabwe,2017,ZWE,14812484,0.15,2598.589,0
Zimbabwe,2018,ZWE,15034457,0.19,2897.939,0
Zimbabwe,2019,ZWE,15271377,0.19,2603.881,0
Zimbabwe,2020,ZWE,15526887,0.1,2163.068,0
Zimbabwe,2021,ZWE,15797220,0.11,2382.434,0
Zimbabwe,2022,ZWE,16069061,0.11,3633.067,0
Zimbabwe,2023,ZWE,16340829,0.12,3181.361,0
Zimbabwe,2024,ZWE,16634366,,,
